Sr No	Date 	Startup Name	Industry Vertical	SubVertical	City Location	Investors Name	InvestmentnType	Amount Clean	Is _disclosed
1	09-01-20	BYJU’S	E-Tech	E-learning	Bengaluru	Tiger Global Management	Private Equity Round	"20,00,00,000"	Yes
2	13-01-20	Shuttl	Transportation	App based shuttle service	Gurgaon	Susquehanna Growth Equity	Series C	"80,48,394"	Yes
3	09-01-20	Mamaearth	E-commerce	Retailer of baby and toddler products	Bengaluru	Sequoia Capital India	Series B	"1,83,58,860"	Yes
4	02-01-20	Wealthbucket	FinTech	Online Investment	New Delhi	Vinod Khatumal	Pre-series A	"30,00,000"	Yes
5	02-01-20	Fashor	Fashion and Apparel	Embroiled Clothes For Women	Mumbai	Sprout Venture Partners	Seed Round	"18,00,000"	Yes
6	13-01-20	Pando	Logistics	"Open-market, freight management platform"	Chennai	Chiratae Ventures	Series A	"90,00,000"	Yes
7	10-01-20	Zomato	Hospitality	Online Food Delivery Platform	Gurgaon	Ant Financial	Private Equity Round	"15,00,00,000"	Yes
8	12-12-19	Ecozen	Technology	Agritech	Pune	Sathguru Catalyzer Advisors	Series A	"60,00,000"	Yes
9	06-12-19	CarDekho	E-Commerce	Automobile	Gurgaon	Ping An Global Voyager Fund	Series D	"7,00,00,000"	Yes
10	03-12-19	Dhruva Space	Aerospace	Satellite Communication	Bengaluru	"Mumbai Angels, Ravikanth Reddy"	Seed	"5,00,00,000"	Yes
11	13-12-19	Rivigo	Technology	Logistics Services and Solutions	Gurgaon	"SAIF Partners, Spring Canter Investment Ltd."	Series F	"2,00,00,000"	Yes
12	17-12-19	Healthians	B2B-focused foodtech startup	Food Solutions For Corporate	Bengaluru	"Paytm, NPTK, Sabre Partners and Neoplux"	Series C	"1,20,00,000"	Yes
13	16-12-19	Licious	E-Commerce	Online Meat And Seafood Ordering Startup	Bengaluru	Vertex Growth Fund	Series E	"3,00,00,000"	Yes
14	16-12-19	InCred	Finance	Non-Banking Financial Company	Mumbai		Debt Funding	"59,00,000"	Yes
15	14-12-19	Trell	Video	Experience Discovery Platform	Bengaluru	Ruizheng Investment	Seed Round	"20,00,000"	Yes
16	11-12-19	Rein Games	Gaming	Real money based gaming startup	Noida	Manipal Education and Medical Group (MEMG)	Seed Round	"5,00,00,000"	Yes
17	20-12-19	Lenskart.com	E-Commerce	Online Eyewear Shopping Portal	Faridabad	SoftBank Vision Fund	Series G	"23,10,00,000"	Yes
18	13-11-19	Freshworks	Software	Business and customer engagement tools	San Francisco	"Sequoia, CapitalG, Accel"	Series H	"15,00,00,000"	Yes
19	14-11-19	Misters	Health and wellness	Men's Health and Wellness brand	Gurgaon	"Sauce.vc, Rainforest Ventures"	Series B	"4,86,000"	Yes
20	13-11-19	Sunstone Eduversity Pvt. Ltd	Education	Elearning	Gurgaon	"Prime Venture Partners, LetsVenture, PS1 Venture and GlobalLogic co-founder Rajul Garg"	Seed	"15,00,000"	Yes
21	17-11-19	Burger Singh	Food and Beverage	Indian Burger Brand	Gurgaon	RB Investments	Venture		No
22	18-11-19	Healthians	Health and Wellness	Healthcare services	Gurgaon	"DG Daiwa Ventures, DG Incubation"	Series B	"1,20,00,000"	Yes
23	15-11-19	Ninjacart	B2B Marketing	Agritech	Bengaluru	Trifecta Capital Advisors	Debt Funding	"2,60,00,000"	Yes
24	20-11-19	Aye Finance	FinTech	Financial Services To MSMEs	Gurgaon	FinTech	Debt Funding	"1,74,11,265"	Yes
25	12-11-19	SuperGaming	Video Games	Social gaming platform	Pune	Dream Incubator	Seed Funding	"13,00,000"	Yes
26	20-11-19	Clumio	SaaS	Recovery software	San Jose	"Altimeter Capital, Sutter Hill Ventures"	Series C	"13,50,00,000"	Yes
27	11-11-19	eBikeGo	Last Mile Transportation	Electric bike rental	Amritsar	Startup Buddy	Seed	"3,00,000"	Yes
28	19-11-19	Digital Mall Asia	E-Commerce	Virtual e-commerce platform	New Delhi	Amour Infrastructure	Seed Funding	"22,00,00,000"	Yes
29	18-11-19	Medikabazaar	Healthcare	B2B platform for medical supplies	Mumbai	"Ackermans & van Haaren, HealthQuad, Rebright Partners, Toppan Printing"	Series B	"1,58,00,000"	Yes
30	15-11-19	Vogo Automotive	Last Mile Transportation	Scooter sharing app	Bengaluru	"Matrix Partners, Stellaris Venture Partners, Kalaari Capital"	Series B	"28,30,00,000"	Yes
31	19-11-19	Furtados School of Music	Education	Music Education	Tulangan	IAN Fund and DSG Consumer Partners		"20,00,00,000"	Yes
32	25-11-19	Paytm	FinTech	Mobile Wallet	Noida	Vijay Shekhar Sharma	Funding Round	"1,00,00,00,000"	Yes
33	04-10-19	Dunzo	Customer Service	Delivery Service	Bengaluru	Lightbox	Series D	"4,50,00,000"	Yes
34	02-10-19	Udaan	B2B	Business development	Bengaluru	"Altimeter Capital, DST Global"	Series D	"58,50,00,000"	Yes
35	21-10-19	The Man Company	Consumer Goods	Beauty and Grooming	Gurgaon	Ayushmann Khurana	Corporate Round		No
36	05-09-19	FPL Technologies	FinTech	Financial Services	Pune	"Matrix Partners India, Sequoia India"	Maiden Round	"45,00,000"	Yes
37	04-09-19	Cashflo	FinTech	Invoice discounting platform and SME lending marketplace	Mumbai	SAIF Partners	Series A	"33,00,000"	Yes
38	04-09-19	Digital F5	"Advertising, Marketing"	Digital marketing firm	Mumbai	TIW Private Equity	Private Equity Round	"60,00,000"	Yes
39	04-09-19	3rdFlix	SaaS	Education Technology	Hyderabad	Exfinity Venture Partners	pre-series A	"50,00,000"	Yes
40	04-09-19	75F	IoT	Building automation system	Burnsville	Breakthrough Energy Ventures	Series A	"1,80,00,000"	Yes
41	04-09-19	Myelin Foundry	Information Technology	Deep-technology	Bengaluru	Endiya Partners	Seed	"10,00,000"	Yes
42	04-09-19	Atomberg Technology	Consumer Technology	"Consumer Electronics, Home Appliances"	Mumbai	A91 Partners	Series A	"1,00,00,000"	Yes
43	04-09-19	GOQii	Health and Wellness	Wearable Fitness Bands	Menlo Park	Bennett Coleman and Company Ltd (BCCL)	Series C	"45,00,00,000"	Yes
44	03-09-19	Vyapar App	Accounting	Mobile-based Accounting Software	Bengaluru	"India Quotient, Axilor Ventures"	Series A	"50,00,000"	Yes
45	01-08-19	CarDekho	E-Commerce	Automotive	Gurgaon	SC GG India Mobility Holdings LLC	Series C	"2,00,00,000"	Yes
46	01-08-19	Progcap	Finance	Supply Chain Management	New Delhi	Sequoia India	Series A	"50,00,000"	Yes
47	01-08-19	MyPetrolPump	Retail	Fuel Delivery	Bengaluru		Seed Funding Round	"16,00,000"	Yes
48	01-08-19	Alteria Capital	Finance	VC Funds	Mumbai	"Azim Premji, Binny Bansal"	Single Venture	"14,00,00,000"	Yes
49	01-08-19	Pine Labs	Information Technology	Last-mile retail transaction technology	Noida	Pine Labs Pte Ltd	Corporate Round	"3,80,80,000"	Yes
50	12-08-19	Meesho	E-Commerce	Social Commerce	Bengaluru	Naspers	Series D	"12,50,00,000"	Yes
51	13-08-19	Cars24	E-Commerce	Car Retail	Gurgoan	MS Dhoni	Series D	"1,10,00,000"	Yes
52	13-08-19	Uniphore	Customer Service Platform	Conversational AI	Palo Alto	March Capital Partners	Series C	"5,10,00,000"	Yes
53	23-08-19	Zendrive	Automotive	Road Safety Analytics	San Francisco	XL Innovate	Series B	"3,70,00,000"	Yes
54	23-08-19	Lo! Foods	Consumer Goods	Low carb food for Diabetics	Bengaluru	"Rashmi Daga (founder, FreshMenu), Raveen Sastry (co-founder, Myntra) and Mitesh Shah (finance chief, BookMyShow)"	Seed Round	"5,00,000"	Yes
55	23-08-19	Tala	FinTech	Digital Lending Platform	Santa Monica	RPS Ventures	Series D	"11,00,00,000"	Yes
56	22-08-19	INDwealth	FinTech	Wealth Management	Gurgaon	Tiger Global Management	Venture Round	"1,50,00,000"	Yes
57	21-08-19	HungerBox	Food and Beverage	B2B Foodtech	Bengaluru	One97 Communications Ltd.	Series C	"65,90,000"	Yes
58	23-08-19	AdmitKard	EdTech	University Admissions	Noida	Growth DNA	Seed Round	"10,00,000"	Yes
59	19-08-19	Mishry Reviews	Services	Product Review	Gurgaon	Vir Sanghvi	Series A		No
60	19-08-19	Grofers	E-Commerce	Grocery Delivery	Gurgaon	Softbank Vision Fund	Series F	"7,00,00,000"	Yes
61	27-08-19	Rapido Bike Taxi	Transportation	Bike Taxi	Bengaluru	Westbridge Capital	Series B	"3,90,00,00,000"	Yes
62	02-07-19	RenewBuy	Finance	Auto Insurance	Gurgaon	"Lok Capital, IIFL Wealth"	Series B	"1,90,00,000"	Yes
63	02-07-19	Atlan	Information Technology	Big Data	Singapore	WaterBridge Ventures	Pre-Series A	"25,00,000"	Yes
64	01-07-19	WizCounsel	Compliance	Consulting	New Delhi	Kapil Dev	Angel	"1,45,000"	Yes
65	03-07-19	Ola Cabs	Transport	Cabs	Bengaluru	"DIG Investment Ab, Deshe Holdings, Samih Toukan and Hussam Khoury"	Series J	"10,00,000"	Yes
66	01-07-19	Uniphore	Artificial Intelligence	Speech Recognition	Chennai	March Capital Partners	Series C	"3,80,80,000"	Yes
67	04-07-19	Daalchini Technologies	Food and Beverage	Digital Vending Machine	New Delhi	Artha Venture	Seed Round	"5,00,000"	Yes
68	10-07-19	"""BYJU\\'S"""	EdTech	Education	Bengaluru	Qatar Investment Authority	Private Equity Round	"15,00,00,000"	Yes
69	11-07-19	Moglix	E-Commerce	Industrial Tools and Equipments	Singapore	"Composite Capital Management, Sequoia Capital India, Tiger Global Management"	Series D	"6,00,00,000"	Yes
70	10-07-19	Ezyhaul	Tech	Logistics	Singapore	Undisclosed	Series B	"1,60,00,000"	Yes
71	10-07-19	Indus OS	Tech	Smartphone Operating System	Mumbai	Ventureast	Series B	"57,50,000"	Yes
72	10-07-19	HealthAssure	Health Care	Primary care medical network	Mumbai	Blume Ventures	Series A	"25,00,000"	Yes
73	09-07-19	House of Msasaba	Luxury Label	Clothes and Apparel	Mumbai	Binny Bansal	Series A	"10,00,000"	Yes
74	08-07-19	Board Infinity	EdTech	Full-stack career platform	Mumbai	Multiple Angel Investors	Angel Round	"3,19,605"	Yes
75	05-06-19	NoBroker	E-Commerce	Real Estate	Bengaluru	General Atlantic	Series C	"5,10,00,000"	Yes
76	04-06-19	Bira91	Food and Beverage	Brewery	New Delhi	Anicut Capital	Debt Funding	"1,00,00,000"	Yes
77	03-06-19	FabHotels	E-Commerce	Hospitality	Gurgaon	"Goldman Sachs, Accel Partners and Qualcomm"		"48,89,975.54"	Yes
78	03-06-19	Avail Finance	Finance	FinTech	Bengaluru	Matrix Partners	Series A	"90,00,000"	Yes
79	04-06-19	BharatPe	Finance	FinTech	New Delhi	Insight Partners	Series B	"7,50,00,000"	Yes
80	04-06-19	Recykal	Waste Management Service	Optimization	Hyderabad	"Triton Investment Advisors, Pidilite Industries director Ajay Parekh"	pre-Series A	"2,60,00,000"	Yes
81	03-06-19	Agara Labs	Deep-Tech	Artificial Intelligence	Bengaluru	Blume Ventures and RTP Global	pre-Series A	"25,00,000"	Yes
82	06-06-19	Sistema.bio	Agriculture	Hybrid Reactor Biodigestor	Nairobi	"Shell Foundation, DILA CAPITAL, Engie RDE Fund, EcoEnterprise Fund, EDFIMC (ElectriFI), Endeavor Catalyst Fund, CoCapital, Triodos, Alpha Mundi, and Lendahand"		"27,39,034.68"	Yes
83	06-06-19	Chakr Innovation	Energy	Renewable Energy	New Delhi	IAN Fund	Series A	"2,60,00,000"	Yes
84	06-06-19	Pratilipi	Digital Media	E-Books	Bengaluru	Qiming Venture Partners	Series B	"1,51,09,500.00"	Yes
85	10-06-19	Bolo App	Digital Media	Video Platform	Bengaluru	Nexus Venture Partners	Seed Funding	"4,30,200"	Yes
86	10-06-19	OkCredit	FinTech	Financial Services	Not Specified	Tiger Global Management	Series A	"1,55,00,000"	Yes
87	06-06-19	Biz2Credit	FinTech	Online Lending Platform	Not Specified	WestBridge Capital	Series B	"5,20,00,000"	Yes
88	08-06-19	Vogo Automotive Pvt. Ltd.	Transportation	Dockless Scooter Rental Company	Not Specified	Alteria Capital	Debt Funding	"35,84,000"	Yes
89	04-06-19	Leegality	Services	Digital Documentation	Mumbai	Mumbai Angels	Series A	"34,00,000"	Yes
90	06-05-19	Ola Electric	Transport	Cabs	Bengaluru	Tata Sons	Series A		No
91	06-05-19	Saahas Zero Waste	Waste Management Service	Optimization	Bengaluru	C4D Partners	Venture - Series Unknown	"8,68,600"	Yes
92	05-05-19	StyleDotMe	E-commerce	Fashion and Shopping	New Delhi	"Indian Angel Network and other angel investors, Innov8 founder Ritesh Malik, Josh Talks founders Supriya Paul and Shobha Banga, and former Hero Corporate president Rohit Chanana"	Bridge Round		No
93	01-05-19	BlackBuck	Transport	Logistics	Bengaluru	"Goldman Sachs Investment Partners and Silicon Valley-based Accel, Wellington, Sequoia Capital, B Capital, LightStreet, Sands Capital and International Finance Corporation,"	Series D	"15,00,00,000"	Yes
94	02-05-19	Zenoti	Saas	Beauty and Wellness Industry	Hyderabad	Tiger Global Management	Series C	"5,00,00,000"	Yes
95	28-05-19	Ather Energy	Automobile	Electric Vehicle	Bengaluru	Sachin Bansal	Series C	"5,10,00,000"	Yes
96	28-05-19	FreshVnF	Agtech	Fresh Agriculture Produces	Mumbai	Equanimity Ventures	Seed Round	"14,00,00,000"	Yes
97	30-05-19	GlowRoad	E-commerce	Retail	Bengaluru	"Korea Investment Partners, Vertex Ventures"	Series B	"1,15,00,000"	Yes
98	31-05-19	Bira91	Food and Beverage	Brewery	New Delhi	Sixth Sense Ventures	Series B	"56,00,000"	Yes
99	16-04-19	Kuvera	Finance	Wealth Management	Bengaluru	Eight Roads	Series A	"4,50,00,000"	Yes
100	12-04-19	Medlife	E-commerce	Online Medicine	Bengaluru	Prasid Uno Family Trust	Private Equity	"1,70,00,000"	Yes
101	10-04-19	Kabadiwala	E-commerce	Waste Management	Bhopal	"Unilever, Beehive Capital Advisor, ABCOM Investments, Parekh Marine Transport,"	Private Equity	"4,30,665"	Yes
102	13-04-19	Tripoto	Social Media	Travel	New Delhi	"Orchid India, Hornbill Orchid India Fund, Chiratae Ventures (formerly IDG Ventures), 3one4 Capital, Lasmer NV"	Series B	"35,91,375"	Yes
103	12-04-19	Azah	Health and Wellness	Organic wellness	Gurgoan	Unnamed angel investors	Seed Funding	"2,00,000"	Yes
104	11-04-19	Setu	Fintech	Banking	Bengaluru	Lightspeed India Partners	Seed Funding	"35,00,000"	Yes
105	10-04-19	Toppr	Edtech	E-learning	Mumbai	Milestone	Debt and Preference capital	"63,20,820"	Yes
106	10-04-19	Craftsvilla	E-commerce	Fashion and Apparel	Mumbai	Supera Pte Ltd	Inhouse Funding	"24,43,495"	Yes
107	10-04-19	Unacademy	Edtech	E-learning	Bengaluru	Kalyan Krishnamurthy	Seed/ Angel Funding	"3,07,000"	Yes
108	11-04-19	CleverTap	SaaS	Mobile analytics and marketing	Mumbai	"Sequoia India, Tiger Global Management, Accel Partners"	Series B	"2,60,00,000"	Yes
109	19-04-19	My Healthcare	E-commerce	Software Solutions	Bengaluru and Gurugram	Sixth Sense Ventures	Series A	"30,00,000"	Yes
110	19-04-19	KrazyBee	E-commerce	Lending Platform	Bengaluru	"BAC Acquisitions, Unifi AIF, BRD Securities, Northern R Capital"	Debt	14342000.00	Yes
111	17-04-19	Shuttl	Transportation	Bus Aggregation	Gurgoan	New Atlantic Ventures	Venture Round	"50,00,000"	Yes
112	17-04-19	Increff	Technology	Supply-chain technology solutions	Bengaluru	"021 Capita, Binny Bansal"	Series A	"30,00,000"	Yes
113	01-02-19	FleetX	AI	Logistics	Gurgaon	India Quotient and LetsVenture\\xe2\\x80\\x99s Angel Fund	Pre Series A		No
114	08-02-19	Zilingo	Ecommerce	Fashion & Apparel	India	"Sequoia Capital and Temasek Holdings, EDBI, Burda Principal Investments, and Sofina"	Series D	"22,60,00,000"	Yes
115	13-02-19	NanoClean Global	Nanotechnology	Anti-Pollution	New Delhi	"LetsVenture, PitchRight Venture, 91SpringBoard, AL Nour International Holdings and Mark V Investments"	Series A	"6,00,000"	Yes
116	14-02-18	OyoRooms	Hospitality	Budget Rooms	Gurgaon	DiDi Chuxing	Equity	"10,00,00,000"	Yes
117	03-01-19	CarDekho	Automobile	Online Marketplace	Jaipur	"Sequoia India, Hillhouse Capital, Alphabet\\xe2\\x80\\x99s growth investment arm Capital G and Axis Bank"	Series C	"11,00,00,000"	Yes
118	04-01-19	Vyome Therapeutics Inc.	Health and Wellness	Specialty pharmaceutical	India	"Iron Pillar, Perceptive Advisors, Romulus Capital and Kalaari Capital"	Series D	"2,20,00,000"	Yes
119	04-01-19	Samunnati Financial Intermediation & Services Pvt. Ltd	Finance	Non-banking financial company	Chennai	"MASSIF, a Dutch government fund"	Debt-Funding	"50,00,000"	Yes
120	04-12-18	Manch	Social Media	Hyperlocal Content	New Delhi	Stellaris Venture Partners	Seed Funding	"7,00,000"	Yes
121	01-12-18	UrbanClap Technologies Pvt. Ltd	Services Platform	Home services marketplace	New Delhi	Steadview Capital and Vy Capital.	Series D	"5,00,00,000"	Yes
122	02-12-18	Guiddoo	Travel Tech	Platform for travel agents	Mumbai	Individual Investors	Pre-Series A	"8,00,000"	Yes
123	02-12-18	Career Anna	Online Education	"Video-based certification, trainings"	Gurgoan	Individual Investors	Pre-Series A	"5,72,000"	Yes
124	04-12-18	Nagpur Wholesale	Online Marketplace	eCommerce	Nagpur	Omphalos Ventures India LLP	Seed Funding	"1,43,000"	Yes
125	06-12-18	ShopKirana	B2B	eCommerce	Indore	"Info Edge, AET Fund, Akatsuki and Incubate Fund from Japan and Better Capital AngelList syndicate."	Seed Funding	"20,00,000"	Yes
126	06-12-18	BuildSupply	"SaaS, Ecommerce"	"Real Estate, ERP"	Gurgoan	"Venture Highway, GREE Ventures, Space Matrix, Individual Investors"	Series A	"35,00,000"	Yes
127	01-11-18	GoDesi	Food and Beverage	Regional Flavours	Bengaluru	Lead Angels Network	Seed/ Angel Funding	"1,38,995"	Yes
128	03-11-18	Veritas Finance Ltd.	NBFC	MSME Finance	Chennai	"Norwest Venture Partners, CDC Group, the UK\\xe2\\x80\\x99s Development Finance Institution and P Surendra Pai"	Series D	"2,77,99,000"	Yes
129	06-11-18	Meesho	Ecommerce	Social Commerce	Bengaluru	"Shunwei Capital, DST Partners and RPS Ventures"	Series C	"5,00,00,000"	Yes
130	08-11-18	Mobile Premier League	Gaming	Mobile e-Sports	Bengaluru	Undisclosed	Series A	"5,00,000"	Yes
131	08-11-18	A&R Bon Vivants	Food	Meat Retail Chain	Jaipur	"RB Investments, Singapore"	Equity	"10,00,000"	Yes
132	12-11-18	Blackbuck	Food Tech	POS For Online Ordering	Not Specified	Tiger Global	Series A	"10,00,000"	Yes
133	12-11-18	MilkBAsket	Food	Micro-delivery grocery service	New Delhi	Mayfield Fund	Series B	"13,00,000"	Yes
134	13-11-18	DriveU	Transport	On-Demand Drivers	Bengaluru	Stevens Creek Ventures	Mezzanine	"10,00,000"	Yes
135	14-11-18	CleanseCar	Services	Car Wash	Bengaluru	Venture Catalysts	Seed/ Angel Funding	"5,00,000"	Yes
136	19-11-18	Automation Anywhere	Automation	Robotics	Not Specified	SoftBank Vision Fund	Series B	"30,00,00,000"	Yes
137	20-11-18	HealthifyMe	Health and Wellness	Wellness Coach	Bengaluru	"Sistema Asia Fund, VC Samsung NEXT, Chiratae Ventures, Inventus Capital, Blume Ventures and Innoven Capital."	Series B (Extension)	"60,00,000"	Yes
138	21-11-18	Genius Corner	Education	Personalized Learning	Noida	Individual investors	Seed Funding	"2,78,000"	Yes
139	22-11-18	Aavishkaar-Intellecap Group	Investment	SME Funding	Mumbai	Teachers Insurance and Annuity Association (TIAA)	Equity Based Funding	"3,10,00,000"	Yes
140	22-11-18	Skillbox	Social Network	Art	Gurgoan	Individual investors	Seed Funding		No
141	23-11-18	Signzy	Financial Tech	Digital Onboarding Solution	Mumbai	"Stellaris Venture Partners and Kalaari Capital, Rajan Anandan from Google, Dilip Khandwelwal from SAP Labs India, and Amrish Rau from PayU India"	Series A	"34,00,000"	Yes
142	24-11-18	Engineer.ai	Software	AI Platform	India	"Lakestar and Jungle Ventures, Softbank\\xe2\\x80\\x99s DeepCore."	Series A	"2,95,00,000"	Yes
143	25-11-18	InCred Finance	Finance	SME Lending	India	"Paragon Partners, Individual Investors"	Private Equity	"4,20,00,000"	Yes
144	25-11-18	Roposo	Social Media	Video Sharing	New Delhi	Bertelsmann India Investments	Series B	"17,00,000"	Yes
145	01-10-18	Northmist	Fashion	Mens Wear	New Delhi	Prashant Jaiswal	Seed/ Angel Funding		No
146	02-10-18	Origo Commodities India Pvt. Ltd	Logistics	Supply Chain	Hyderabad	"Cooperative Oikocredit, Caspian and Hivos-Triodos Fund"	Seed/ Angel Funding	"1,10,00,000"	Yes
147	04-10-18	Grover Zampa	Food	Wine	Mumbai	Ravi Viswanathan	Private Equity	"82,00,000"	Yes
148	05-10-18	Droom	Automobile	New and Used Cars Platform	Gurgaon	ZigExN	Series E	"30,00,000"	Yes
149	11-10-18	Innov8	Real Estate	Co-Working	New Delhi	Credence Family Office	Pre-Series A	"40,00,000"	Yes
150	12-10-18	Blackbuck	Logistics Tech	Largest Trucking Platform	Bengaluru	Sequoia Capital India	Private Funding	"1,46,80,000"	Yes
151	12-10-18	LetsTransport	Logistics Tech	Book Trucks Online	Bengaluru	Fosun International	Series C	"1,20,00,000"	Yes
152	01-09-18	Netmeds	Consumer Internet	Online Pharmacy Chain	Chennai	"Sistema Asia Fund, Sistema JSFC and Tanncam Investment"	Private Equity	"3,50,00,000"	Yes
153	03-09-18	Udaan	B2B Platform	Logistics and Shipping	Bengaluru	DST Global and Lightspeed Venture Partners\\xe2\\x80\\x99 global fund.	Private Equity	"22,50,00,000"	Yes
154	03-09-18	Daily hunt	Consumer Internet	News and ebooks Mobile App	Bengaluru	Falcon Edge	Private Equity	"63,90,000"	Yes
155	04-09-18	3HCare	Healthcare	Healthcare Service Provider	New Delhi	N/A	Seed / Angel Funding	"10,00,000"	Yes
156	04-09-18	HappyGoEasy	Consumer Internet	Online Travel Agecy	Gurgoan	"Korea Investment Partners (KIP), Samsung and China-based CITIC Capital and others"	Private Equity		No
157	05-09-18	Nykaa	Consumer Internet	Online Marketplace For Multi-brand Beauty Cosmetic and Wellness Products	Mumbai	Lighthouse	Private Equity	"15,72,00,000"	Yes
158	05-09-18	Mad Street Den	Technology	Computer Vision And Artificial Intelligence (Ai) Platform	Chennai	KDDI\\xc2\\xa0	Private Equity		No
159	06-09-18	Dream11	Consumer Internet	Online Gaming Platform	Mumbai	"Tencent, Kalaari Capital and Private equity firm Multiples Alternate Asset Management"	Private Equity	"10,00,00,000"	Yes
160	10-09-18	MamaEarth	Healthcare	Online Marketplace For Mother and Babycare Products	Gurgoan	Stellaris Ventures & Others	Private Equity	"40,00,000"	Yes
161	11-09-18	AutoGrid	Technology	AI-Based Energy Optimisation and Control Provider	Bengaluru	"CLP Holdings Group, Innogy, \\xc3\\x98rstead, and Tenaska"	Private Equity	"3,20,00,000"	Yes
162	11-09-18	Pharmeasy	Consumer Internet	Online Marketplace For Pharmaceutical Products	Mumbai	InnoVen Capital	Debt Funding	"55,00,000"	Yes
163	11-09-18	Upwards	Fin-Tech	Online Micro Lending Marketplace	Mumbai	"Shunwei Capital,Quotient, Mayfield & Others"	Private Equity	"50,00,000"	Yes
164	12-09-18	Kissht	Fin-Tech	Online lending Platform	Mumbai	"Vertex Ventures Southeast Asia (SEA) and India and Sistema Asia Fund, Fosun RZ Capital, Ventureast, and Endiya Partners.\\n\\n"	Private Equity	"3,00,00,000"	Yes
165	01-08-18	dishq	Food-Tech	Personalisation Technology Firm Focusing On The Food And Beverage Industry	Bengaluru	"Farm To Fork, Arts Alliance, The Syndicate Fund, Sven Hensen, Zeroth and Artesian Venture Partners"	Seed/ Angel Funding	"4,00,000"	Yes
166	01-08-18	HealthFin	Finance	Patient Financing Platform	Pune	"Axilor, Sprout Venture Partners and others"	Seed/ Angel Funding		No
167	02-08-18	Samosa Labs	Consumer Internet	Social Media and Chat Entertainment Platform	Hyderabad	Xiaomi and Sequoia Capital India	Private Equity	"70,00,000"	Yes
168	03-08-18	ZiffyHomes	Consumer Internet	Online Home Rental Marketplace	Gurgoan	Y Combinator	Private Equity	"1,20,000"	Yes
169	07-08-18	My OmNamo	Consumer Internet	Holy Platform Offering Customised Puja Packages To Individuals and Corporates	Mumbai	N/A	Seed/ Angel Funding	"10,00,000"	Yes
170	07-08-18	ShopX	Consumer Internet	Assisted E-commerce Platform	Bengaluru	Fung Strategic Holdings	Private Equity	"3,50,00,000"	Yes
171	07-08-18	MakeMyTrip	Consumer Internet	Online Travel Aggregator	Gurgoan	MakeMyTrip Limited	Private Equity	"1,00,00,000"	Yes
172	08-08-18	Hansel io	Consumer Internet	Real-time Mobile App Management	Bengaluru	Vertex Ventures	Seed/ Angel Funding	"40,00,000"	Yes
173	08-08-18	Metro Bikes	Consumer Internet	Online Bike Rental Marketplace	Bengaluru	"Sequoia Capital India Advisors, Accel Partners and G Raghunandan"	Private Equity	"1,22,00,000"	Yes
174	08-08-18	Phone Pe	Consumer Internet	UPI Payments App	Bengaluru	Flipkart	Private Equity	"6,60,00,000"	Yes
175	09-08-18	quizizz	Ed-Tech	e-learning Platform	Bengaluru	"Nexus Venture Partners, Prime Venture Partners and Others"	Seed/ Angel Funding	"30,00,000"	Yes
176	09-08-18	Happy EMI	Fin-Tech	Consumer Financing Platform	Bengaluru	AJ Ventures and Jain International Trade Organisation (JITO)	Seed/ Angel Funding	"10,00,000"	Yes
177	13-08-18	Inthree	Consumer Internet	Rural E-commerce Platform	Chennai	"Ventureast, Orios Venture Partners and the IAN Fund"	Seed/ Angel Funding	"40,00,000"	Yes
178	13-08-18	Observe AI	Technology	AI Based Solutions Platform	Bengaluru	"Nexus Venture Partners, MGV, Liquid 2 Ventures, Hack VC, Emergent Ventures and Y Combinator"	Private Equity	"80,00,000"	Yes
179	16-08-18	Enakshi	Consumer Internet	AI Based Solutions Platform	Ahmedabad	N/A	Seed/ Angel Funding	"1,14,811"	Yes
180	17-08-18	EazyDiner	Consumer Internet	Online Restaurant Table Reservation Platform	Gurgoan	Denlow Investment Trust and Beenext	Private Equity	"58,50,000"	Yes
181	20-08-18	Finzy	Finance	Online Loan Matchmaking Platform	Bengaluru	N/A	Seed / Angel Funding	"10,00,000"	Yes
182	20-08-18	RawPressery	Consumer Internet	Online Organic Juice Delivery Service	Mumbai	Alteria Capital	Debt Funding	"48,00,000"	Yes
183	22-08-18	Pi Ventures	Technology	Applied Artificial Intelligence and IoT focusedPlatform	Bengaluru	CDC Group plc\\xc2\\xa0	Private Equity	"60,00,000"	Yes
184	22-08-18	Revv	Consumer Internet	Online Indian Car Rental Platform	Gurgoan	"Hyundai, Edelweiss and Beenext, Dream Incubator, Sunjay Kapoor and Telama Investment"	Private Equity	"1,42,70,000"	Yes
185	26-08-18	ZestMoney	Consumer Internet	Online Lending Platform	Bengaluru	"Xiaomi,PayU, Ribbit Capital and Omidyar Network"	Private Equity	"1,34,00,000"	Yes
186	26-08-18	Shubh Loans	Fin-Tech	Customer Sourcing Platform	Bengaluru	"Saama Capital, SRI Capital, Beenext, and Pravega Ventures"	Private Equity	"42,00,000"	Yes
187	27-08-18	MyUpchar	Healthcare	Local Language Health Content App	New Delhi	"Nexus Venture Partners, Omidyar Network and Shunwei Capital"	Private Equity	"50,00,000"	Yes
188	28-08-18	Narvar	IT	Post-Purchase Customer Engagement Platform	Bengaluru	Accel (formerly known as Accel Partners)	Private Equity	"30,00,000"	Yes
189	30-08-18	True North	Finance	Private Equity Firm	Mumbai	N/A	Private Equity	"60,00,00,000"	Yes
190	01-07-18	Leena AI	Technology	HR Virtual Agent For Employees	Gurgoan	Y Combinator	Seed/ Angel Funding		No
191	02-07-18	Biryani By Kilo	Consumer Internet	Online Food Delivery	Gurgoan	Ajay Relan and Vinay Mittal	Seed/ Angel Funding	"10,00,000"	Yes
192	04-07-18	Anchanto	IT	E-commerce Fulfilment Platform	Pune	MDI Ventures & Telkom Indonesia	Private Equity	"40,00,000"	Yes
193	05/072018	Loan Tap	Consumer Internet	Online Lending Platform For Salaried Professionals	Mumbai	"Shunwei Capital, Tuscan Ventures, Ashish Goenka, VC firms India Quotient and Kae Capital"	Private Equity	"62,50,000"	Yes
194	06-07-18	PolicyBazaar	Consumer Internet	Online Insurance Selling Platform	Gurgoan	Info Edge (India) Ltd and Temasek	Private Equity	"2,77,00,000"	Yes
195	09-07-18	zippserv	Consumer Internet	Online Platform For Risk-Assessment Services For Real Estate Investments	Bengaluru	Info Edge (India) Ltd	Seed/ Angel Funding	"4,40,000"	Yes
196	09-07-18	Groww	Consumer Internet	Online Platform That Sells Direct Plans Of Mutual Funds	Bengaluru	"Insignia Ventures Partners, Lightbridge Partners & Kairos"	Seed/ Angel Funding	"11,00,000"	Yes
197	10-07-18	Avenue Growth	Consumer Internet	Online Platform That Connects Brands With Freelance Sales Professionals	Gurgoan	"Avtar Monga, chief operating office at IDFC Bank, Aditya Malik & Others"	Seed/ Angel Funding	"4,37,000"	Yes
198	10-07-18	iNICU	Healthcare	Med-tech Platform Providing Care For Newborns	New Delhi	Venture Catalysts	Seed/ Angel Funding		No
199	10-07-18	Kinara Capital	Finance	Lending Platform For Micro and Small Enterprises	Bengaluru	ResponsAbility	Private Equity	"50,00,000"	Yes
200	10-07-18	Shop 101	Consumer Internet	Mobile Storefront And Commerce Platform For Sellers	Mumbai	"Stellaris Venture Partners, Vy Capital, Raghunandan G, and Ramakant Sharma"	Private Equity	"50,00,000"	Yes
201	11-07-18	Sambandh	Consumer Internet	Online Micro Lending Platform	Rourkela	Base of Pyramid Asia (BOPA) Pte Ltd	Private Equity	"25,00,000"	Yes
202	12-07-18	19th mile	IT	Artificial intelligence-based sales acceleration software platform	Gurgoan	"Rishi Vasudev, Excelsior Investments, Ritesh Vohra, Praveer Kumar, Prashant Gupta and Others"	Seed/ Angel Funding	"1,80,000"	Yes
203	12-07-18	5th Vital	Healthcare	Home diagnostics services provider	Bengaluru	Brand Capital and Others	Seed/ Angel Funding	"5,00,000"	Yes
204	13-07-18	MEngage	Healthcare	A Doctor-Patient Engagement Platform	Jaipur	"Siddharth Agarwal, Mahavir Sharma, Amit Singal, 100 Co-founders Lab and others."	Seed/ Angel Funding	"1,75,000"	Yes
205	17-07-18	Ofbusiness	Finance	Online Lending Platform For SME	Gurgoan	"Creation Investments, Falcon Edge, Matrix Partners India and Zodius Capital"	Private Equity	"2,90,00,000"	Yes
206	17-07-18	Cars24	Consumer Internet	Online Used Car Marketplace	Gurgoan	"Kingsway FCI Fund, KCK Global & Others"	Private Equity	"4,97,00,000"	Yes
207	18-07-18	The Ken	Consumer Internet	Subscription-Only News Website	Bengaluru	Omidyar Network & Others	Seed/ Angel Funding	"15,00,000"	Yes
208	19-07-18	Book My Show	Consumer Internet	Online Ticketing Platform	Mumbai	"TPG Growth, The Rise Fund & Others"	Private Equity	"10,00,00,000"	Yes
209	20-07-18	HousingMan	Consumer Internet	Property Discovery Platform	Bengaluru	N/A	Seed/ Angel Funding	"15,00,000"	Yes
210	21-07-18	PaySense	Consumer Internet	Online Consumer Lending Platform	Mumbai	PayU & Others	Private Equity	"1,80,00,000"	Yes
211	23-07-18	Yulu Bikes	Technology	Bicycle-Sharing Platform	Bengaluru	N/A	Seed/ Angel Funding		No
212	23-07-18	VTION	Technology	Media Analytics	Gurgoan	"AngelList, Rahul Khanna, Rajeev Arora and Ram Ramsundar."	Seed/ Angel Funding	"2,80,000"	Yes
213	23-07-18	Log9 Materials	Technology	Nanotechnology Company Specializing In Graphene	Bengaluru	"Metaform Ventures, Hemant Luthra, Micro venture capital firm GEMS Partners and Others"	Seed/ Angel Funding	"4,36,000"	Yes
214	24-07-18	kidovators	Ed-Tech	Skill Learning Platform	Bengaluru	Gray Matters	Seed/ Angel Funding	"1,80,000"	Yes
215	24-07-18	Digit	Consumer Internet	Online Insurance Startup	Pune	Fairfax	Private Equity	"4,50,00,000"	Yes
216	25-07-18	Black Soil	Finance	Non-Banking Financial Company	Mumbai	"Allcargo Logistics, Navneet Education and Mahavir Agency"	Private Equity	"1,70,00,000"	Yes
217	25-07-18	Trell	Consumer Internet	Mobile-First Video Blogging App	Bengaluru	"BeeNext , WEH Ventures and Sprout Ventures"	Seed/ Angel Funding	"12,50,000"	Yes
218	25-07-18	iqlect	Technology	Data Analytics Firm	Bengaluru	Ventureast and Exfinity	Seed/ Angel Funding	"25,00,000"	Yes
219	26-07-18	Entropik	IT	Software-As-A-Service Platform	Bengaluru	"Bharat Innovation, IDFC-Parampara Capital, Arthavida Ventures, Jitendra Gupta & Others"	Seed/ Angel Funding	"11,00,000"	Yes
220	26-07-18	Bitla Software	Technology	Travel-Focused Tech Startup	Bengaluru	MakeMyTrip	Private Equity		No
221	26-07-18	TheCapitalNet	Fin-Tech	Unified Global Investments Ecosystem	Hyderabad	Lindwall Family Investments LLC (LFI)	Private Equity	"5,00,000"	Yes
222	30-07-18	Shuttl	Consumer Internet	Bus Aggregation Platform	Gurgoan	Amazon Alexa Fund & Dentsu Ventures	Private Equity	"1,10,00,000"	Yes
223	30-07-18	Cure Fit	Consumer Internet	Health and fitness Platform	Bengaluru	"IDG Ventures, Accel Partners, Kalaari Capital and Others"	Private Equity	"12,00,00,000"	Yes
224	31-07-18	Five Star Group	Fin-Tech	Non-Bank Lending Platform For SME	Chennai	"TPG, Norwest Venture Partners, Sequoia Capital & Matrix Partners"	Private Equity	"10,00,00,000"	Yes
225	31-07-18	Healthsignz	Healthcare	Health and Well being Platform	Hyderabad	Kantilal Patel	Seed/ Angel Funding	"50,00,000"	Yes
226	01-06-18	CoinTribe	Finance	Credit-Based Lending Marketplace For Small And Medium Enterprises	Gurgoan	"Sabre Partners, Puneet Dalmia & Others"	Private Equity	"1,00,00,000"	Yes
227	04-06-18	Digiconectt	Technology	Sales Analytics and Enablement Platform	Bengaluru	Aspire Logistics LLC	Seed/ Angel Funding	"1,25,000"	Yes
228	04-06-18	Kashmir Box	E-Commerce	"Online Marketplace For Handicrafts, Handlooms And Local Produce"	Srinagar	"Bhairavi Jani, Alok Divatia, Namrata Kaul, Sohail Hashemi, Aijaz Saleem"	Seed/ Angel Funding		No
229	05-06-18	Crowdera	Finance	Online Crowdfunding Platform	Nagpur	"Anil Advani, Pramod Jain, Amrendra Reddy and Manish Satnaliwala."	Seed/ Angel Funding		No
230	05-06-18	Zoctr	Healthcare	Online Healthcare Aggregator	Mumbai	NB Ventures and Others	Seed/ Angel Funding		No
231	07-06-18	Annapurna Finance	Finance	Non-Banking Financial Company	Bhubaneswar	Oman India Joint Investment Fund (OIJIF)	Private Equity	"2,30,00,000"	Yes
232	07-06-18	Meesho	Consumer Internet	Online Marketplace For Resellers	Bengaluru	"Sequoia Capital India, SAIF Partners, Y Combinator and Venture Highway"	Private Equity	"1,15,00,000"	Yes
233	10-06-18	AyeFinance	Finance	Online Lending Platform	Gurgoan	"CapitalG, SAIF Partners and LGT Impact Ventures"	Private Equity	"2,15,00,000"	Yes
234	11-06-18	Theranosis	Healthcare	Specialised diagnostics Platform	Hyderabad	Mumbai Angels Network	Seed/ Angel Funding		No
235	12-06-18	Alpha Capital	Finance	Supplychain Finance	Mumbai	Alpha Capital	Private Equity	"1,48,00,000"	Yes
236	12-06-18	eshakti	E-Commerce	Fashion e-tailer	Chennai	Paragon Partners	Private Equity	"1,01,00,000"	Yes
237	12-06-18	Daily Ninja	Consumer Internet	Hyperlocal Delivery Platform	Bengaluru	Saama Capital and Sequoia Capital	Seed/ Angel Funding	"30,00,000"	Yes
238	13-06-18	NirogStreet	Healthcare	An Online Platform That Connects Ayurveda Doctors With Patients	Gurgoan	"Spiral Ventures, Subho Ray and Samir Kumar"	Seed/ Angel Funding	"3,000,00"	Yes
239	13-06-18	Nivesh	Finance	Mass Market Mutual Fund Investment Platform	Noida	"LetsVenture, Rajan Anandan, Basab Pradhan, Vivek Khare and Bijoy George"	Seed/ Angel Funding	"4,50,000"	Yes
240	13-06-18	What\\xe2\\x80\\x99s Up Life	Consumer Internet	"A Local Discovery App For Dining-Out, Party, Leisure and Events"	Gurgoan	Rannvijay Singha	Seed/ Angel Funding		No
241	14-06-18	HomeLane	Consumer Internet	Online Home Furnishing Solutions	Bengaluru	Brand Capital	Seed/ Angel Funding	"34,50,000"	Yes
242	14-06-18	Network Intelligence	Technology	Cybersecurity Specialist	Mumbai	Helix Investments	Private Equity	"48,00,000"	Yes
243	18-06-18	Tynor Othontics	Healthcare	Prosthetics Manufacturers	Chandigarh	Lighthouse Funds & Thuasne Participations	Private Equity	"2,10,00,000"	Yes
244	18-06-18	Elucidata	IT	Data Analytics (SaaS)	Delhi & Cambridge	Hyperplane Venture Capital and several angel investors	Seed/ Angel Funding	"17,00,000"	Yes
245	19-06-18	Chrysalis	Ed-Tech	Education Services Provider	Pune	Menterra Venture & Artha Initiatives	Seed/ Angel Funding		No
246	19-06-18	RentSher	Consumer Internet	Online Rental Marketplace	Bengaluru	"Shorooq Investments, LetsVenture & Others"	Seed/ Angel Funding	"11,00,000"	Yes
247	20-06-18	Drip capital	Finance	Trade Finance Firm	Mumbai	"Accel Partners, Sequoia India, Y Combinator and others."	Private Equity	"1,50,00,000"	Yes
248	22-06-18	WickedRide	Consumer Internet	Online Motorbike And Scooter Rental Platforms	Bengaluru	"Sequoia Capital, Accel Partners & Raghunandan Gangappa"	Private Equity	"91,00,000"	Yes
249	25-06-18	PolicyBazaar	Consumer Internet	Online Insurance Selling Platform	Gurgoan	SoftBank Vision Fund & Info Edge (India) Ltd	Private Equity	"20,00,00,000"	Yes
250	25-06-18	HipBar	Consumer Internet	Digital Payment Platform For Beverage Delivery	Bengaluru	Diageo India	Private Equity	"40,00,000"	Yes
251	25-06-18	Sqqrl	Finance	App-based investment platform	Gurgoan	Equanimity Venture Fund	Seed/ Angel Funding	"10,00,000"	Yes
252	26-06-18	Paytm	Technology	Digital Payment Platform	Noida	One 97 Communications	Private Equity	"89,50,000"	Yes
253	26-06-18	Sigtuple	Healthcare	Data Driven Intelligence Solutions Platform	Bengaluru	"Accel Partners, IDG Venture, Endiya Partners, pi Ventures, VH Capital, Axilor Ventures and Binny Bansal"	Private Equity	"1,90,00,000"	Yes
254	27-06-18	Wow Express	Technology	E-commerce Logistics Platform	Mumbai	Undisclosed Existing Investors As Well As The Tamarind Family Trust	Private Equity	"45,00,000"	Yes
255	28-06-18	Front Desk AI	Technology	An AI Platform Offering Automated Customer Service Software	Bengaluru	Speciale Invest & Others	Seed/ Angel Funding	"11,00,000"	Yes
256	28-06-18	Edureka	Ed-Tech	Online Education Platform	Bengaluru	Leo Capital	Seed/ Angel Funding	"20,00,000"	Yes
257	29-06-18	Numeroseven	Technology	An Artificial Intelligence-Based Recruitment Platform	Kolkata	Shiva Gunapu & Others	Seed/ Angel Funding		No
258	02-05-18	OpenTap	Finance	Online Lending Platform	Chennai	Unknown High Net-Worth Individuals	Seed / Angel Funding	"4,50,000"	Yes
259	02-05-18	Bizongo	Consumer Internet	Aggregator For Packaging Material	Mumbai	"B Capital, International Finance Corporation (IFC), Accel Partners and IDG Ventures"	Private Equity	"2,20,00,000"	Yes
260	03-05-18	Disprz	IT	SaaS	Chennai	"IL&FS Private Equity, Kae Capital & Others"	Seed / Angel Funding	"25,00,000"	Yes
261	07-05-18	PaisaDukan	Consumer Internet	P2P Lending Platform	Mumbai	N/A	Seed / Angel Funding	"2,25,000"	Yes
262	09-05-18	i3sysytems	Technology	AI product company For Health and Life Insurane Companies	Mumbai	"Unitus Ventures, Behram Vakil and Jerxis Vandrevala"	Seed / Angel Funding	"10,00,000"	Yes
263	11-05-18	Earth Food	Consumer Internet	Agri-tech	Pune	Rairah Corporation	Seed / Angel Funding	"9,49,000"	Yes
264	14-05-18	Nykaa	Consumer Internet	Beauty e-tailer	Mumbai	"Sunil Munjal, Harsh Mariwala, Dalip Pathak and Others"	Private Equity	"2,40,00,000"	Yes
265	16-05-18	mfine	Healthcare	Doctor-Consultation App	Bengaluru	"Prime Venture Partners, Stellaris Venture Partners and Mayur Abhaya Srisrimal"	Private Equity	4200000.00	Yes
266	21-05-18	Rocketium	Technology	Online Video Creation Platform	Bengaluru	Blume ventures	Seed/ Angel Funding	"3,00,000"	Yes
267	21-05-18	MilkBasket	Technology	Micro-Delivery Grocery Startup	Gurgoan	"Kalaari Capital, Unilever Ventures and Blume Ventures"	Private Equity	"70,00,000"	Yes
268	22-05-18	Vola	Finance	Micro Lending Platform	Bengaluru	Credika and unnamed angel investors	Seed/ Angel Funding	"5,00,000"	Yes
269	22-05-18	Cashkumar	Consumer Internet	P2P Lending Platform	Bengaluru	LetsVenture	Seed/ Angel Funding	"7,35,000"	Yes
270	23-05-18	Edyoo	E-Commerce	Products For Shoolgoing Children	Bengaluru	RS Shanbag	Seed/ Angel Funding	"7,35,000"	Yes
271	23-05-18	Aashiyaan	Finance	Housing Finance For Low-Income Families	Kolkata	"Insistor, Oikocredit"	Seed/ Angel Funding	"20,00,000"	Yes
272	24-05-18	Smartivity	Ed-tech	Designer Of Toys and Learning Projects For Kids	New Delhi	"Ashish Kacholi, S Chand Group"	Seed/ Angel Funding	"20,00,000"	Yes
273	24-05-18	Bonphulapl	Clean-tech	Oxygen Optimiser Manufacturer	New Delhi	Atul Gupta and Saurabh Rastogi	Seed/ Angel Funding	"2,93,000"	Yes
274	27-05-18	Acko	Consumer Internet	Online Insurance Platform	Mumbai	"Amazon, Ashish Dhawan, Catamaran Ventures, NR Narayana Murthy."	Seed/ Angel Funding	"1,20,00,000"	Yes
275	28-05-18	HWell24	Healthcare	Home Healthcare Aggregator	Mumbai	"Prashant Mehta, Mitali Pawar, Nikhil G and Bhavesh P, R Ranganathan, ONCOTRUST and Medintel Services Pvt. Ltd"	Seed/ Angel Funding	"2,00,000"	Yes
276	29-05-18	Toffee	Consumer Internet	Online Insurance Platform	Gurgoan	"Kalaari Capital, Omidyar Network and Accion Venture Labs"	Seed/ Angel Funding	"15,00,000"	Yes
277	29-05-18	Tonetag	Technology	Mobile Payments Technology Platform	Bengaluru	Amazon Inc. and Mastercard	Private Equity	"80,00,000"	Yes
278	30-05-18	Events High	Consumer Internet	Events and Activities Discovery Platform	Bengaluru	Treebo	Private Equity		No
279	30-05-18	Stellaps	Technology	Iot Application Platform In Agriculture	Bengaluru	"IndusAge Partners, Bill & Melinda Gates Foundation, Qualcomm Venture, ABB Technology Ventures, Omnivore, Blume Ventures, Venture Highway and BEENEXT"	Private Equity	"1,40,00,000"	Yes
280	31-05-18	Credright	Consumer Internet	Lending Platform For SMEs	Hyderabad	"Accion Venture Lab, YourNest Venture Capital And Other Angel Investors"	Seed/ Angel Funding	"13,000,00"	Yes
281	02-04-18	Fitternity	Consumer Internet	Online Fitness Discovey Platform	Mumbai	"Exfinity Venture, Saha fund Partners, Arihant Patni of Patni Family Office, Anjali Bansal, Shardul Amarchand Mangaldas, Satish Khanna and Taparia family office."	Private Equity	"20,00,000"	Yes
282	02-04-18	Synctag	Technology	Social Media Anlaytics Platform	Coimbatore	Subhkam Ventures and Mohit Khadaria	Seed / Angel Funding	"3,07,600"	Yes
283	02-04-18	Benepik	Technology	Enhanced Employee Engagement Platform	Gurgoan	"Vishal Bali, Yogesh Misra, Thomas Assessments and others"	Seed / Angel Funding		No
284	02-04-18	Finzy	Consumer Internet	Online Loan Matchmaking Platform	Bengaluru	N/A	Seed / Angel Funding	"13,00,000"	Yes
285	04-04-18	Varthana	Finance	Loans and Services To Affordable Private Schools in India	Bengaluru	"ChrysCapital, Existing investors, Elevar Equity, LGT Impact, Omidyar Network and Kaizen Private Equity also participated in the round"	Private Equity	"5,50,00,000"	Yes
286	05-04-18	IndigoLearn	Ed-Tech	Online Education Platform	Hyderabad	"Maheshwar Peri, founder and chairman of career information portal Careers360, and Jamshed Jeejeebhoy, director at Byramjee Jeejeebhoy Pvt. Ltd were among the angels"	Seed / Angel Funding	"1,50,000"	Yes
287	05-04-18	Vedantu	Ed-Tech	Interactive Online Tutoring Platform	Bengaluru	"Accel Partners, Tiger Global And Others"	Private Equity	"1,00,00,000"	Yes
288	09-04-18	Kaleidofin	Fiinance	Digital Financial Services Platform	Chennai	Omidyar Network. Blume Ventures and Professor Shlomo Ben-Haim	Seed / Angel Funding	"28,00,000"	Yes
289	09-04-18	Pipabella	Consumer Internet	Fashion Accessories Etailer	Mumbai	Fireside Ventures	Seed / Angel Funding	"1,000,000,"	Yes
290	09-04-18	Elemential	Technology	Blockchain Platform	Mumbai	"Matrix Partner, Amrish Rau, Investopad, Digital Currency Group, Hinduja Group, Lightspeed India, Eight Innovate, Amit Ranjan, Prashant Malik and others"	Seed / Angel Funding		No
291	09-04-18	Kriger Campus	Ed-Tech	Mobile-Based Education Network	New Delhi	N/A	Seed / Angel Funding	46140.00	Yes
292	10-04-18	Loanzen	Finance	Digital Lending Platform In Logistics	Bengaluru	Kae Capital Management	Seed / Angel Funding		No
293	10-04-18	TravelTriangle	Consumer Internet	Online Travel Marketplace	Gurgoan	"Fundamentum, SAIF Partners, Bessemer Venture Partners, RB investments & Others"	Private Equity	"1,20,00,000"	Yes
294	12-04-18	Letsmd	Healthcare	Platform To Discover Healthcare Financing Options	New Delhi	"SRI Capital, Waterbridge Ventures and ThinKuvate"	Seed / Angel Funding	"10,00,000"	Yes
295	12-04-18	AyeFinance	Finance	Online Lending Platform	Gurgoan	"BlueOrchard Finance Ltd, Hinduja Leyland Finance and IntelleGrow"	Debt Funding	"46,000,00"	Yes
296	13-04-18	mintifi	Finance	Online Lending Platform	Mumbai	Lok Capital	Seed / Angel Funding	"20,00,000"	Yes
297	16-04-18	icanstay	Consumer Internet	Online Platform For Luxury Hotel Stay For Business Travelers	New Delhi	Mr. Manoj Prasad	Seed / Angel Funding	"5,00,000"	Yes
298	16-04-18	Pregbuddy	Healthcare	Connected Care App For Pregnant Women	Bengaluru	"Rajan Anandan, Madhusudhan Kannan, Jayant Kadambi, Puneet Gupta and Pradeep K Jaisingh"	Seed / Angel Funding		No
299	18-04-18	Coverfox	Consumer Internet	Online Insurance Aggregator	Mumbai	"International Finance Corporation, Transamerica and others."	Private Equity	"2,20,00,000"	Yes
300	19-04-18	Lenskart	Consumer Internet	Online Eyewear Retailer	Faridabad	TR Capital	Private Equity		No
301	19-04-18	mamaearth	Healthcare	Online Baby care Products	Gurgoan	Shilpa Shetty Kundra	Private Equity		No
302	19-04-18	Fyle Technologies	Technology	AI Based Expense Management Platform	Bengaluru	Pravega Ventures and Beenext	Seed / Angel Funding	"11,000,00"	Yes
303	19-04-18	True Balance	Technology	Mobile Balance Checking App	Gurgoan	"Line Ventures Corporation, Line Corp, Naver, Shinhan Bank and TS Investment"	Private Equity	"2,30,00,000"	Yes
304	22-04-18	Visit	Healthcare	AI Driven Health tech Platform	New Delhi	"Biz Stone, Kunal Bahl, Rohit Bansal, Alagu Periyannan and Karthee Madasamy"	Private Equity		No
305	22-04-18	Doxper	Healthcare	Digitized Health-Tech Solutions For Practitioners	Mumbai	Vidal Healthcare	Seed / Angel Funding	"19,00,000"	Yes
306	22-04-18	Nykaa	Consumer Internet	Beauty e-tailer	Mumbai	"Sunil Munjal, Harsh Mariwala, Dalip Pathak and Others"	Private Equity	"1,10,00,000"	Yes
307	23-04-18	Mihuru	Finance	Online Platform Providing Micro Loans For Air Travel	Mumbai	N/A	Seed / Angel Funding	"1,50,000"	Yes
308	23-04-18	Capital Float	Finance	Online Lending Platform	Bengaluru	Amazon	Private Equity	"2,20,00,000"	Yes
309	25-04-18	Trip shelf	Consumer Internet	Online Travel Marketplace	New Delhi	"GEMS Advisory, Alok Mittal and Sachin Bhatia"	Seed / Angel Funding	"2,46,000"	Yes
310	26-04-18	POPxo	Technology	Women Focussed Digital Media Platform	New Delhi	"Neoplux, OPPO, IDG Ventures India, Kalaari Capital, GREE Ventures and Summit Media"	Private Equity	"55,00,000"	Yes
311	26-04-18	RailYatri	Consumer Internet	Online Travel Ticketing Platform	Noida	"Omidyar Network, Nandan Nilekani, Blume Ventures, Helion Venture Partners"	Private Equity		No
312	27-04-18	1mg	Consumer Internet	Online Pharmacy Store	Gurgoan	"Sequoia Capital, Maverick Capital Ltd and HBM Healthcare Investments Ltd"	Private Equity	"1,00,00,000"	Yes
313	29-04-18	Rubique	Consumer Internet	Online Lending MarketPlace	Mumbai	"Emery Capital, Blacksoil and Kalaari Capital"	Private Equity		No
314	30-04-18	Samco	Consumer Internet	Online Stock Broker	Mumbai	Bay Capital Investments and Others	Private Equity	"75,00,000"	Yes
315	30-04-18	MyLoanCare	Finance	B2C Online Loans Marketplace	Gurgaon	SAR Group	Seed / Angel Funding	"9,78,000"	Yes
316	01-03-18	PharmEasy	Consumer Internet	Online Pharmacy Store	Mumbai	"Bessemer Venture Partners and Orios Venture Partners, JM Financials and MEMG"	Private Equity		No
317	01-03-18	Buddy4studdy	Consumer Internet	Online Scholarship Portal	Noida	CBA Capital and others	Private Equity	"30,00,000"	Yes
318	01-03-18	Urban Ladder	E-Commerce	Online Furniture Store	Bengaluru	"Sequoia Capital, SAIF Partners and Kalaari capital"	Private Equity	"1,20,00,000"	Yes
319	03-03-18	Kuvera	Consumer Internet	Online Financial Planning	Bengaluru	"Baskar Subramanian, Saket Kumar, Gaurav Suri and Ankit Kesarwani"	Seed / Angel Funding	"2,50,000"	Yes
320	04-03-18	Gramophone	Technology	Agri-tech	Indore	InfoEdge	Seed/Angel Funding	"10,00,000"	Yes
321	05-03-18	Wellthy	Healthcare	Therapeutics	Mumbai	"Ranjan Pai, Apoorva Patni, Beenext Ventures,GrowX Ventures"	Private Equity	"21,00,000"	Yes
322	05-03-18	MedGenome	Healthcare	"Genetic Screening, DNA Diagnostics Labs & Research Centers"	Bengaluru	"HDFC Life, HDFC Asset Management"	Private Equity	"1,00,00,000"	Yes
323	05-03-18	Finova Capital	Consumer Internet	Online Lending	Jaipur	Sequoia Capital	Private Equity	"60,00,000"	Yes
324	05-03-18	Hotelogix	Technology	Cloud based Online Hotel Management Software	Noida	"Vertex Ventures, Accel Partners and Saama Capital"	Private Equity	"50,00,000"	Yes
325	04-03-18	Livehealth	Consumer Internet	Health Service Aggregator Platform	Pune	Nexus Venture Partners	Seed / Angel Funding	"11,00,000"	Yes
326	06-03-18	Ad2pro	Technology	"Creative Design, Brand, Media and Technology Platform Solutions"	Chennai	Avendus Finance Pvt. Ltd	Debt Funding	"97,00,000"	Yes
327	06-03-18	Coverfox	Consumer Internet	Online Insurance Aggregator	Mumbai	Aegon NV	Private Equity	"76,00,000"	Yes
328	08-03-18	Pepperfry	Consumer Internet	Online Furniture Shopping Store	Mumbai	State Street Global Advisors	Private Equity	"3,84,00,000"	Yes
329	08-03-18	Magicpin	Consumer Internet	Hyperlocal Discovery	Gurgoan	Trifecta Capital	Debt Funding	"10,00,000"	Yes
330	12-03-18	HealthCare	Consumer Internet	Healthcare Aggregator	Mumbai	HR Fund	Seed / Angel Funding	"10,00,000"	Yes
331	13-03-18	PineLabs	Technology	Digital Payment Platform	Mumbai	"Actis, Altimeter Capital"	Private Equity	"8,20,00,000"	Yes
332	14-03-18	Stumagz	Consumer Internet	Online Communication and Collaboration Platform For Educational Institutions	Hyderabad	"Venkat Subramanian, Sudhakar Pennam, and other tech investors from Silicon Valley"	Seed / Angel Funding		No
333	14-03-18	AvailFinance	Consumer Internet	Online Lending Platform	Bengaluru	"Matrix Partners, Bhavish Aggarwal, Ankit Bhati, Binny Bansal, Kunal Shah and Manish Patel."	Private Equity	"1,72,00,000"	Yes
334	15-03-18	Grofers	Consumer Internet	Online Grocery Shop	Gurgoan	"SoftBank, Tiger Global and Apoletto Managers."	Private Equity	"6,20,00,000"	Yes
335	19-03-18	Fingerlix	Consumer Internet	Ready To cook Food Solution	Mumbai	Alteria Capital	Debt Funding	"13,10,000"	Yes
336	19-03-18	Karma Healthcare	Healthcare	Technology enabled equitable healthcare for India	Udaipur	"1Crowd, Ankur Capital"	Seed / Angel Funding	"5,00,000"	Yes
337	19-03-18	Zappfresh	Food & Beverages	Online Raw Meat E-tailer	Gurgoan	"Amit Burman, SIDBI Venture Capital"	Seed / Angel Funding	"30,00,000"	Yes
338	19-03-18	CustomerSucessBox	Technology	Customer Success Software for B2B SaaS	Gurgoan	"Pi Ventures, Axilor Ventures"	Seed / Angel Funding	"10,00,000"	Yes
339	20-03-18	One Labs	Consumer Internet	Consumer Technology and Artificial Intelligence Based Aggregator App	N	Micromax Informatics Ltd	Private Equity		No
340	21-03-18	GigIndia	Consumer Internet	Micro Jobs Provider For Students	Pune	"Jessica Wong, Hiro Mashita, Xue Manzi and Yiyun Zhang."	Seed / Angel Funding		No
341	22-03-18	Chargebee	Technology	Subscription Billing & Recurring Payments Software	Chennai	"Insight Venture Partners, Accel Partners and Tiger Global Management."	Private Equity	"1,80,00,000"	Yes
342	22-03-18	i2i Funding	Consumer Internet	Online loan platform	Noida	SucSEED Venture Partners	Seed / Angel Funding	"7,68,000"	Yes
343	22-03-18	Slang Labs	Technology	Voice-based assistant platform	Bengaluru	Endiya Partners	Seed / Angel Funding	"12,40,000"	Yes
344	22-03-18	UrbanPiper	Technology	Online ordering solution for restaurants and food chains	Bengaluru	"Kumar Vembu, Axilor Ventures"	Seed / Angel Funding		No
345	26-03-18	Cash Suvidha	Consumer Internet	Online loan platform	New Delhi	"Initia Holdings,Vipin Agarwal and others."	Seed / Angel Funding	"10,00,000"	Yes
346	28-03-18	Roadcast	Technology	Fleet management and asset monitoring platform	New Delhi	N/A	Private Equity	"2,50,000"	Yes
347	28-03-18	Smartcoin	Finance	Micro lending company	Bengaluru	"Accion Venture Lab, Unicorn India Ventures and ISME ACE."	Seed / Angel Funding	"20,00,000"	Yes
348	27-03-18	The Print	Media	News portal	New Delhi	Ratan Tata	Seed / Angel Funding	"5,35,000"	Yes
349	27-03-18	DriveU	Technology	Professional Car Drivers Hiring App	Bengaluru	Amit Singhal and Unitus Seed Fund	Private Equity	"30,00,000"	Yes
350	29-03-18	Fynd	Consumer Internet	O2O fashion ecommerce platform	Mumbai	"Google, Kae Capital, IIFL, Singularity Ventures, GrowX, Tracxn Labs, Venture Catalyst, Patni family office and Axis Capital."	Seed / Angel Funding		No
351	01-02-18	BigBasket	Consumer Internet	Online Grocery & Food Store	Bengaluru	"Alibaba, Helion Venture Partners, Bessemer Venture Partners, Ascent Capital"	Private Equity	"30,00,00,000"	Yes
352	01-02-18	Zomato	Food and Beverages	Food Ordering and Restaurant Discovery	Gurgoan	Ant Financials	Private Equity	"20,00,00,000"	Yes
353	05-02-18	Pratilipi	Publishing	E-Publishing	Bengaluru	Omidyar Network	Private Equity	"43,00,000"	Yes
354	05-02-18	Asia Institute Of Medical Science	Healthcare	Super-specialty Hospital	Faridabad	CDC Group Plc	Private Equity	"2,10,00,000"	Yes
355	05-02-18	CollegeDekho	Consumer Internet	Online platform for Higher Education Services	Gurgoan	"Man Capital LLP, Girnar Software, Others"	Private Equity	"20,00,000"	Yes
356	06-02-18	Foodmemories	Consumer Internet	Online Food Marketplace	Ahmedabad	"Bhavesh Manglani, Suraj Saharan, Darshan Upadhyay, Sanjay Notani & Others"	Seed funding		No
357	06-02-18	Healthi	Healthcare	Preventive Health Checkup	Bengaluru	Montane Ventures	Private Equity	"31,00,000"	Yes
358	07-02-18	Swiggy	Food and Beverages	Online Food Delivery	Bengaluru	Naspers	Private Equity	"10,00,00,000"	Yes
359	08-02-18	Shape	Healthcare	"Online Portal for Diet,fitness and Beauty"	Pune	Sandeep Mathur	Seed / Angle Funding	"10,00,00,000"	Yes
360	08-02-18	Icertis	Consumer Internet	Enterprise Contract Management Platform	Pune	Meritech Capital Partners	Private Equity	"5,00,00,000"	Yes
361	09-02-18	healthifyme	Healthcare	Mobile Weight Loss Coach	Bengaluru	Sistema Asia Fund	Private Equity	"1,20,00,000"	Yes
362	09-02-18	MedTel	Healthcare	Virtual health clinics	Bhubaneswar	British and Indian Governments	Private Equity		No
363	09-02-18	Rupeek	Consumer Internet	Online Gold Loan	Bengaluru	"Accel Partners, Sequoia Capital"	Private Equity	"68,30,000"	Yes
364	09-02-18	WebEngage	Technology	Marketing Cloud for consumer businesses	Mumbai	Social Capital	Private Equity		No
365	12-02-18	Lendingkart	Finance	Online Lending Platform	Bengaluru	Fullerton Financial Holdings Pte Ltd & Others	Private Equity	"8,70,00,000"	Yes
366	12-02-18	Wydr	Consumer Internet	B2B Marketplace	Gurgoan	"Bessemer Venture Partners, Stellaris Venture Partners, Axis Capital, Singapore, Jungle Venture Partners"	Private Equity		No
367	12-02-18	Cashify	E-Commerce	Online Selling	Gurgoan	Trifecta Capital	Debt Funding	"9,35,089"	Yes
368	13-02-18	holachef	Food and Beverages	Online Food Delivery	Mumbai	Ashok Kumar Gajera	Seed / Angle Funding	"3,11,200"	Yes
369	13-02-18	Awaaz De	Technology	Mobile Solutions for Social Impact	Ahmedabad	Tribe Impact Capital LLP	Seed / Angle Funding		No
370	13-02-18	IMAX Program	Ed-Tech	Individualised Progressive Learning Program	Bengaluru	"Michael & Susan Dell Foundation, LGT Impact Ventures"	Private Equity	"1,35,00,000"	Yes
371	14-02-18	Littlemore	Ed-Tech	Online Education Platform	Chennai	Kalpavriksh	Private Equity	"30,00,000"	Yes
372	14-02-18	Toppr	Ed-Tech	Online Education Platform	Mumbai	Axis Capital Partners	Private Equity	"1,00,000"	Yes
373	14-02-18	Shirsa Labs	Ed-Tech	Integrated Kids Engagement Company	Mumbai	"Dewang Neralla, Mahesh Kothurkar,Atul Agarwal"	Private Equity	"5,00,000"	Yes
374	14-02-18	MoneyOnMobile	Technology	mobile payment platform	Mumbai	S7 Group	Private Equity	"50,00,000"	Yes
375	15-02-18	PetSutra	Consumer Internet	Online Pet Care Products	Gurgoan	Michael Patrick Hickey	Seed / Angel Funding	"1,48,434"	Yes
376	15-02-18	Infibeam	E-Commerce	Online Retailing	Ahmedabad	Network 18	Private Equity	"62,30,000"	Yes
377	16-02-18	happay	Finance	Expense Management	Bengaluru	Sequoia and Jerry Yang	Seed / Angel Funding	"2,50,000"	Yes
378	16-02-18	Fincash	Finance	Fin-Tech	Mumbai	"Mohammed Khan, Sameer Narayan & Others"	Seed / Angel Funding	"1,50,000"	Yes
379	19-02-18	AyeFinance	Finance	Online Lending	Gurgoan	"Hinduja Leyland Finance, IntelleGrow"	Private Equity	"38,00,000"	Yes
380	20-02-18	Agricxlab	Agriculture	Agri-tech	Mumbai	Ankur Capital	Seed / Angel Funding	"5,00,000"	Yes
381	21-02-18	Udaan	E-Commerce	B2B Marketplace	Bengaluru	Lightspeed & Yuri Milner	Private Equity	"5,00,00,000"	Yes
382	21-02-18	Capillary	IT	SaaS	Bengaluru	"Wargburg Pincus, Sequoia"	Private Equity	"2,00,00,000"	Yes
383	21-02-18	The Healthy Billions	Healthcare	Analytics	Gurgoan	"Blume Ventures, HealthQuad and Fireside Ventures"	Private Equity	"21,00,000"	Yes
384	21-02-18	HighRadius	Technology	Cloud-based Software	Hyderabad	"PNC, Citi Ventures"	Private Equity		No
385	26-02-18	Avishkaar Box	Ed-Tech	Education	New Delhi	Auxano Deals	Private Equity	"7,72,500"	Yes
386	26-02-18	Planys Technologies	Technology	Robotic InspectionStartup	Chennai	"Kris Gopalakrishnan, Pratithi Investment Trust, MEMG Family Office, S Gopal"	Private Equity	"10,40,000"	Yes
387	27-02-18	Lollypop	Technology	Digital Design	Bengaluru	Dr Devi Shetty	Seed / Angel Funding		No
388	27-02-18	Trilyo	Technology	AI platform for hospitality industry	Mumbai	"Startup Buddy,Amit Manocha and others"	Seed / Angel Funding	"2,50,000"	Yes
389	28-02-18	Gaana	Technology	Online Music Streaming	Gurgoan	"Tencent Holdings Ltd, Times Internet"	Private Equity	"11,50,00,000"	Yes
390	28-02-18	Credy	IT	SaaS	Bengaluru	"Y Combinator, Khosla Ventures, Vy Capital and others"	Seed / Angel Funding	"14,00,000"	Yes
391	28-02-18	Predible Health	Healthcare	Cancer radiology	Bengaluru	Unitus Seed Fund	Seed/Angel Funding		No
392	02-01-18	CleverTap	Technology	Mobile App Analytics	Mumbai	"Recruit Holdings, Sequoia Capital India, Accel Partners"	Angel / Seed Funding		No
393	04-01-18	EarlySalary	Finance	Online Lending	Pune	Eight Roads Ventures India	Private	"1,57,00,000"	Yes
394	05-01-18	WOTU	E-commerce	Food and Beverages	Bengaluru	"Claris Capital, Mumbai Angels Network"	Angel / Seed Funding		No
395	08-01-18	DAAKI	E-commerce	Sports Nutrition Supplement etailer	Bengaluru	Rohan Agila	Angel / Seed Funding		No
396	09-01-18	Lendingkart	Finance	Online Lending	Ahmedabad	Nederlandse Financierings-Maatschappij voor Ontwikkelingslanden N.V.	Debt Funding	"47,00,000"	Yes
397	09-01-18	Kinsane Entertainment Inc	Entertainment	Digital Entertainment for Children	Mumbai	N/A	Seed/Angel Funding	"25,00,000"	Yes
398	10-01-18	Tapzo	Technology	Personal Assistant	Bengaluru	RuNet & Other	Private Equity	"19,30,000"	Yes
399	10-01-18	Appario Retail Pvt Ltd.	E-commerce	Retail	New Delhi	Amazon-Patni JV	Private Equity	"1,88,40,000"	Yes
400	10-01-18	Samunnati	Finance	Agricultural Loan	Chennai	"responsAbility, Elevar Equity and Accel Partners"	Private Equity	"2,35,00,000"	Yes
401	10-01-18	Sahajanand Medical Technologies	Technology	Medical Devices	Surat	Morgan Stanley Private Equity Asia	Private Equity	"3,62,30,000"	Yes
402	12-01-18	Kuants	Technology	Algorithmic Trading	Gurgaon	"Pankaj Chopra, Ankush Gupta"	Angel / Seed Funding	80000.00	Yes
403	12-01-18	Razorpay	Technology	Payment Gateway	Bengaluru	"Tiger Global, Y Combinator"	Private Equity	"2,00,00,000"	Yes
404	15-01-18	Streak	Technology	Algorithmic Trading	Bengaluru	"Indian fintech fund, Rainmatter"	Angel / Seed Funding	"3,54,600"	Yes
405	15-01-18	pi Ventures	Finance	Venture Capital	Bengaluru	"Sunil Kant Munjal, Hero Electronix\\xe2\\x80\\x99s corporate financing arm, Electronic Development Fund"	Private Equity	"2,50,00,000"	Yes
406	15-01-18	Newgen Software	Technology	IT	New Delhi	"Goldman Sachs, hedge fund & Others"	Private Equity	"2,00,00,000"	Yes
407	17-01-18	Rubix	Technology	Education	Pune	Polaris Fund	Private Equity	"10,00,000"	Yes
408	18-01-18	ShareChat	Technology	Social	Bengaluru	"Xiaomi Singapore, Shunwei Capital"	Private Equity	"1,82,00,000"	Yes
409	22-01-18	Paperflite	Technology	IT	Chennai	The Chennai Angels	Angel / Seed Funding	"4,00,000"	Yes
410	22-01-18	HungerBox	Consumer Internet	Food and Beverages	Bengaluru	Lionrock Capital	Private Equity	"25,00,000"	Yes
411	22-01-18	Skillate	Technology	Artificial Intellegence	Bengaluru	"Incubate Fund India, Anuj Agrawal"	Private Equity		No
412	22-01-18	OptaCredit	Finance	Alternative Lending	Chennai	DMI Finance	Private Equity	"40,00,000"	Yes
413	22-01-18	AEON Learning	Technology	Education	Bengaluru	Dr. Ranjan Pai	Private Equity	"32,00,000"	Yes
414	23-01-18	Milkbasket	E-commerce	Online Grocery	Gurgoan	Unilever Ventures	Private Equity	"30,00,000"	Yes
415	24-01-18	NeoGrowth Credit	Finance	Digital Lending	Mumbai	"LeapFrog Investments, Aspada Investment, Quona Capital"	Private Equity	"4,70,00,000"	Yes
416	24-01-18	Rao IIT Academy	Education	Coaching Services	Mumbai	Avendus Finance	Structured Debt	"86,00,000"	Yes
417	24-01-18	Aye Finance	Finance	Online Lending	Gurgoan	IFMR Capital	Term Loan	"62,40,000"	Yes
418	25-01-18	Glassic	Ecommerce	Eyewear	Bengaluru	"Chennai Angels, Lead Angels, LetsVenture"	Angel / Seed Funding		No
419	25-01-18	GreyAtom	Technology	Education	Mumbai	Pravega Ventures	Private Equity	"10,00,000"	Yes
420	26-01-18	Axio	Healthcare	Hemostatic Dressing Solutions	Bengaluru	RNT Capital	Private Equity	"74,00,000"	Yes
421	29-01-18	eKincare	Healthcare	Technology	Hyderabad	"Ventureast, Endiya Partners, Eight Roads Ventures, Touchstone Equities, BVR Mohan Reddy"	Private Equity	"15,00,000"	Yes
422	29-01-18	The Wedding Brigade	Consumer internet	Online Services	Mumbai	Blume Ventures	Private Equity	"10,00,000"	Yes
423	30-01-18	PeeSafe	Healthcare	Hygiene	Gurgoan	"Shivani Singh, Rahul Maroli, Mitesh Shah, Venture Catalysts, Alfa Capital, Green Shots Capital, Real Time Ventures."	Private Equity	"10,00,000"	Yes
424	30-01-18	BrowserStack	Technology	Browser Testing	Mumbai	Accel Partners	Private Equity	"5,00,00,000"	Yes
425	30-01-18	Scapic	Technology	Virtual Reality	Bengaluru	"Axilor Ventures, Newfort Capital"	Angel / Seed Funding	"5,00,000"	Yes
426	30-01-18	MoneyOnMobile	Technology	Mobile Payment Platform	Mumbai	Undisclosed Investors	Private Equity	"76,00,000"	Yes
427	30-01-18	CureFit	Healthcare	Fitness	Bengaluru	"HDFC Bank, Axis Bank"	Debt Funding	"1,00,00,000"	Yes
428	31-01-18	iNurture	Technology	Education Solutions	Bengaluru	Ventureast	Private Equity	"44,00,000"	Yes
429	01-12-17	Strata Enviro	Technology	IoT based air pollution controller	Mumbai	Scale Minds	Private Equity		No
430	05-12-17	Dunzo	Technology	Daily Task Management Mobile App	Bengaluru	Google	Private Equity	"1,23,00,000"	Yes
431	05-12-17	Tata Housing	Real Estate	Residential Project	Mumbai	Hines	Private Equity	"2,30,00,000"	Yes
432	05-12-17	HandyTrain	Technology	Mobile Learning Management Platform	Goa	NB Ventures	Private Equity	"10,00,000"	Yes
433	05-12-17	Mobycy	Technology	Bicycle sharing Platform	Gurgaon	Undisclosed Investors	Seed/Angel Funding	"5,00,000"	Yes
434	06-12-17	Greenlight Planet	Technology	Off-grid solar products platform	Mumbai	"Apis Partner, Eight Roads Ventures, Bamboo Capital Partners"	Private Equity	"6,00,00,000"	Yes
435	06-12-17	Fintobox	Technology	Child Learning & Development Platform	Chennai	Lightbox	Private Equity	"70,00,000"	Yes
436	07-12-17	Mswipe	Technology	Mobile point of sale services provider	Mumbai	Eduardo Saverin	Private Equity	"1,00,00,000"	Yes
437	07-12-17	The Label Life	E-Commerce	Home Decor and Online Fashion Portal	Mumbai	Kalpvriksh	Private Equity	"31,00,000"	Yes
438	07-12-17	Cygnus Hospitals	Healthcare	Super speciality Hospitals	Gurgaon	Somerset Indus Capital Ventures	Seed/Angel Funding	"7,50,000"	Yes
439	07-12-17	eShakti	Ecommerce	"""Women\\'s Fashion Clothing Online Platform"""	Chennai	IDG Ventures	Debt Funding	"23,00,000"	Yes
440	08-12-17	Inshorts	Technology	Mobile News Curation App	Noida	Tiger Global	Private Equity	"50,00,000"	Yes
441	11-12-17	Vahdam Tea	E-Commerce	Online Platform Selling Indian Tea Globally	New Delhi	"Singapore Angel Network, Mumbai Angel"	Private Equity	"15,00,000"	Yes
442	11-12-17	Logic Roots	Technology	Educational Platform to Learn Mathematics	Mumbai	Village Capital	Seed/Angel Funding	50000.00	Yes
443	11-12-17	Project Mudra	Technology	Assisting Visually Impaired to learn through Braille	Bengaluru	Village Capital	Seed/Angel Funding	50000.00	Yes
444	11-12-17	Furlenco	Technology	Furniture Rental Platform	Bengaluru	Aamir Khan	Debt Funding	"12,00,000"	Yes
445	12-12-17	I Can Stay	Technology	Hotel Aggregator Platform	New Delhi	HT Media	Private Equity	"18,00,000"	Yes
446	12-12-17	Fracktal Works	Technology	Platform based on 3D printing and Digital Manufacturing	Bengaluru	Hyderabad Angels	Seed/Angel Funding		No
447	12-12-17	Simility	Technology	Adaptive Fraud Intelligence Platform	Hyderabad	Accel Partners	Private Equity	"1,75,00,000"	Yes
448	12-12-17	Shopholix	E-Commerce	Fashion and Lifestyle Coupon Platform	Gurgaon	Munesh Khanna	Seed/Angel Funding	"2,33,000"	Yes
449	13-12-17	MindTickle	Technology	Gamification Platform to train Sales People	Pune	Canaan Partners	Private Equity	"2,70,00,000"	Yes
450	13-12-17	Nazara Technologies	Technology	Mobile Games Development Firm	Mumbai	Rakesh Jhunjhunwala	Private Equity	"2,70,00,000"	Yes
451	13-12-17	DocsApp	Technology	Mobile Application for Doctor Consultation	Bengaluru	Bessemer Venture Partners	Private Equity	"72,00,000"	Yes
452	13-12-17	Capita World	Technology	Artificial Intelligence Platform to Raise Funds	Mumbai	"Mohan Tanksale, Kiran Shetty, Darshak Shah, Mandar Mhatre"	Private Equity		No
453	14-12-17	Tea Box	E-Commerce	Fresh Indian Tea Selling Platform across 112 countries	Bengaluru	RB Investments	Private Equity	"70,00,000"	Yes
454	14-12-17	Transversal Technologies	Technology	Hyperlocal Video Information Sharing Platform	Bengaluru	Matrix Partners	Private Equity	"60,00,000"	Yes
455	14-12-17	Curofy	Technology	Mobile App for Network of Doctors	Gurgaon	RoundGlass Partners LLC	Seed/Angel Funding	"2,50,000"	Yes
456	14-12-17	HomeLane	E-Commerce	Online Furniture Marketplace	Bengaluru	"Accel Partners, Sequoia Capital, RB Investments"	Private Equity	"1,00,00,000"	Yes
457	14-12-17	WeDoSky	Technology	Provides Business Insights using Drone Imaginary	New Delhi	Mumbai Angels Network	Private Equity		No
458	15-12-17	Purplle	E-Commerce	Beauty Products Online Marketplace	Mumbai	"Mountain Pain Capital, Suncoast Investments"	Seed/Angel Funding	"5,37,000"	Yes
459	15-12-17	Cash Suvidha	E-Commerce	Online Micro-Lending Platform	New Delhi	N/A	Debt Funding	"27,00,000"	Yes
460	18-12-17	Sky Met Weather	Technology	Weather Forecast Platform	Noida	InsuResillience Investment Fund	Private Equity		No
461	19-12-17	Springboard	Technology	Online Courses and Mentoring from Experts	Bengaluru	"Costanoa, Learn Capital, Jyoti Bansal"	Private Equity	"95,00,000"	Yes
462	19-12-17	Peel Works	Technology	SaaS based Big Data Analytics Platform	Mumbai	Unilever Ventures	Private Equity		No
463	19-12-17	9Stacks	Technology	Online Poker Platform	New Delhi	"Swati Gupta, Purnima Khandelwal, Maheshwar Peri, Sanjay Singh"	Private Equity	"15,00,000"	Yes
464	20-12-17	Your Quote	Technology	Vernacular and Video Content Platform	Bengaluru	"Axilor Ventures, E-City VEntures Atul Goel"	Private Equity	"10,00,000"	Yes
465	20-12-17	Spandana Sphoorty	Finance	Micro finance institution providing small ticket unsecured loans to women	Hyderabad	"""Kedaraa Capital, Ontario Teachers\\'"""	Private Equity	"1,95,00,000"	Yes
466	21-12-17	Indus OS	Technology	Regional Operating System for Smartphones	Mumbai	Omidyar Network	Private Equity	"40,00,000"	Yes
467	21-12-17	EasyEcom	E-Commerce	Ecommerce enabler platform	Bengaluru	"Ambarish Gupta, Aneesh Reddy, Bold Ventures, Vona Investments"	Seed/Angel Funding	"1,50,000"	Yes
468	21-12-17	IGP.com	E-Commerce	Online Gifting Platform	Not Specified	Venture Catalysts	Private Equity		No
469	26-12-17	Specsmakers	E-Commerce	Online Spects Platform for Men and Women	Chennai	Eight Roads Ventures India	Private Equity	"1,00,00,000"	Yes
470	27-12-17	Garage On Road	E-Commerce	Online vehicle service booking platform	Noida	Gaurav Gupta	Private Equity		No
471	27-12-17	Foyr.com	Technology	Realty Tech Startup solving real life Interior Designing problems	Hyderabad	Jones Lang LaSalle	Private Equity	"38,00,000"	Yes
472	02-11-17	Prest Loans	Finance	Business & SME Loans provider	New Delhi	"Manish Poddar, Arun Garg, Parmeshwar Sharma"	Seed Funding	"5,70,000"	Yes
473	02-11-17	AadharAPI.com	Technology	Aadhaar-based API provider	Pune	CIO Angel Network	Seed Funding		No
474	02-11-17	FreshBoxx	ECommerce	Online Grocery Store	Bengaluru	Jayant Humbarwadi	Seed Funding		No
475	03-11-17	Vagupu	Technology	Online Tutorial Marketplace	Bengaluru	Undisclosed Investors	Seed Funding	"10,00,000"	Yes
476	03-11-17	HalaPlay	Consumer Internet	Online Fantasy Games	Mumbai	"Kae Capital Management, Nazara Technologies"	Seed Funding		No
477	03-11-17	Kalpnik Technologies	Technology	VR based Spiritual platform	Bengaluru	Venture Catalysts	Seed Funding	"5,00,000"	Yes
478	04-11-17	Hevo Data	Technology	Real time data analytics & reporting	Bengaluru	IDG Ventures India	Private Equity	"10,00,000"	Yes
479	06-11-17	Smart Karma	Technology	Financial Technology Research Platform	Bengaluru	IDG Ventures India	Private Equity		No
480	06-11-17	Leverage Edu	ECommerce	Online platform for Higher Education Services	New Delhi	"Alok Mittal, Deepak Jain, Ritesh Malik, Jim Schimdktke"	Seed Funding		No
481	07-11-17	Crayon Data	Technology	Customer Engagement Platform	New Delhi	Infosys co-founder Kris Gopalakrishnan	Seed Funding		No
482	07-11-17	DocTalk	Technology	Doctor Patient Communication platform	Mumbai	"Matrix Partners India, Khosla Ventures"	Private Equity	"50,00,000"	Yes
483	07-11-17	CoveIoT	Technology	Wearable tech and Internet of Things platform	Bengaluru	"Titan Co Ltd, Tata Group\\xe2\\x80\\x99s watch and jewellery retailing firm"	Private Equity	"50,00,000"	Yes
484	08-11-17	TalentEdge	Technology	Distance Education Learning Platform	Bengaluru	Lumis Partners	Private Equity	"76,00,000"	Yes
485	08-11-17	Fisdom	Finance	Mutual Fund Investment App	Bengaluru	Quona Capital Management	Private Equity	"30,00,000"	Yes
486	08-11-17	FarmLink	eCommerce	Online platform for Agricultural products	Mumbai	"Pioneering Ventures, Syngenta AG"	Private Equity	"30,00,000"	Yes
487	08-11-17	OpenApp	Technology	IoT based Tech Startup	Bengaluru	"Axilor Ventures, Kumar Vembu"	Private Equity	"36,00,000"	Yes
488	09-11-17	NoPaperForms	Technology	Enrolment Management Platform	New Delhi	Info Edge	Seed Funding	"8,72,000"	Yes
489	09-11-17	Tilite Technologies Pvt. Ltd	Technology	Saas based Corporate Travel Management Solution	Bengaluru	Matrix Partners	Seed Funding		No
490	09-11-17	Mobiliz AR	Technology	Augmented Reality based Tech platform	Bengaluru	"IDG Ventures, IDFC-Parampara Fund"	Private Equity		No
491	10-11-17	Qubole	Technology	Big Data based analytics platform	Bengaluru	"Singtel, Innov8, Harmony Partners"	Private Equity	"2,50,00,000"	Yes
492	10-11-17	Happily Unmarried	ECommerce	Online Gifting platform	New Delhi	Wipro Consumer Care	Private Equity		No
493	13-11-17	Universal Sportsbiz Pvt. Ltd	ECommerce	Celebrity fashion accessories and merchandise	Mumbai	Accel Partners	PrivateEquity	"1,50,00,000"	Yes
494	14-11-17	Hungry Foal	Ecommerce	Healthy & Nutrition based snacks online platform	Gurgaon	GAIL India Ltd	Seed Funding		No
495	14-11-17	Active AI	Technology	AI based FinTech platform	Bengaluru	Vertex Ventures	Private Equity	"82,50,000"	Yes
496	15-11-17	Sumeru	Technology	Banking Software License Platform	Bengaluru	Undisclosed Investors	Seed Funding	"9,00,000"	Yes
497	15-11-17	ElderAid Wellness	Health Care	Social Healthcare Enterprise	Bengaluru	Rugmini Menon	Angel Funding		No
498	15-11-17	Omnia Information	Technology	WiFi Analytics Platform	New Delhi	Omidyar Network	Private Equity	"30,00,000"	Yes
499	15-11-17	Josh Talks	Inspiration	Storytelling platform	Gurgaon	"Girish Mathrubootham, Apurva Chamaria, Rohit Chanana"	Private Equity		No
500	15-11-17	Reniso	Technology	End-to-End property management for landlords living away	New Delhi	"Nishit Sharma, Alok Srivastava"	Seed Funding		No
501	17-11-17	Kanhaiya	Inspiration	Storytelling platform	Hyderabad	Undisclosed Investors	Seed/Angel Funding	"2,00,000"	Yes
502	17-11-17	Perspectico	Technology	Placement preparation and career growth training platform	New Delhi	"SSCBS Innovation, Incubation Foundation (SIIF)"	Seed/Angel Funding		No
503	20-11-17	ONN Bikes	Technology	Self riding bike rental program	Mumbai	Z Nation Lab	Seed/Angel Funding	"6,92,000"	Yes
504	21-11-17	Rapido	Technology	Bike and Taxi pooling online platform	Hyderabad	"Skycatcher Fund, Aravind Sanka"	Seed/Angel Funding	"3,29,230"	Yes
505	21-11-17	Heckyl	Technology	Big Data Analytics Platform	Mumbai	"Notion Capital, IDG Ventures"	Private Equity	"27,00,000"	Yes
506	21-11-17	Nuvepro	Technology	Managed Cloud Environment Solutions	Mumbai	1Crowd	Seed/Angel Funding	"4,00,000"	Yes
507	21-11-17	RedBook	Technology	AI based pharmacy drugs insights platform	Mumbai	"Vida Ventures, Dr. Aniruddha Malpani"	Seed/Angel Funding	"2,50,000"	Yes
508	21-11-17	Portea	Healthcare	Healthcare facilities at doorstep	Bengaluru	"Sabre Partners, MEMG CDC"	Private Equity	"2,60,00,000"	Yes
509	21-11-17	Credit Mate	Technology	Vehicle loan approval platform	Mumbai	Paytm	Private Equity		No
510	21-11-17	Epiq Capital	Finance	Tech based investor firm	Mumbai	Global Institutional Investors	Private Equity	"20,00,00,000"	Yes
511	22-11-17	MiStay	Technology	Online Hotel Reservation Platform	Bengaluru	Axilor Ventures	Seed/Angel Funding		No
512	23-11-17	WittyFeed	Storytelling	Viral Content and storytelling platform	Indore	Sandeep Aggarwal	Seed/Angel Funding		No
513	24-11-17	IDG Ventures	Finance	Venture Capitalist	Bengaluru	Uniliver Ventures	Private Equity	"1,00,00,000"	Yes
514	24-11-17	TempGo	Technology	IoT and SaaS based transportation platform	Goa	Javelin StartupO Victory Fund	Seed/Angel Funding	"2,50,000"	Yes
515	27-11-17	Edelweiss	Finance	Diversified Financial	Mumbai	Undisclosed investors	Private Equity	"27,00,00,000"	Yes
516	27-11-17	ERA	Technology	Identity management platform	Mumbai	Amit Patni	Seed/Angel Funding	39000.00	Yes
517	27-11-17	Smaaash	Technology	Virtual Reality based gaming platform	Mumbai	Sixth Sense Ventures	Private Equity	"38,00,000"	Yes
518	28-11-17	Chumbak	Lifestyle	Designer-led consumer products	Bengaluru	Gaja Capital	Private Equity	"1,30,00,000"	Yes
519	28-11-17	FR8	Technology	Online Truck aggregator platform	Chennai	IFMR Capital	Debt Funding	"15,00,000"	Yes
520	28-11-17	MobieFit	Healthcare	Health and fitness based mobile App	Goa	"NB Ventures, MediAssist"	Seed/Angel Funding	"13,50,000"	Yes
521	28-11-17	Stanza Living	Technology	Student accommodation platform	New Delhi	"Matrix PArtners, Accel"	Private Equity	"20,00,000"	Yes
522	03-10-17	ChqBook	Consumer Internet	Home Loans Aggregation platform	Gurgaon	"Startup Buddy, Apurva Chamaria,Sachin Arora, Bharat Gupta, Amit Manocha"	Seed Funding		No
523	03-10-17	HomeCapital	Consumer Internet	Home Loan Down payment assistance program	Mumbai	Venture Catalysts	Seed Funding		No
524	03-10-17	Ola Cabs	Consumer Internet	App based cab hailing services	Bengaluru	"Tencent, Softbank Group"	Private Equity	"11,00,00,000"	Yes
525	04-10-17	Elanic	Consumer Internet	P2P platform for Fashion sales	Bengaluru	Digital Garage	Seed Funding		No
526	04-10-17	CollPoll	Consumer Internet	Education collaboration platform	Bengaluru	Sprout Angels	Seed Funding	"3,06,000"	Yes
527	04-10-17	PhonePe	Consumer Internet	Digital Wallet	Bengaluru	Flipkart	Private Equity	"3,87,00,000"	Yes
528	05-10-17	Little Black Book	Consumer Internet	Local Recommendations and Discoveries Platform	New Delhi	"Blume Ventures, IDG Ventures & Indian Angel Network"	Private Equity	"10,00,000"	Yes
529	05-10-17	Oorjan	Technology	rooftop solar platform	Mumbai	Globevestor	Seed Funding	"4,50,000"	Yes
530	05-10-17	Zefo	ECommerce	Ecommerce Portal for Used Goods	Bengaluru	"Sequoia India, Helion Venture Partners, Beenext"	Private Equity	"92,00,000"	Yes
531	06-10-17	Yaantra	ECommerce	Mobile repair and Refurbishment platform	New Delhi	Carpediem Capital	Private Equity	"31,00,000"	Yes
532	06-10-17	Farm Taaza	Technology	Fresh Produce SCM company	Bengaluru	"Epsilon Venture Partners, Tara India Fund IV and others"	Private Equity	"80,00,000"	Yes
533	06-10-17	Drivezy	Consumer Internet	Self Drive car and bike rental platform	Bengaluru	"Das Capital, Axan Partners, Das Capital and IT Farm"	Private Equity	"1,00,00,000"	Yes
534	06-10-17	Slice Pay	Consumer Internet	Student Micro-financing platform	Bengaluru	"Das Capital, Simile Ventures"	Private Equity	"20,00,000"	Yes
535	09-10-17	Agrowave	Technology	Agriculture Supply Chain management solutions	Gurgaon	Daffodil Software	Seed Funding		No
536	09-10-17	MyGubbi	eCommerce	Home Interior Designing Seller	Bengaluru	"Firoze Irani, Vipul Parekh, Ananda Kallugadde, Rajesh K Murthy"	Private Equity	"27,00,000"	Yes
537	09-10-17	IBSFintech	Technology	Treasury Risk Management Solution	Bengaluru	Shailesh Haribhakti	Seed Funding		No
538	09-10-17	Letsservice	Consumer Internet	Auto Service Logistics & SAAS platform	Bengaluru	Aequs Group	Private Equity		No
539	09-10-17	OneStepUp	Technology	Education Technology platform	New Delhi	Orient BlackSwan	Seed Funding	"3,36,000"	Yes
540	09-10-17	ThirdWatch	Technology	AI-powered anti-fraud solutions	Gurgaon	"Rahul Agarwalla, Keshav Sanghi, Batlivala & Karani Securities"	Seed Funding		No
541	10-10-17	Parallel Dots	Technology	AI-powered deep learning solutions	Gurgaon	"Multipoint Capital,"	Private Equity	"14,00,000"	Yes
542	10-10-17	Easy Diner	Consumer Internet	online restaurant reservation platform	Gurgaon	Saama Capital and DSG Consumer Partners	Private Equity	"45,00,000"	Yes
543	11-10-17	Meesho	ECommerce	Online Reseller Network	Bengaluru	"SAIF Partners, YCombinator, Venture Highway"	Private Equity	"31,00,000"	Yes
544	11-10-17	StanPlus	Logistics	Medical Transportation Services	Hyderabad	KStart Capital	Private Equity	"11,00,000"	Yes
545	12-10-17	UCLID	Technology	"Education Network for Institutions, teachers & Students"	Hyderabad	Undisclosed investors	Seed Funding	"2,35,000"	Yes
546	13-10-17	Policy Bazaar	Consumer Internet	Online insurance policy aggregator	Gurgaon	"Wellington Management, DG Ventures India, True North"	Private Equity	"7,70,00,000"	Yes
547	13-10-17	Gapoon	Consumer Internet	home maintenance services platform	Bengaluru	"Vida Ventures, Snehal Mantri, Anshu Bahadur"	Seed Funding	"2,50,000"	Yes
548	13-10-17	Chaayos	eCommerce	Online Chai ordering platform	Gurgaon	Tiger Global Management	Private Equity	"20,00,000"	Yes
549	16-10-17	KrazyBee	Consumer Internet	Micro-lending platform	Bengaluru	"Xiaomi Technologies, Shunwei Capital"	Private Equity	"80,00,000"	Yes
550	16-10-17	Renew Buy	Consumer Internet	Online Insurance Aggregator	New Delhi	Amicus Capital	Private Equity	"92,00,000"	Yes
551	17-10-17	Fingerlix	Consumer Internet	Food Ordering Portal	Bengaluru	"Accel Partners, Zephyr Peacock"	Private Equity	"70,00,000"	Yes
552	18-10-17	Bank Bazaar	Consumer Internet	Online Financial Marketplace	Chennai	Experian	Private Equity	"70,00,000"	Yes
553	18-10-17	Hasura	Technology	App building platform	Chennai	"Nexus, GREE Ventures"	Private Equity		No
554	18-10-17	BlackBuck	Logistics	B2B Logistics provider	Bengaluru	Innoven Capital	Private Equity	"77,00,000"	Yes
555	18-10-17	LenDen Club	Consumer Internet	Online peer-to-peer lending platform	Mumbai	Undisclosed Investor	Seed Funding	"5,00,000"	Yes
556	23-10-17	Toppr	Consumer Internet	Mobile based learning app	Mumbai	"SAIF Partners, Helion Ventures, FIL Capital Management"	Private Equity	"70,00,000"	Yes
557	23-10-17	RAW Pressery	Food & Beverage	Cold pressed Juice maker	Mumbai	"DSG Consumer Partners, Sequoia Capital, Saama Capital"	Private Equity	"60,00,000"	Yes
558	23-10-17	Cashe	Consumer Internet	app-only lending platform	Mumbai	IFMR Capital	Debt Funding	"31,00,000"	Yes
559	23-10-17	Park Easy	Consumer Internet	Machine learning based parking discovery	Kolkata	Rockstart Accelerator	Seed Funding	"1,18,000"	Yes
560	24-10-17	TagBox	Technology	Cold Chain monitoring solution	Bengaluru	"Indian Angel network, IAN Fund"	Seed Funding		No
561	24-10-17	FYRE	Food & Beverage	Herbal energy shot maker	Mumbai	Venture Catalysts	Seed Funding	"5,00,000"	Yes
562	24-10-17	ZipLoan	Consumer Internet	SME lending platform	New Delhi	"Matrix Partners India, WaterBridge Ventures, Whiteboard Capital, Sarbvir Singh"	Private Equity	"30,00,000"	Yes
563	24-10-17	Skillenza	Consumer Internet	Online Learning Platform	Bengaluru	"Blume Ventures, Indian Angel Network"	Seed Funding	"7,22,000"	Yes
564	24-10-17	Chevon	Food & Beverage	Frozen Meat provider	Mumbai	Greenfield Advisory	Private Equity		No
565	25-10-17	PropStory	Consumer Internet	Real Estate content portal	Gurgaon	"Abhishek Bhatewara, Vivek Shah, Haitong Securities, Suraj Saharan, Paras Arora"	Seed Funding		No
566	25-10-17	SpotDraft	Consumer Internet	Contract Automation	Gurgaon	"Hunch Ventures, Spiral Ventures, 500 Startups, Singapore Angel Network, Citrus Payments"	Seed Funding	"5,50,000"	Yes
567	26-10-17	Big Basket	eCommerce	Online Grocery portal	Bengaluru	Helion Ventures Partners	Private Equity	"50,00,000"	Yes
568	27-10-17	OfBusiness	Technology	B2B Finance & Fulfilment Network	Gurgaon	Kotak Mahindra Bank	Debt Funding	"38,00,000"	Yes
569	27-10-17	Olly Credit	Technology	Credit + payment mobile app	New Delhi	"Incubate Fund, Sandesh Kirkire, Anand Kumar, Yogesh Chaudhary"	Seed Funding		No
570	28-10-17	CashFree	Technology	Payments Platform for Marketplaces and Fintechs	New Delhi	Y Combinator	Seed Funding	"1,20,000"	Yes
571	28-10-17	Ola Cabs	Consumer Internet	App based cab hailing services	Bengaluru	ANI Technologies Pvt. Ltd	Private Equity	"77,00,000"	Yes
572	30-10-17	GoldFarm	Food & Beverage	Agriculture Technology	Coimbatore	Mahindra & Mahindra and Infuse Ventures	Private Equity	"20,00,000"	Yes
573	31-10-17	NetMeds	ECommerce	Online Pharmacy	Chennai	TannCam Investment & Sistema Asia Fund	Private Equity	"1,40,00,000"	Yes
574	31-10-17	MSE	Finance	Equity Stock Exchange	Mumbai	"IL&FS, Trust Capital, Rosy Blue Securities, Radhakrishan Damani and Rakesh Jhunjhunwala"	Private Equity	"3,20,00,000"	Yes
575	01-09-17	Aahaa Stores	eCommece	Online B2B store for office supplies	Chennai	YourNest Angel Fund	Private Equity	"10,00,000"	Yes
576	01-09-17	MFine	Consumer Internet	Online Doctor Discovery platform	Bengaluru	"Stellaris Venture Partners, Mayur Abhaya, Rohit MA"	Private Equity	"15,00,000"	Yes
577	01-09-17	Canvera	Consumer Internet	Online Photography platform	Mumbai	InfoEdge	Private Equity	"13,00,000"	Yes
578	04-09-17	PrimaryIO	Technology	Application Performance Acceleration	Pune	"Accel Partners, Exfinity Ventures, Partech Ventures"	Private Equity	"56,00,000"	Yes
579	05-09-17	Shubh Loans	Consumer Internet	online lending platform	Bengaluru	"SRI Capital, BeeNext, Pravega Ventures"	Private Equity	"15,00,000"	Yes
580	05-09-17	Nest Education	Technology	EduTech Platform	Gurgaon	"Michael and Susan Dell Foundation, Anand Mahindra"	Seed Funding	"6,00,000"	Yes
581	06-09-17	Lending Kart	Consumer Internet	Online Lending Platform	Ahmedabad	"Bertelsmann India, Mayfield Capital, Saama Capital, Darrin Capital"	Private Equity	"1,07,50,000"	Yes
582	06-09-17	GoFro	Consumer Internet	Online travel booking platform	New Delhi	"HIS Co. Ltd, MakeMyTrip"	Private Equity	"1,00,00,000"	Yes
583	06-09-17	OncoStem	Healthcare	Medical Diagnostic Solutions	Bengaluru	"Sequoia Capital India, Artiman Ventures"	Private Equity	"60,00,000"	Yes
584	06-09-17	Power2SME	eCommerce	Buying Club for Small Businesses	Gurgaon	"International Finance Corporation (IFC), Inventus Capital Partners, Accel Partners, Kalaari Capital, and Nandan Nilekani,"	Private Equity	"2,60,00,000"	Yes
585	07-09-17	Credit Vidya	Consumer Internet	Online Credit scoring platform	Mumbai	Matrix Partners	Private Equity	"50,00,000"	Yes
586	07-09-17	Tails Life	Consumer Internet	Pet care portal & mobile app	Bengaluru	V Balakrishnan.	Private Equity		No
587	07-09-17	OYO Rooms	Consumer Internet	Branded budget hotels marketplace	Gurgaon	"SoftBank Group, Sequoia Capital India, Lightspeed Venture Partners, Greenoaks Capital, Hero Enterprise"	Private Equity	"25,00,00,000"	Yes
588	07-09-17	Early Salary	Consumer Internet	Online Unsecured Lending platform	Pune	IFMR Capital	Debt Funding	"7,80,000"	Yes
589	07-09-17	MamaEarth	eCommerce	online babycare products marketplace	Gurgaon	Fireside Ventures	Seed Funding		No
590	07-09-17	Seniority	eCommerce	Ecommerce portal for senior citizens	Pune	RPG Enterprises	Private Equity	"10,00,000"	Yes
591	08-09-17	AYE Finance	Consumer Internet	Micro Lending Platform	New Delhi	"Triodos Investment Management,"	Debt Funding	"69,00,000"	Yes
592	08-09-17	Farmizen	Technology	Agre-Tech Mobile app	Bengaluru	"Venture Highway, Alok Mittal, Mohit Agarwal, Anuj Gupta,"	Seed Funding		No
593	11-09-17	Ecom Express	Logistics	Logistics Solutions provider	New Delhi	Warburg Pincus	Private Equity	"3,00,00,000"	Yes
594	11-09-17	Call Health	Consumer Internet	Healthcare Services Aggregator	Hyderabad	"Sachin Tendulkar, P.V SIndhu, Pullela Gopichand"	Private Equity	"62,00,000"	Yes
595	12-09-17	Sattviko	eCommerce	Health Food etailer	New Delhi	"Raman Roy, Arvind Uppal, Sonu Bhasin, G Ravishankar"	Seed Funding		No
596	12-09-17	3HCare	Consumer Internet	Healthcare services portal	New Delhi	Undisclosed Investor	Seed Funding	"1,00,000"	Yes
597	12-09-17	Tonbo Imaging	Technology	Imaging Technology for Armed Forces	Bengaluru	"WRV Capital, Qualcomm Ventures, Edelweiss Private Equity, Artiman Ventures"	Private Equity	"1,70,00,000"	Yes
598	12-09-17	Get My Parking	Consumer Internet	Smart Parking Enabler	New Delhi	"IAN Fund, Beenext, Indian Angel Network"	Private Equity	"30,00,000"	Yes
599	13-09-17	WittyFeed	Technology	Content marketing platform	Indore	"Anand Chandrasekaran, Apurva Chamaria, Ritesh Malik, Ashish Toshniwal, Ajeet Khurana"	Seed Funding		No
600	13-09-17	Glowroad	Consumer Internet	women focussed customer-to-customer reseller network	Bengaluru	"Accel Partners,"	Private Equity	"20,00,000"	Yes
601	13-09-17	OYO Rooms	Consumer Internet	udget hotel marketplace	Gurgaon	China Lodging Group	Private Equity	"1,00,00,000"	Yes
602	13-09-17	Unacademy	Consumer Internet	Online learning platform	Mumbai	"Sequoia Capital India, SAIF Partners, Nexus Venture Partners and Blume Ventures,"	Private Equity	"1,15,00,000"	Yes
603	13-09-17	Heterogenous	Technology	Telecom & IoT platform	Chennai	"Chennai Angels, Keiretsu Forum & Others"	Seed Funding	"7,80,000"	Yes
604	14-09-17	Gurukul	Consumer Internet	co-working space provider	New Delhi	"Rohit Nanda, Rajit Nanda, Smarak Bhuyan, Sashwat Brahma,"	Seed Funding		No
605	14-09-17	Smaaash	Technology	Virtual Reality gaming and entertainment platform	Mumbai	ECL Finance	Private Equity	"4,40,00,000"	Yes
606	14-09-17	WheelStreet	Consumer Portal	Bike Rental Platform	Bengaluru	Y Combinator	Seed Funding	"1,20,000"	Yes
607	14-09-17	Xprep	Consumer Internet	Online Tutoring Platform	New Delhi	"Rising Stars, Manish Amin, Pallav Pandey, Chavi Jafa"	Private Equity		No
608	18-09-17	The Moms Co	eCommerce	Pregnancy & Baby Care product etailer	Gurgaon	"DSG Consumer Partners, Saama Capital"	Private Equity	"10,00,000"	Yes
609	19-09-17	Noticeboard	Technology	"mobile-first communication platform for on-field staff,"	Bengaluru	"Shamik Sharma, Aprameya Radhakrishna"	Seed Funding		No
610	19-09-17	High Radius	Technology	Integrated receivables software solutions	Hyderabad	Susquehanna Growth Equity LLC	Private Equity	"5,00,00,000"	Yes
611	20-09-17	HWell24 Plus	Healthcare	Technology-Empowered Healthcare Solutions	Mumbai	Undisclosed Investors	Seed Funding		No
612	21-09-17	SaveBC	Finance	financial services firm	Gaya	Incofin Investment Management.	Private Equity	"60,00,000"	Yes
613	21-09-17	Gaming Monk	Consumer Internet	E-sports platform	New Delhi	AdvantEdge	Private Equity		No
614	21-09-17	91SpringBoard	Consumer Internet	Co-working spaces	New Delhi	"Sandway Investment Ltd, Pearl Brook Holdings, Silo Holdings and Al Nour"	Private Equity		No
615	21-09-17	Homergize	eCommerce	Home Furnishing & Building material marketplace	Bengaluru	LG Chandrasekhar	Private Equity	"10,00,000"	Yes
616	22-09-17	Yatra.com	eCommerce	Online Travel Agency	Gurgaon	InnoVen Capital India	Debt Funding	"1,54,00,000"	Yes
617	22-09-17	Ace Turtle	Technology	Omni-channel web commerce solutions provider	Bengaluru	InnoVen Capital	Private Equity		No
618	25-09-17	Vogo	Consumer Internet	Scooter Rental Platform	Bengaluru	AV Thomas Group	Seed Funding		No
619	25-09-17	Synup	Technology	SME Marketing Management Solution	Bengaluru	"Vertex Ventures, Prime Venture Partners."	Private Equity	"60,00,000"	Yes
620	25-09-17	Tinmen	Consumer Internet	Food Delivery platform	Hyderabad	Zomato Media Pvt. Ltd	Private Equity		No
621	25-09-17	Cropin	Technology	Crop Technology Solutions	Bengaluru	Beenext	Private Equity		No
622	25-09-17	Rapido	Consumer Internet	Bike Aggregator Mobile App	Bengaluru	Battery Road Digital Holdings LLC	Seed Funding	"4,22,000"	Yes
623	25-09-17	Sportobuddy	Consumer Internet	Sports & Sport related equipment portal	Mumbai	Mehul Shah	Seed Funding	"1,50,000"	Yes
624	26-09-17	Credifiable	Consumer Internet	Online consumer lending platform	Bengaluru	Kae Capital	Private Equity		No
625	26-09-17	Inclov	Consumer Internet	Matchmaking app for the differently abled	Gurgaon	"Rajan Anandan, Jamil Khatri, Ravi Iyer, Raghav Bahl"	Seed Funding		No
626	26-09-17	Multibhashi	Consumer Internet	Language learning Mobile App	Bengaluru	"Aniruddha Malpani, Startup Oasis"	Seed Funding		No
627	27-09-17	Transerve	Technology	Geospatial Technology-based SaaS solutions	Mumbai	"IL&FS Investment Managers, Omidyar Network."	Private Equity	"16,00,000"	Yes
628	27-09-17	Fashalot	Consumer Internet	O2O fashion discovery platform	Gurgaon	"Capillary Technologies, Whiteboard Capital, YourNest Angel Fund, Rajul Garg"	Private Equity		No
629	27-09-17	Pitstop	Consumer Internet	Car repair and Servicing Platform	Bengaluru	"Blume Ventures, Goldbell Group, Anurag Srivastava, Shailesh Rao, Amiya Pathak, Rajesh Yohanan and Rahul Garg"	Private Equity	"10,00,000"	Yes
630	27-09-17	GoChoppers	Consumer Internet	Luxury Helicopter Tourism Services portal	Gurgaon	"Rivergate Capital,"	Seed Funding		No
631	27-09-17	MyUpchar	Consumer Internet	Local Language Health Information portal	New Delhi	LetsVenture	Seed Funding	"3,00,000"	Yes
632	28-09-17	Aadyah	Technology	Defense Tech & Aerospace startup	Bengaluru	Keiretsu Forum	Private Equity	"10,00,000"	Yes
633	01-08-17	TouchKin	Technology	Predictive Care Platform	Bengaluru	Kae Capital	Private Equity	"13,00,000"	Yes
634	02-08-17	Ethinos	Technology	Digital Marketing Agency	Mumbai	Triton Investment Advisors	Private Equity		No
635	02-08-17	Leverage Edu	Consumer Internet	Online platform for Higher Education Services	New Delhi	"Kashyap Deorah, Anand Sankeshwar, Deepak Jain, Sadashiva NT, Arjun Mehta, Satish Kaul, Anindya Ghose"	Seed Funding		No
636	02-08-17	Zepo	Consumer Internet	DIY Ecommerce platform	Mumbai	"Kunal Shah, LetsVenture, Anupam Mittal, Hetal Sonpal"	Seed Funding	"5,00,000"	Yes
637	02-08-17	Click2Clinic	Consumer Internet	healthcare service aggregator	Hyderabad	"Narottam Thudi, Shireesh Palle"	Seed Funding	"8,50,000"	Yes
638	03-08-17	SpeedBox	Logistics	On-Demand Logistics Service provider	Mumbai	Cismat Cargo Services Pvt. Ltd.	Seed Funding	"3,00,000"	Yes
639	03-08-17	Skill Connect	Consumer Internet	Recruitment Portal	Jaipur	Rajasthan Angel Investor Network	Seed Funding		No
640	03-08-17	Chai Point	Consumer Internet	Tea Delivery Portal & offline stores	Bengaluru	"DSG Consumer Partners, Eight Roads Ventures India"	Private Equity		No
641	03-08-17	Zoctr	Consumer Internet	Health Products & Services Aggregator	Mumbai	SIDBI	Private Equity		No
642	04-08-17	Lime Tray	Technology	Restaurant Management Solutions	New Delhi	JSW Ventures	Private Equity		No
643	04-08-17	CoutLoot	eCommerce	Fashion Resale Marketplace	Mumbai	"Anuj Puri, Redcliffe Capital, Artha India Ventures, Siddharth Kothari, Apoorv Ranjan Sharma,"	Seed Funding		No
644	04-08-17	Box My Space	Logistics	Warehouse Aggregator	Mumbai	"R. Jayakumar, Vaibhav Vohra, Aditya Vazirani, Rhea Vazirani, AVN Business Solutions, Dreamweaver Investments"	Seed Funding		No
645	05-08-17	Curatio	Healthcare	Skincare Speciality services	Chennai	Anicut Capital	Private Equity		No
646	08-08-17	New Castle Technologies	Technology	Hospital Management Software	Chennai	Undisclosed investors	Seed Funding	"2,43,000"	Yes
647	08-08-17	My Forex Eye	Consumer Internet	foreign exchange services	New Delhi	"Rahul Dev Kumar, Rajesh Mahajan, Ankit Sharma and others"	Seed Funding	"2,20,000"	Yes
648	09-08-17	TruxApp	Logistics	Mobile based Logistics Service	New Delhi	"Venugopal Dhoot, Ajay Bhatia, Tarun Khandelwal, Ganpat Singhvi, Mandhian family & Others"	Seed Funding	"31,00,000"	Yes
649	09-08-17	CroFarm	Technology	Agriculture Supply Chain solutions	Gurgaon	Factor[e] Ventures	Seed Funding	"7,83,000"	Yes
650	09-08-17	DoodhWala	Consumer Internet	Online milk delivery	Bengaluru	Tom Varkey	Seed Funding		No
651	10-08-17	Stayabode	Consumer Internet	Co-Living space aggregator	Bengaluru	"Incubate Fund, Sanjay Shenoy, Mridul Upreti,"	Private Equity		No
652	11-08-17	Flipkart	eCommerce	Online Marketplace	Bengaluru	Softbank	Private Equity	"2,50,00,00,000"	Yes
653	11-08-17	Moong Labs	Technology	Mobile games developer	New Delhi	Nazara Games	Private Equity		No
654	11-08-17	Ola Cabs	Consumer Internet	App based cab aggregation Service	Gurgaon	Tekne Capital Management	Private Equity	"3,60,00,000"	Yes
655	14-08-17	Sports Flashes	Consumer Internet	Sports Content Mobile App	New Delhi	"Bennett, Coleman and Company Ltd (BCCL),"	Private Equity		No
656	14-08-17	Digilend	Technology	Personal Loans & EMI solutions platform	Mumbai	"InCred Finance, Fullerton India Credit Company Ltd"	Seed Funding	"3,12,000"	Yes
657	15-08-17	KNAB Finance	Consumer Internet	Unsecured Small Business Loans	Bengaluru	"InCred, Krishnakumar Natarajan, Ravi Bhardwaj"	Seed Funding	"3,85,000"	Yes
658	17-08-17	Get Simpl	Consumer Internet	Payment Solution Mobile app	Mumbai	"Green Visor Capital LP II, IA Venture Strategies Fund II LP, Boillot Family Trust, Russell M Byrne, The Oliver R. Grace, Jr. Millennium Trust, SF Capital Investments LP"	Seed Funding		No
659	20-08-17	Rootefy	eCommerce	Building material online store	New Delhi	"Abhinav Gupta,"	Seed Funding	"1,87,000"	Yes
660	21-08-17	Uniphore	Technology	speech recognition startup	Chennai	IDG Ventures	Private Equity	"68,00,000"	Yes
661	21-08-17	Cerebroz	Consumer Internet	E-Tech platform	Vadodara	Undisclosed HNI\\xe2\\x80\\x99s	Seed Funding	"7,34,000"	Yes
662	22-08-17	Flochat	Consumer Internet	instant messaging platform	Mumbai	"iSquare Global,"	Seed Funding		No
663	22-08-17	EasyGov	Consumer Internet	Govt service application portal	Noida	"Social Alpha, Rajan Anandan, Rajeev Ahuja, Kshitij Arora"	Seed Funding		No
664	23-08-17	Milk Basket	Consumer Internet	Online Grocery platform	Gurgaon	Blume Ventures. Lenovo Capital and Incubator Group (LCIG)	Seed Funding		No
665	23-08-17	Dhruva	Technology	Cloud data protection and management solutions	Pune	"Riverwood Capital, Sequoia Capital India, Nexus Venture Partners, Tenaya Capital"	Private Equity	"8,00,00,000"	Yes
666	23-08-17	Bombay Shaving Company	eCommerce	Men Grooming product etailer	New Delhi	Fireside Ventures	Private Equity	"23,00,000"	Yes
667	23-08-17	Awign	Technology	Operations and manpower outsourcing	Bengaluru	"IIT Ropar, Imanpreet Singh Arora, Sidharth Rozario, Saurabh Abichandani, Shikhar Gupta,"	Seed Funding		No
668	23-08-17	Indiez	Technology	Software & Mobile app development platform	Bengaluru	Haresh Chawla	Seed Funding	"5,00,000"	Yes
669	24-08-17	Ezetap	Technology	mPOS solutions provider	Bengaluru	"JS Capital Management, Social Capital, Horizons Ventures,"	Private Equity	"1,60,00,000"	Yes
670	25-08-17	Ink Monk	Consumer Internet	Online printing marketplace	Chennai	"VAMM Ventures, Raksul, Dena"	Seed Funding	"7,50,000"	Yes
671	25-08-17	Medinfi	Consumer Internet	Online Doctor Discovery Platform	Bengaluru	"PBS Srinivas, Vinod Martin,"	Seed Funding	"1,25,000"	Yes
672	28-08-17	Mobikon	Technology	Restaurant & Hotel CRM platform	Pune	"Sistema Asia Fund, C31 Ventures, Qualgro."	Private Equity	"70,00,000"	Yes
673	29-08-17	CureFit	Consumer Internet	End to End health and wellness platform.	Bengaluru	"Accel Partners, IDG Ventures, Kalaari Capital,\\xc2\\xa0 UC-RNT fund"	Private Equity	"2,50,00,000"	Yes
674	29-08-17	Doxper	Technology	Healthtech IoT platform	Mumbai	"idal Health, growx ventures, Capier Investments, Globevestor & others"	Seed Funding	"7,50,000"	Yes
675	29-08-17	Fieldassist	Technology	SAAS based sales force automation services	Gurgaon	Small Industries Development Bank of India (SIDBI)	Debt Funding		No
676	30-08-17	Treebo	Consumer Internet	Budget Hotel Aggregator platform	Bengaluru	"Ward Ferry Management and Karst Peak Capital,"	Private Equity	"3,40,00,000"	Yes
677	30-08-17	MedGenome	Technology	Genomics Research and Diagnostics Solutions	Bengaluru	"Sequoia India, Sofina s.a., Zodius Capital, Kris Gopalakrishnan, Lakshmi Narayanan,"	Private Equity	"3,00,00,000"	Yes
678	01-07-17	Billion Loans	Consumer Internet	Peer to Peer Lending platform	Bengaluru	Reliance Corporate Advisory Services Ltd	Seed Funding	"10,00,000"	Yes
679	03-07-17	Ecolibriumenergy	Technology	Energy management solutions provider	Ahmedabad	"Infuse Ventures, JLL"	Private Equity	"26,00,000"	Yes
680	04-07-17	Droom	eCommerce	Online marketplace for automobiles	Gurgaon	"Asset Management (Asia) Ltd, Digital Garage Inc"	Private Equity	"2,00,00,000"	Yes
681	05-07-17	Jumbotail	eCommerce	online marketplace for food and grocery	Bengaluru	"Kalaari Capital, Nexus India Capital Advisors"	Private Equity	"85,00,000"	Yes
682	05-07-17	Moglix	eCommerce	B2B marketplace for Industrial products	Noida	"International Finance Corporation, Rocketship, Accel Partners, Jungle Ventures, Shailesh Rao, Venture Highway"	Private Equity	"1,20,00,000"	Yes
683	05-07-17	Timesaverz	Consumer Internet	Hyperlocal home services provider	Mumbai	BCCL	Private Equity	"10,00,000"	Yes
684	06-07-17	Minjar	Technology	Cloud Solutions provider	Bengaluru	"Blume Ventures, Contrarian Capital India Partners, Emergent Ventures India, Pallav Nadhani, Ashish Gupta, Sharad Sharma, Sirion Labs"	Seed Funding		No
685	06-07-17	MyCity4kids	Consumer Internet	parenting blog and kids\\xe2\\x80\\x99 events discovery platform	Gurgaon	N/A	Seed Funding		No
686	07-07-17	Clip App	Consumer Internet	Digital Media Video platform	Bengaluru	"India Quotient, Shunwei Capital"	Seed Funding	"10,00,000"	Yes
687	07-07-17	Upwardly.in	Consumer Internet	MF investment platform	Bengaluru	"Sreeram Iyer, Suvo Sarkar, Anita Gupta, Likemind Ventures"	Seed Funding		No
688	10-07-17	Autorox.co	Technology	Workshop Management Software Platform	Hyderabad	Mitsui & Co.	Private Equity	"30,00,000"	Yes
689	11-07-17	Fabogo	Consumer Internet	Salon & Spa Aggregation & Discovery platform	Pune	Dunamis Ventures Pte Ltd	Private Equity	"22,50,000"	Yes
690	11-07-17	Flickstree	Consumer Internet	Video Content Discovery Platform	Mumbai	"Venture Catalysts, Sourav Ganguly, Ankit Aditya, Moksh Sports Ventures"	Seed Funding	"4,64,000"	Yes
691	11-07-17	Design Cafe	Consumer Internet	Online Interior Design platform	Bengaluru	"Fireside Ventures, Apurva Salarpuria, Sidharth Pansari, Sprout Capital"	Seed Funding		No
692	12-07-17	Innoviti	Technology	Digital payments solutions	Bengaluru	"SBI-FMO Fund, Bessemer Venture Partners, Catamaran Ventures"	Private Equity	"1,85,00,000"	Yes
693	12-07-17	VDeliver	Logistics	Door Step Delivery platform	Hyderabad	"Corvus Ventures, MAPE Advisory Group"	Private Equity		No
694	12-07-17	Bottr.me	Technology	Chatbot creation tool	Bengaluru	"500 Startups, Purvi Capital, Rajan Anandan, Abhishek Gupta"	Seed Funding		No
695	12-07-17	Arcatron	Technology	Next Gen Mobility device manufacturer	Pune	Indian Angel Network	Seed Funding		No
696	14-07-17	QwikSpec	Technology	Construction site operations and analytics platform	Bengaluru	"Brigade Innovations LLP, TV Mohandas Pai, Suhail Rahman, Bobby Reddy, M George Oommen"	Seed Funding	"5,40,000"	Yes
697	14-07-17	Chumbak	eCommerce	Designer consumer products Marketplace	Bengaluru	Blacksoil Capital Pvt. Ltd	Private Equity	"17,00,000"	Yes
698	17-07-17	Increff	Technology	Sales Solutions for Fashion Brands	Bengaluru	"Sequoia Capital, Grey Orange, Rajesh Ramaiah, Anshuman Das, Rishi Das"	Seed Funding	"20,00,000"	Yes
699	17-07-17	Vayana	Technology	Enterprise Banking Solutions	Pune	"IDG Ventures India Advisors, Jungle Ventures"	Private Equity	"40,00,000"	Yes
700	18-07-17	MObiquest	Technology	Mobile Services & Solutions	Noida	One97 Communication Ltd	Private Equity		No
701	18-07-17	Ambee	Consumer Internet	Ambulance Aggregation Services	Hyderabad	"Uber Technologies Inc, Amaya Capital LLP"	Seed Funding		No
702	18-07-17	Ideal Insurance	Consumer Internet	Online Insurance platform	Kolkata	Xelpmoc	Seed Funding		No
703	18-07-17	Hypernova Interactive	Technology	Mobile games creator	Bengaluru	Kae Capital	Seed Funding		No
704	19-07-17	Rentomojo	Consumer Internet	Consumer Leasing Platform	Bengaluru	"ain Capital Ventures, Renaud Laplanche"	Private Equity	"1,00,00,000"	Yes
705	19-07-17	AirCTO	Consumer Internet	AI powered recruitment platform	Bengaluru	Francesco Cara	Seed Funding		No
706	19-07-17	Playablo	Technology	Gamified Learning App	Bengaluru	ABI-Showatech (India) Ltd	Seed Funding	"6,00,000"	Yes
707	20-07-17	Trupay	Technology	Online payments platform	Gurgaon	"Kae Capital, M&S Partners,"	Seed Funding	"7,00,000"	Yes
708	21-07-17	Brick2Wall	eCommerce	Online Marketplace for Construction Material	Gurgaon	"Subramani Somasundaram, Sundeep Sahni, Mayank Mittal & Others"	Seed Funding	"2,00,000"	Yes
709	21-07-17	FableStreet	eCommerce	Women Work wear etailer	New Delhi	"Harmeet Bajaj, Pameela P, Fusiontech Ventures & Others"	Seed Funding		No
710	21-07-17	Monsoon Fintech	Technology	Machine Learning Access platform	New Delhi	"Sunil Kalra, Aditya Singh, Rishi Srivastava, Rajan Anandan"	Seed Funding		No
711	21-07-17	MonkeyBox	Consumer Internet	Healthy Food Delivery Platform	Bengaluru	"Blume Ventures, NB Ventures, Nspira"	Seed Funding		No
712	25-07-17	Noticeboard	Consumer Internet	Mobile-first Enterprise communication platform	Bengaluru	"Stellaris Venture Partners,"	Private Equity	"12,00,000"	Yes
713	25-07-17	Byju\\xe2\\x80\\x99s	Consumer Internet	Mobile Learning App	Bengaluru	Tencent Holdings	Private Equity	"3,50,00,000"	Yes
714	26-07-17	Creator\\xe2\\x80\\x99s Gurukul	Others	Co-Working Space Provider	New Delhi	Yuvraj Singh	Seed Funding		No
715	26-07-17	Fab Hotels	Consumer Internet	Budget hotels brand & Aggregator Platform	New Delhi	Goldman Sachs	Private Equity	"2,50,00,000"	Yes
716	26-07-17	ThinkerBell	Consumer Internet	Assisted Learning Startup	Bengaluru	"Indian Angel Network, Anand Mahindra"	Seed Funding	"2,00,000"	Yes
717	27-07-17	1mg	eCommerce	Online Pharmacy	Gurgaon	"HBM Healthcare Investments, Maverick Capital Ventures, Sequoia India, Omidyar Network and Kae Capital"	Private Equity	"1,50,00,000"	Yes
718	28-07-17	Jhakaas	Consumer Internet	App-based Aggregator of Offline Businesses	Mumbai	Amen Dhyllon	Seed Funding		No
719	28-07-17	BigStylist	Consumer Internet	Beauty Services Marketplace	Mumbai	Info Edge (India) Ltd	Private Equity	"12,50,000"	Yes
720	28-07-17	Gympik.com	Consumer Internet	online marketplace for discovering fitness centres	Bengaluru	RoundGlass Partners	Seed Funding		No
721	01-06-17	Tripeur	Technology	Mobile based travel ERP platform	Bengaluru	"Grace Grace Techno Ventures LLP, Rajul Garg & Other undisclosed investors"	Seed Funding		No
722	02-06-17	RentOnGo	eCommerce	"Online Marketplace for Renting Bikes, Electronics & Appliances"	Bengaluru	TVS Motor Company	Seed Funding	"2,34,000"	Yes
723	05-06-17	Goomo	Consumer Internet	Online Travel & Holiday Booking platform	Mumbai	Emerging India	Private Equity	"5,00,00,000"	Yes
724	05-06-17	MaxMyWealth	Consumer Internet	Online Wealth Management & Savings platform	Mumbai	"lockchain ecosystem Global Advisors, Horseferry"	Private Equity		No
725	06-06-17	Spinny	eCommerce	Online Used Car marketplace	Gurgaon	"Blume Ventures, Indian Angel Network, Kunal Shah, Sandeep Tandon"	Private Equity	"10,00,000"	Yes
726	06-06-17	Healthbuds	Consumer Internet	Healthcare Discovery & booking platform	Kolkata	"Arun Patodia, Bharat Kedia"	Seed Funding		No
727	06-06-17	Ftcash	Consumer Internet	Mobile Payments platform	Mumbai	"500 Startups, IvyCap Ventures"	Private Equity		No
728	06-06-17	BHIVE Workspace	Consumer Internet	co-working spaces	Bengaluru	Blume Ventures	Private Equity	"12,00,000"	Yes
729	06-06-17	wayForward	Consumer Internet	Mobile app for Mental Health	New Delhi	"Harsh Mahajan, Farhan Naqvi, Sreepathy Viswanathan"	Seed Funding	"10,00,000"	Yes
730	06-06-17	GyanDhan	Consumer Internet	Education Marketplace	New Delhi	Sundaram Finance Holdings	Private Equity		No
731	06-06-17	Hungry Foal	Consumer Internet	For profit Social Venture	Gurgaon	SBI (Stand Up India Scheme)	Private Equity		No
732	07-06-17	ZipLoan	Consumer Internet	Online lending platform	New Delhi	WaterBridge Ventures	Seed Funding	"6,50,000"	Yes
733	07-06-17	GrowFitter	Consumer Internet	health and fitness discovery platform	Mumbai	SQue Capital	Seed Funding	"6,00,000"	Yes
734	08-06-17	Stratfit	Consumer Internet	Health coaching programs	Hyderabad	Bodhtree Consulting Limited	Seed Funding	"2,32,000"	Yes
735	08-06-17	Multiplier Solutions	Technology	CRM Software for Healthcare space	Hyderabad	Norwest Venture Partners	Private Equity	"15,00,000"	Yes
736	08-06-17	ABI Health	Technology	Unified Digital Health Platform	Bengaluru	Norwest Venture Partners	Private Equity	"15,00,000"	Yes
737	08-06-17	Stockal	Consumer Internet	App-based Investment advisory Services	Bengaluru	"Mohan Alexander, R. Natarajan, Vikrant Varshney, Amit Sinha"	Seed Funding	"3,50,000"	Yes
738	09-06-17	Guidoo	Consumer Internet	Travel & adventure planning platform	Mumbai	"Pawan Borle, Nirmal Singh, Manish Prasad, Vineet Varma, Nick Haulkoury, Abhai S. Rao"	Seed Funding	"3,00,000"	Yes
739	09-06-17	eSahai.in	Consumer Internet	ambulance aggregator and medical taxi provider	Hyderabad	"Dr Ramesh Ayyala, Satya Muthyala"	Seed Funding	"2,50,000"	Yes
740	12-06-17	Loanmeet	Consumer Internet	Online peer-to-peer lending platform	Bengaluru	"Cao Yibin, Huang Wei, Madhusudan E,"	Seed Funding		No
741	12-06-17	LendingKart	Consumer Internet	Online Lending platform	Ahmedabad	Yes Bank	Debt Funding	"78,00,000"	Yes
742	12-06-17	Boxx.ai	Technology	Artificial Intelligence	Bengaluru	"Unicorn India Ventures, Venky Krishnakumar, Suresh Shankar, Vivek Bhargava"	Private Equity	"5,00,000"	Yes
743	12-06-17	PeeSafe.in	Healthcare	Hygiene care product manufacturer	New Delhi	"Venture Catalysts, Alfa Capital, Green Shots Capital, Real Time Ventures"	Private Equity	"10,00,000"	Yes
744	12-06-17	Vista Rooms	Consumer Internet	Online rooms aggregation platform	Mumbai	"Artha India Ventures, Singularity Holdings, Rajan Anandan, Girish Mathrubootham"	Seed Funding	"7,76,000"	Yes
745	12-06-17	CoverFox	Consumer Internet	Online insurance brokerage platform	Mumbai	Transamerica	Private Equity	"1,50,00,000"	Yes
746	13-06-17	HyperTrack	Technology	Location tracking solutions	New Delhi	"Nexus Venture Partners, Founders Fund"	Private Equity		No
747	13-06-17	Goodera	Technology	CSR and sustainability management platform	Bengaluru	"Nexus Venture Partners, Omidyar Network"	Private Equity	"55,00,000"	Yes
748	13-06-17	Digit	Technology	Tech driven Insurance platform	Bengaluru	Fairfax Holdings	Private Equity		No
749	14-06-17	Ola	Consumer Internet	Cab Aggregation App	Bengaluru	Tekne Capital Management LLC	Private Equity	"5,00,00,000"	Yes
750	14-06-17	Vanitycask	Consumer Internet	Beauty products discovery platform	Mumbai	RB Investments	Seed Funding		No
751	14-06-17	MrNeeds	Consumer Internet	Micro Food Delivery platform	Noida	undisclosed investors	Seed Funding	"5,00,000"	Yes
752	15-06-17	MoneyTap	Consumer Internet	Money Lending platform	Bengaluru	"Sequoia India, NEA, Prime Venture Partners"	Private Equity	"1,23,00,000"	Yes
753	16-06-17	Goodbox	eCommerce	Mobile SAAS ECommerce platform for SMEs	Bengaluru	"Nexus Venture Partners, Mekin Maheshwari"	Private Equity	"10,00,000"	Yes
754	16-06-17	Fincash	Consumer Internet	Personal Finance platform	Mumbai	"Mohammed Khan, Sameer Narayan & Others"	Seed Funding	"1,00,000"	Yes
755	16-06-17	PortDesk	Technology	Maritime Solutions	Noida	Alphard Maritime Group	Seed Funding	"20,00,000"	Yes
756	16-06-17	EdgeFx	eCommerce	DIY project Kits seller	Hyderabad	"Cross Border Angels & Experts, Rajasthan Angel Innovators Network, The Chennai Angels"	Seed Funding		No
757	16-06-17	EazyDiner	Consumer Internet	Online Restaurant Reservation Platform	Gurgaon	YouWeCan Ventures	Seed Funding		No
758	16-06-17	HealthIntel	Healthcare	Online Pharmacy	New Delhi	BLIP Initiatives	Seed Funding		No
759	19-06-17	Unbxd	Technology	Cloud-based product discovery platform	Bengaluru	Eight Roads Ventures	Private Equity	"1,25,00,000"	Yes
760	19-06-17	DarwinBox	Technology	Enterprise human resources management platform	Hyderabad	"Lightspeed India Partners, Endiya Partners, 3one4 Capital Advisors LLP, Startupxseed Ventures LLP"	Private Equity	"40,00,000"	Yes
761	20-06-17	ForeverShop	Consumer Internet	Mobile based ecommerce platform	Bengaluru	91maker.com	Seed Funding	"3,00,000"	Yes
762	20-06-17	Insider.in	Consumer Internet	Events Ticketing platform	Mumbai	Paytm	Private Equity	"52,00,000"	Yes
763	21-06-17	Fynd	eCommerce	Fashion etailer	Mumbai	"IIFL Seed Ventures, Kae Capital, FJ Labs, Singularity Ventures, GrowX, Tracxn Labs, Axis Capital"	Private Equity	"24,00,000"	Yes
764	21-06-17	Grow Fit	Consumer Internet	Health-Tech platform	Bengaluru	"Manipal Education and Medical Group (MEMG), SAR Group, The Grover Trust"	Private Equity	"45,00,000"	Yes
765	21-06-17	Fabulyst	Technology	Artificial Intelligence based platform	Hyderabad	iBhubs	Seed Funding	"2,15,000"	Yes
766	21-06-17	mSwipe	Technology	Point-of-Sale services	Mumbai	"UC-RNT Fund, Matrix Partners, alcon Edge Capital, DSG Consumer Partners"	Private Equity	"3,10,00,000"	Yes
767	21-06-17	OneAssist	Consumer Internet	Credit card fraud protection	Mumbai	Sequoia Capital	Private Equity		No
768	22-06-17	Julia Computing	Technology	Open Source Language for Data Science and Machine Learning	Bengaluru	"General Catalyst, Founder Collective"	Private Equity	"46,00,000"	Yes
769	22-06-17	Kissht	Consumer Internet	Consumer Lending platform	Mumbai	"Endiya Partners, Ventureast"	Private Equity	"20,00,000"	Yes
770	22-06-17	Explore Life traveling	Consumer Internet	Local homes booking platform	Bengaluru	"Mekin Maheshwari, Bharat Vijay, Krish Seshadri, Amar Arsikere"	Seed Funding	"5,00,000"	Yes
771	23-06-17	Loantap	Consumer Internet	Lending platform for salaried professionals	Mumbai	"Kae Capital, India Quotient, IFMR, and MAS Financial Services Ltd"	Private Equity	"40,00,000"	Yes
772	23-06-17	Voxweb	Consumer Internet	Mobile based social networking platform	Mumbai	Undisclosed investors	Seed Funding	"10,00,000"	Yes
773	26-06-17	HUG Innovations	Technology	Gesture based Smartwatch manufacturer	Hyderabad	"Mohit Srivastav, Kishore Ganji, Venkat Vallabhaneni, Rajeev Menon"	Private Equity	"50,00,000"	Yes
774	26-06-17	Flipkart	eCommerce	Online marketplace	Bengaluru	Naspers	Private Equity	"7,10,00,000"	Yes
775	26-06-17	V Resorts	Consumer Internet	Holiday & Vacation resort aggregator	Noida	"Seedfund, RB International"	Private Equity	"40,00,000"	Yes
776	27-06-17	Stashfin	Consumer Internet	Personal Finance App	New Delhi	"Snow Leopard Ventures, Alto Partners"	Private Equity	"50,00,000"	Yes
777	27-06-17	Formcept	Consumer Internet	Unified Data Analysis platform	Bengaluru	Gujarat Venture Finance Ltd	Private Equity		No
778	27-06-17	Spares Hub	eCommerce	Automobile parts marketplace	Pune	"The Chennai Angels, Anthill Scale Ventures, Esvee Technologies Inc, Inc95 Consulting"	Seed Funding	"3,11,000"	Yes
779	28-06-17	FiTraQ	Consumer Internet	Fitness Centre Discovery Platform	New Delhi	"Aparup Sengupta, Devendra Reddy,"	Seed Funding		No
780	28-06-17	Rubique	Consumer Internet	Online Marketplace for financial products	Mumbai	"Kalaari Capital, Udayan Goyal"	Private Equity	"30,00,000"	Yes
781	28-06-17	Niki.ai	Consumer Internet	AI Based Personal Assistant	Bengaluru	"SAP.iO, Unilazer Ventures"	Private Equity	"20,00,000"	Yes
782	29-06-17	Fitpass	Consumer Internet	Online Fitness Marketplace	New Delhi	"Abhinav Bindra, Gaurav Marya"	Private Equity	"10,00,000"	Yes
783	29-06-17	ZingHR	Technology	"digital employee solutions,"	Mumbai	Zeta	Private Equity		No
784	30-06-17	Tagos Design	Technology	in-video discovery platform	Bengaluru	Undisclosed Investors	Private Equity	"50,00,000"	Yes
785	30-06-17	UrbanClap	Consumer Internet	Mobile Services Marketplace	Gurgaon	"Vy Capital, SAIF Partners, Accel Partner, Bessemer Venture Partners"	Private Equity	"2,10,00,000"	Yes
786	01-05-17	Ace2three	Consumer Internet	Online Rummy playing Website	Hyderabad	Clairvest Group	Private Equity	"7,37,00,000"	Yes
787	01-05-17	Power2SME	eCommerce	Buying portal for SMEs	Gurgaon	International Finance Corporation	Private Equity	"1,00,00,000"	Yes
788	02-05-17	Innovapptive	Technology	Enterprise Mobility Solutions	Hyderabad	Hyderabad Angels	Seed Funding	"15,00,000"	Yes
789	02-05-17	4tigo	Logistics	Truck Network company	Bengaluru	"Accel Partners, Nandan Nilekani,"	Private Equity	"1,00,00,000"	Yes
790	02-05-17	SMECorner	Consumer Internet	Online Platform for small business loans	Mumbai	Dutch government fund	Private Equity		No
791	02-05-17	ZippServe	Consumer Internet	Real estate risk assessment platform	Bengaluru	undisclosed investors	Seed Funding	"3,90,000"	Yes
792	03-05-17	Ola	Consumer Internet	Cab Aggregation App	Bengaluru	"Falcon Edge Capital,\\xc2\\xa0 Capital Advisers"	Private Equity	"10,45,00,000"	Yes
793	03-05-17	Sumeru	Technology	Software & Mobile development services	Bengaluru	undisclosed investors	Seed Funding	"10,00,000"	Yes
794	04-05-17	Healthians	Consumer Internet	Online Diagnostics and wellness platform	New Delhi	"Asuka Holdings, YouWeCan Ventures, Beenext, Beenos, M&S Partners"	Private Equity		No
795	05-05-17	HealthMir	Consumer Internet	AI-based health content platform	New Delhi	Nimit Panigrahi	Seed Funding		No
796	05-05-17	Uactive	Consumer Internet	Health-based social networking & discovery App	Mumbai	Hinduja family	Seed Funding		No
797	05-05-17	i-lend	Consumer Internet	Peer-to-peer lending platform	Hyderabad	50K Ventures	Seed Funding		No
798	05-05-17	Good Methods Global	Technology	Cloud Based Practice Management Software	Trivandrum	Accel Partners	Private Equity		No
799	05-05-17	Balance App	Consumer Internet	Money Savings & Management App	Bengaluru	Rainmatter	Seed Funding	"2,33,000"	Yes
800	08-05-17	YepMe	eCommerce	Private Label Fashion etailer	Gurgaon	"Rainbow Digital Services Pvt. Ltd, ILearnFinance Academy Pvt. Ltd."	Private Equity	"7,00,000"	Yes
801	08-05-17	Nightstay	Consumer Internet	Last minute hotel booking mobile app	New Delhi	"Indian Angels Network, LetsVenture"	Seed Funding		No
802	08-05-17	Devourin	Technology	Restaurant Automation Solution	Pune	Deepak Nathani	Seed Funding		No
803	08-05-17	MyGreens	Food & Beverage	Cold-press Juices manufacturer	New Delhi	"Ajay Relan, LetsVenture"	Seed Funding	"10,00,000"	Yes
804	08-05-17	Ace Turtle	Technology	Omni-Channel Platform	Bengaluru	"Vertex Ventures, C31 Ventures"	Private Equity	"50,00,000"	Yes
805	08-05-17	CureFit	Technology	Health-Tech Platform	Bengaluru	"Trifecta Capital Advisors LLP, Prathithi Investment Trust, RNT Capital, Gokul Rajaram, Aditya Agarwal, Ruchi Sanghvi & others"	Private Equity	"32,00,000"	Yes
806	09-05-17	Curie Labs	Technology	Energy Analytics startup	New Delhi	Satoshi Studios	Seed Funding	50000.00	Yes
807	09-05-17	Uncanny Vision	Technology	Computer Vision on Embedded Systems	Bengaluru	Anand Chandrasekaran	Seed Funding		No
808	09-05-17	Anchanto	Technology	Ecommerce Fulfilment and Technology Platform	Pune	Luxasia Group	Private Equity		No
809	09-05-17	Sequretek	Technology	IT Security & Data Management Services	Mumbai	"GVFL, Unicorn India Ventures"	Private Equity		No
810	10-05-17	Lucideus	Technology	Cyber Security Startup	New Delhi	"Vellayan Subbiah, Jonathan Boutelle, Rajan Anandan,\\xc2\\xa0 Rahul Chawla, Salil Donde, Amit Ranjan, Govind Rajan & Others"	Seed Funding		No
811	10-05-17	Vidooly	Consumer Internet	Video Intelligence platform	Noida	"Times Internet, GVFL"	Private Equity	"14,00,000"	Yes
812	10-05-17	Shopclues	eCommerce	Online marketplace	Gurgaon	InnoVen Capital	Private Equity	"77,00,000"	Yes
813	10-05-17	Fourth Ambit	Consumer Internet	Community Building platform	Bengaluru	1Crowd	Seed Funding	"6,00,000"	Yes
814	10-05-17	Chymera VR	Technology	Advertising Platform for Virtual Reality	Bengaluru	"Varsha Rao, Surojit Chatterjee, Nirav Choksi & Others"	Seed Funding		No
815	11-05-17	Early Salary	Consumer Internet	Online lending platform	Pune	"DG Ventures India, Dewan Housing Finance Corp"	Private Equity	"40,00,000"	Yes
816	11-05-17	Book My Diamond	eCommerce	Diamond B2B eTailer	Mumbai	Chirag Nikunj Sheth & Others	Seed Funding		No
817	11-05-17	ION Energy	Technology	Clean Tech Startup	Mumbai	"Aakrit Vaish, Swapan Rajdev, Sushill Jiwarajka"	Seed Funding		No
818	12-05-17	Legal Raasta	Consumer Internet	Legal Services to SMEs & Individuals	New Delhi	Impanix Capital	Private Equity	"50,00,000"	Yes
819	12-05-17	Log 9 Materials	Technology	NanoTech product developer	Bengaluru	GEMs	Seed Funding		No
820	12-05-17	Remit Guru	Consumer Internet	Digital money transfer platform	Mumbai	"Infibeam, CCavenue"	Private Equity	"4,66,000"	Yes
821	12-05-17	Aequm	eCommerce	Cloud ECommerce platform	Bengaluru	undisclosed investors	Seed Funding	"10,00,000"	Yes
822	15-05-17	Zapty	Technology	Project Management tool	Bengaluru	IdeaSpring Capital	Seed Funding	"5,00,000"	Yes
823	15-05-17	Vernacular.ai	Technology	Multi-lingual AI Platform for Businesses	Bengaluru	Kstart Capital	Seed Funding		No
824	16-05-17	Niki.ai	Technology	AI-based chatbot	Bengaluru	SAP	Private Equity		No
825	16-05-17	Telr	Technology	Online Payment Gateway	Mumbai	Innovations East	Private Equity	"30,00,000"	Yes
826	16-05-17	Fynd	eCommerce	Fashion ECommerce Portal	Mumbai	Rocketship	Private Equity	"5,00,000"	Yes
827	17-05-17	Genie	Consumer Internet	hyperlocal delivery and logistics mobile app	Chennai	undisclosed investors	Seed Funding	"2,50,000"	Yes
828	17-05-17	Paysense	Consumer Internet	Online Lending platform	Mumbai	Jungle Ventures	Private Equity	"53,00,000"	Yes
829	18-05-17	The Good Life	ECommerce	Online Luxury Tea etailer	Mumbai	"Ayesha Takia Azmi, Abu Farhan Azmi"	Seed Funding	"10,00,000"	Yes
830	18-05-17	PumpKart	eCommerce	Online Water Pumps etailer	Chandigarh	Dr. Ritesh Malik	Seed Funding		No
831	18-05-17	Paytm	ECommerce	Mobile Wallet & ECommerce platform	Bengaluru	SoftBank Group	Private Equity	"1,40,00,00,000"	Yes
832	19-05-17	EzCred	Consumer Internet	Consumer Lending Platform	Bengaluru	"Dheeraj Pandey, Rajesh Yohannan, Akash Garg"	Seed Funding	"10,00,000"	Yes
833	19-05-17	HealthSutra	Food & Beverage	Health Food Maker	Hyderabad	"Ankur Capital, Hyderabad Angels"	Seed Funding		No
834	20-05-17	YepMe	eCommerce	Private Fashion Brand etailer	New Delhi	Gokaldas Exports Ltd	Private Equity		No
835	22-05-17	Delhivery	Logistics	ECommerce Logistics provider	New Delhi	Fosun International	Private Equity	"3,00,00,000"	Yes
836	22-05-17	ZipGrid	Consumer Internet	"Cashless, paperless solutions for Housing societies"	Mumbai	"JLL, 1Crowd"	Seed Funding	"5,00,000"	Yes
837	23-05-17	TravelSpice	ECommerce	Travel ECommerce portal	Hyderabad	Eagle10 Ventures	Seed Funding		No
838	23-05-17	Magicpin	Consumer Internet	Hyperlocal discovery platform	Gurgaon	"Lightspeed Venture Partners, Vy Capital,"	Private Equity	"66,00,000"	Yes
839	23-05-17	The Print	Consumer Internet	News Portal	New Delhi	"Ratan Tata, Nandan Nilekani, Uday Kotak, Vijay Shekhar Sharma, Kiran Mazumdar-Shaw, Rajiv C Mody"	Seed Funding		No
840	23-05-17	Box8	Consumer Internet	Food Delivery Platform	Mumbai	Trifecta Capital	Private Equity	"10,00,000"	Yes
841	24-05-17	GenNext Students	Consumer Internet	Online Tutoring Services	Mumbai	Undisclosed Investors	Seed Funding	"5,80,000"	Yes
842	25-05-17	Aye Finance	Finance	Non-Banking Financial Company	Gurgaon	Blue Orchard	Private Equity	"80,00,000"	Yes
843	26-05-17	WhatsLoan	Consumer Internet	Online Lending mobile app	Bengaluru	Lahiri Music\\xe2\\x80\\x99s family office	Seed Funding		No
844	29-05-17	Cube Consumer Services	Consumer Internet	Finance management Mobile app	Mumbai	N/A	Seed Funding		No
845	29-05-17	Nivesh	Consumer Internet	Online MF investment platform	Noida	"PV Sahad, Sandeep Shroff, Rahul Gupta"	Seed Funding		No
846	29-05-17	Wowflux	Technology	image Processing solution	New Delhi	Undisclosed Investors	Seed Funding		No
847	29-05-17	Collateral Medical	eCommerce	Online Medical equipment supplier	Mumbai	Carpediem Capital	Private Equity	"35,00,000"	Yes
848	30-05-17	Loadshare	Logistics	Express Logistics Network	Bengaluru	Matrix Partners	Seed Funding		No
849	30-05-17	SimpliLend	Consumer Internet	Online lending platform	New Delhi	Undisclosed Investors	Seed Funding		No
850	30-05-17	Supr Daily	Consumer Internet	Subscription based delivery platform	Mumbai	"Soma Capital, Great Oaks Ventures, 122 West Ventures"	Private Equity	"15,00,000"	Yes
851	30-05-17	Swiggy	Consumer Internet	Online food delivery platform	Bengaluru	"Nasper, Accel India, SAIF Partners, Bessemer Venture Partners, Harmony Partners, Norwest Venture Partners"	Private Equity	"8,00,00,000"	Yes
852	31-05-17	SastaSundar	eCommerce	Online Pharmacy	Kolkata	Rohto Pharmaceutical	Private Equity	"50,00,000"	Yes
853	31-05-17	Magicpin	Consumer Internet	Hyperlocal Discovery & Rewards platform	Gurgaon	"Lightspeed India Partners, Waterbridge Ventures"	Private Equity	"70,00,000"	Yes
854	01-04-17	Cashe	Consumer Internet	Online & Mobile based Lending platform	Mumbai	"Mathew Cyriac, Florintree Advisors,"	Private Equity	"38,00,000"	Yes
855	03-04-17	Eruditus	Education	Executive Education Provider	Mumbai	Bertelsmann India	Private Equity	"82,00,000"	Yes
856	03-04-17	TestBook	Consumer Internet	Online Test Preparation Platform	Mumbai	Matrix Partners India	Private Equity		No
857	03-04-17	Healthcare at Home	Healthcare	Home Healthcare Provider	Noida	Quadria Capital Advisors	Private Equity	"4,00,00,000"	Yes
858	03-04-17	Tyre Express	Technology	Enterprise IoT solutions For Tyre Performance	Mumbai	Rohitash Gupta	Seed Funding		No
859	03-04-17	SmartCoin	Consumer Internet	Micro Lending platform	Bengaluru	Unicorn India Ventures & Others	Private Equity		No
860	04-04-17	WayCool	Food & Beverage	Fresh-Produce Distribution Platform	Chennai	Aspada Investments	Private Equity	"27,00,000"	Yes
861	04-04-17	Perfios	Technology	Fin-Tech Solutions	Bengaluru	Bessemer Venture Partners	Private Equity	"61,00,000"	Yes
862	04-04-17	Whatfix	Technology	Interactive Tech-Support Guides	Bengaluru	"Stellaris Venture Partners, Helion Venture Partners, Powerhouse Ventures, Gokul Rajaram, Girish Mathrubootham, Aneesh Reddy, Vispi Daver"	Private Equity	"36,90,000"	Yes
863	04-04-17	ElastiRun	Technology	App based Logistics & Distribution platform	Pune	"Kalaari Capital, Norwest Venture Partners"	Private Equity	"70,00,000"	Yes
864	04-04-17	Trukky	Consumer Internet	Online Truck Aggregator & Booking platform	Ahmedabad	"Keyur Joshi, Pavan Bakeri"	Seed Funding	"5,00,000"	Yes
865	04-04-17	Konsult App	Consumer Internet	App based Doctor Consulting platform	New Delhi	"Koen Bouwers, Lomesh Agarwal, Jeroen Mensen, Pablo van den Bosch & Others"	Seed Funding	"5,00,000"	Yes
866	05-04-17	Credit Sudhaar	Consumer Internet	Credit Score Improvement platform	Mumbai	"Deepak Kulkarni, Sandeep Pangal"	Seed Funding		No
867	05-04-17	Fingerlix	Consumer Internet	Food Delivery Platform	Mumbai	Zephyr Peacock India	Private Equity	"30,00,000"	Yes
868	05-04-17	DataWeave	Technology	Business Intelligence Solutions	Bengaluru	"FreakOut Group, Blume Ventures, Herb Madan, WaterBridge Ventures"	Private Equity		No
869	06-04-17	Medwell Ventures	Healthcare	Home-Based Healthcare provider	Bengaluru	"Mahindra Partners, Eight Roads Ventures, F-Prime Capital Partners"	Private Equity	"2,10,00,000"	Yes
870	06-04-17	Mech Mocha	Consumer Internet	Mobile gaming startup	Bengaluru	"Accel Partners, Shunwei Capital"	Private Equity	"50,00,000"	Yes
871	07-04-17	Startup Buddy	Consumer Internet	Startup Support Platform	Gurgaon	"YouWeCan Ventures,"	Seed Funding		No
872	07-04-17	QorQI	Healthcare	Online Healthcare provider	Noida	Paytm	Seed Funding		No
873	07-04-17	Twenty Two Motors	Technology	Smart Scooter manufacturer	Gurgaon	"Ishwar Singh,Farhaan Shabbir"	Seed Funding		No
874	07-04-17	PharmEasy	eCommerce	Online Pharmacy	Mumbai	"Bessemer Venture Partners, Orios Venture Partners, Trifecta Capital,"	Private Equity	"1,80,00,000"	Yes
875	08-04-17	WonderChef	eCommerce	Online marketplace for kitchen products	Mumbai	Labruyere Eberl\\xc3\\xa9	Private Equity		No
876	08-04-17	FastFox	Consumer Internet	Online rental discovery platform	Gurgaon	"Lightspeed India Partners, Blume Ventures, CyberAgent Ventures, GrowX Ventures, IMJ Investment Partners"	Private Equity	"46,00,000"	Yes
877	10-04-17	Omnify	Technology	SaaS platform for SMEs	Bengaluru	"Rajan Anandan, L.D Sharma, Saurabh Arora"	Seed Funding	"1,50,000"	Yes
878	10-04-17	Capital Float	Consumer Internet	Online Lending Platform for SME	Bengaluru	Mahindra and Mahindra Financial Services	Private Equity	"23,00,000"	Yes
879	11-04-17	Ninjacart	eCommerce	B2B agri-marketing platform	Bengaluru	"Accel Partners, Nandan Nilekani\\xe2\\x80\\x99s NRJN Trust, Mistletoe, Qualcomm Ventures, M&S Partners"	Private Equity	"55,00,000"	Yes
880	11-04-17	MergerWare	Technology	Software solutions for M&As	Bengaluru	Philippe Bouchet	Seed Funding	"1,00,000"	Yes
881	11-04-17	Sports Flashes	Consumer Internet	Online Sports portal & Mobile app	New Delhi	"Sushil Kumar, Sandeep Singh"	Seed Funding		No
882	12-04-17	Clovia	eCommerce	Online lingerie & Sleepwear etailer	New Delhi	"Ivycap Ventures Advisors, Singularity Ventures and Ravi Dhariwal"	Private Equity	"40,00,000"	Yes
883	12-04-17	Emiza	Logistics	Third Party Logistics provider	Mumbai	"Mayfield, Nishant Rao, Dileep Nath"	Private Equity	"45,00,000"	Yes
884	12-04-17	HackerEarth	Consumer Internet	Online Skill Assessment Platform	Bengaluru	"DHI Group Inc, Prime Venture Partners, Beenext, Beenos, Digital Garage, BizReach"	Private Equity	"45,00,000"	Yes
885	12-04-17	Squadrun	Technology	Software-As-a-Service Platform	Noida	"Blume Ventures, Contrarian Capital, 91springboard, Emergent Ventures, Abstract Ventures, Anthill Ventures, Axilor Ventures"	Private Equity	"21,00,000"	Yes
886	12-04-17	Tinmen	Consumer Internet	Food Delivery Platform	Hyderabad	"MAPE Advisory Group, R Ramaraj, Corvus Ventures"	Seed Funding		No
887	12-04-17	ScoutMyTrip	Consumer Internet	Online Travel planner	Mumbai	Z Nation Lab	Seed Funding		No
888	13-04-17	SafetyKart	eCommerce	Safety & Hygiene Products etailer	Gurgaon	Redcliffe Capital	Private Equity		No
889	13-04-17	WeAreHolidays	Consumer Internet	Travel Packages & Planner marketplace	Gurgaon	"Urrshila Kerkar,"	Private Equity	"77,00,000"	Yes
890	14-04-17	Ola Cabs	Consumer Internet	Cab Aggregator App	Bengaluru	SIMI Pacific Pte	Private Equity	"26,00,00,000"	Yes
891	15-04-17	Myly	Consumer Internet	Mobile App for Schools	Jaipur	mall Industries Development Bank of India (SIDBI)	Seed Funding	"3,10,000"	Yes
892	17-04-17	CrediHealth	Consumer Internet	Online Medical Assistance platform	Gurgaon	"Tolaram Inc, Mountain Pine Capital"	Private Equity	"15,00,000"	Yes
893	17-04-17	Navia Life Care	Technology	Health Technology platform	New Delhi	Benori Ventures LLP	Seed Funding		No
894	17-04-17	Raw Pressery	Food & Beverages	Raw Pressed Juices manufacturer	Mumbai	Jacqueline Fernandez	Seed Funding		No
895	17-04-17	Snackible	Food & Beverages	Healthy Snacks manufacturer	Mumbai	"Nibhrant Shah, Anandbir Singh, Anirudh Sheth, Pratik Singhi, Vikram Mehta, Murali Nair"	Seed Funding	"1,75,000"	Yes
896	17-04-17	Be U Salons	Consumer Internet	Online Salon discovery & Booking Services	New Delhi	"Gaurav Kachru, Sundeep Singh Sahni, Jatin Aneja, Arun Malhotra"	Seed Funding	"6,20,000"	Yes
897	17-04-17	Simulanis	Consumer Internet	eLearning & Skills Development plat	New Delhi	Village Capital	Seed Funding		No
898	17-04-17	LendingKart	Consumer Internet	Lending platform for small businesses	Ahmedabad	Anicut Capital	Private Equity	"46,50,000"	Yes
899	18-04-17	Innefu Security Consulting	Technology	Cyber Security solutions using AI	New Delhi	IndiaNivesh Venture Capital Fund	Private Equity	"20,00,000"	Yes
900	18-04-17	Whodat	Technology	Markerless AR platform	Bengaluru	Ideaspring Capital	Private Equity	"6,00,000"	Yes
901	18-04-17	Absentia VR	Technology	Virtual Reality Startup	Bengaluru	Exfinity Venture Partners	Private Equity	"12,50,000"	Yes
902	19-04-17	IOTrek	Technology	IoT Platform for Bus	New Delhi	Undisclosed Investor	Seed Funding	"1,55,000"	Yes
903	20-04-17	HolaChef	Consumer Internet	Online Food Delivery	Mumbai	"SIDBI Venture Capital Ltd, Kalaari Capital"	Private Equity	"30,00,000"	Yes
904	20-04-17	Wooplr	eCommerce	Social Commerce Fashion platform	Bengaluru	Ankit Nagori	Private Equity		No
905	21-04-17	Video Ken	Consumer Internet	Video Based Collaborative Learning	Bengaluru	"Ravi Garikipati, Surot Chatterjee, Ashish Agrawal, LG Chandrasekhar, Sashi Reddi"	Seed Funding	"10,00,000"	Yes
906	24-04-17	Faasos	Food & Beverage	QSR chain and online food delivery	Pune	"Ligthbox Ventures II, Lightbox Expansion Fund, Sequoia Capital India, RuNet South Asia, RB Investments"	Private Equity	"63,00,000"	Yes
907	24-04-17	Oyo Rooms	Consumer Internet	Branded Budget Hotels Aggregator	Gurgaon	"SoftBank Vision Fund, Lightspeed Venture Partners, Sequoia Capital India Advisors, Greenoaks Capital Partners"	Private Equity	"25,00,00,000"	Yes
908	24-04-17	Toppr	Consumer Internet	Learning mobile app for students	Mumbai	WGG International	Private Equity	"32,00,000"	Yes
909	24-04-17	Niramai	Healthcare	Breast Cancer Screening Solutions	Bengaluru	"pi Ventures, Axilor Ventures, 500 Startups, Binny Bansal"	Seed Funding		No
910	25-04-17	The Office Pass	Consumer Internet	CoWorking Spaces booking platform	Gurgaon	"Arun Tadanki, Aditya Verma"	Seed Funding	"2,45,000"	Yes
911	25-04-17	UrbanClap	Consumer Internet	Mobile Services Marketplace	Gurgaon	Trifecta Capital	Private Equity	"31,00,000"	Yes
912	26-04-17	Awfis	Consumer Internet	Collaborative co-Working Spaces	Mumbai	Sequoia India	Private Equity	"2,00,00,000"	Yes
913	26-04-17	Myra	Consumer Internet	Online Pharmacy	Bengaluru	"Times Internet,Matrix Partners"	Private Equity		No
914	26-04-17	Flytxt	Technology	Customer data analytics software	Mumbai	DAH Beteiligungs GmbH	Private Equity	"1,10,00,000"	Yes
915	26-04-17	Howdy Ventures	Consumer Internet	Public and Private Events creation app	Chennai	S. Xavier Britto	Seed Funding	"15,00,000"	Yes
916	26-04-17	StalkBuyLove	eCommerce	Online fashion marketplace	New Delhi	Trifecta Capital	Private Equity	"10,00,000"	Yes
917	26-04-17	ZipGo	Consumer Internet	Bus Pooling services platform	Bengaluru	"Orios Ventures Partners, Team Builder Ventures, Omidyar Networks"	Private Equity		No
918	27-04-17	Scootsy	Consumer Internet	On-Demand Food Delivery	Mumbai	"Agnus Capital, Khattar Holdings"	Private Equity	"36,00,000"	Yes
919	27-04-17	Autobix	Technology	Software Solutions for Auto Dealership	Pune	GardX International	Seed Funding		No
920	27-04-17	eShiksha	Technology	Education Institution Management Solutions	Jaipur	Cross Border Angels & Experts	Seed Funding		No
921	27-04-17	iNurture	Consumer Internet	Online Educational courses	Bengaluru	BlackSoil Capital Pvt. Ltd	Private Equity	"15,00,000"	Yes
922	28-04-17	Sepalika	Consumer Internet	Healthcare related content platform	New Delhi	Accel Partners	Seed Funding	"7,50,000"	Yes
923	28-04-17	Mintwalk	Consumer Internet	Financial advisory mobile app	Mumbai	Poshika Financial Ecosystem	Seed Funding		No
924	29-04-17	Qriyo	Consumer Internet	Tutor Discovery & Booking platform	Jaipur	NB Ventures	Private Equity		No
925	01-03-17	Ola	Consumer Internet	App based cab aggregator	Bengaluru	SoftBank Group Corp	Private Equity	"33,00,00,000"	Yes
926	01-03-17	Belong	Consumer Internet	Online Jon Portal	Bengaluru	Sequoia Capital India	Private Equity	"1,00,00,000"	Yes
927	01-03-17	Seenit	Consumer Internet	AI based Fashion Search Portal	Kolkata	"Calcutta Angels Network (CAN), Augment Ventures"	Seed Funding		No
928	01-03-17	Paalak	ECommerce	Fresh Produce Selling portal	New Delhi	"Vishwadeep Bajaj, Harsh Kundra, Nandkumar Rane, LN Buddharaju, Anupam Tyagi"	Seed Funding		No
929	02-03-17	Celes Care	Consumer Internet	Women Healthcare & Information portal	Hyderabad	"Ventureast, Endiya Partners, Eight Roads Ventures, F-Prime Capital Partners"	Private Equity	"15,00,000"	Yes
930	02-03-17	Karomi	Technology	Packaging Artwork Management software	Chennai	Ideaspring Capital	Seed Funding	"5,00,000"	Yes
931	02-03-17	Red Carpet	Consumer Internet	Micro Lending platform	Gurgaon	Lightspeed Venture Partners	Private Equity	"25,00,000"	Yes
932	02-03-17	Kreate Konnect	Technology	End-to-End Seller e-commerce solutions Provider	Vadodara	Langoor	Seed Funding		No
933	02-03-17	CreditMantri	Consumer Internet	Online Credit score & lending platform	Chennai	Quona Capital	Private Equity	"76,00,000"	Yes
934	03-03-17	Lets Endorse	Consumer Internet	Online Ecosystem of social innovators	Bengaluru	"Chandigarh Angels Network, Social Alpha and other unnamed angel investors"	Seed Funding		No
935	03-03-17	Tydy	Technology	Employee Onboarding and Engagement platform	Bengaluru	"Bhupen Shah, Jayesh Parekh, Sanjay Sathe"	Seed Funding	"2,75,000"	Yes
936	03-03-17	Nactus	Consumer Internet	Professional Tutors discovery & booking mobile app	Jaipur	"Sandeep Aggarwal, Gautam Chhaochharia, R Balachandar"	Seed Funding		No
937	03-03-17	Oho Shop	Technology	eCommerce Mobile App Builder	Ahmedabad	"Bennett, Coleman and Company Ltd"	Private Equity	"67,00,000"	Yes
938	03-03-17	Emojifi	Consumer Internet	Mobile App for live emoji	Hyderabad	Undisclosed angel investors	Seed Funding		No
939	03-03-17	Paytm Marketplace	ECommerce	ECommerce Marketplace	Bengaluru	Alibaba	Private Equity	"20,00,00,000"	Yes
940	04-03-17	iGenetics	Healthcare	Health Diagnostic Solutions	Mumbai	CDC Group Plc	Private Equity	"1,95,00,000"	Yes
941	06-03-17	Juno Clinic	Consumer Internet	Online Counseling Platform	Mumbai	Atul Nishar	Seed Funding	"12,00,000"	Yes
942	06-03-17	Summerlabel	Consumer Internet	Fashion and Lifestyle discovery platform	Gurgaon	"Aneesh Seth, Tushar Mittal"	Seed Funding	"1,50,000"	Yes
943	06-03-17	PickMe	Consumer Internet	Gadget Insurance & Repair Services platform	Mumbai	SIDBI Venture Capital Fund	Private Equity	"17,90,000"	Yes
944	07-03-17	Agrostar	Technology	Direct-to-Farmer Mobile-Based Retail platform	Pune	Accel Partners	Private Equity	"1,00,00,000"	Yes
945	07-03-17	Zapr	Technology	"DSP, TV Analytics & Cross-Platform advertising"	Bengaluru	Star India Pvt Ltd	Private Equity	"1,00,00,000"	Yes
946	07-03-17	Data Resolve	Technology	Cyber Security Solutions	Noida	IDFC Parampara Early Stage Opportunities Fund	Private Equity	"10,00,000"	Yes
947	07-03-17	Book Servicing	Consumer Internet	Online Vehicle Services Booking platform	New Delhi	National Science and Technology Entrepreneurship Development Board	Seed Funding	30000.00	Yes
948	07-03-17	Blowhorn	Consumer Internet	Intra-City Logistics provider	Bengaluru	"IDG Ventures India, Michael & Susan Dell Foundation, Draper Associates, Unitus Seed Fund"	Private Equity	"36,50,000"	Yes
949	08-03-17	Rivigo	Logistics	Technology Enabled Logistics Company	Gurgaon	Private Sector Banks (Debt Funding)	Private Equity	"1,50,00,000"	Yes
950	08-03-17	PipeCandy	Technology	Intelligent Sales Prospecting Platform	Chennai	"IDG ventures, Axilor Ventures, Emergent Ventures, Indian Angel Network"	Seed Funding	"11,00,000"	Yes
951	08-03-17	Supr Daily	Consumer Internet	Subscription based Home Delivery Platform	Mumbai	Y Combinator	Seed Funding	"1,20,000"	Yes
952	08-03-17	Parentune	Consumer Internet	Online Community for Parents	Gurgaon	"Kae Capital, SEGNEL Ventures"	Private Equity		No
953	09-03-17	AppBrowzer	Consumer Internet	Instant Mobile Apps Store	Bengaluru	Deepak Gurnani	Seed Funding	"5,00,000"	Yes
954	09-03-17	MagicBricks	Consumer Internet	Online Real Estate Portal	Mumbai	Times Internet Ltd	Private Equity	"45,00,000"	Yes
955	10-03-17	PeeBuddy	Healthcare	Female Hygiene product manufacturer	New Delhi	Indian Angel Network	Seed Funding	"4,43,000"	Yes
956	10-03-17	iOrderFresh	ECommerce	Online fresh fruits and grocery store	New Delhi	Singapore Angel Network	Seed Funding		No
957	10-03-17	Lavelle Networks	Technology	SDN Solutions	Bengaluru	Ideaspring Capital	Seed Funding	"6,00,000"	Yes
958	10-03-17	PropertyShare	Consumer Internet	Fractional Proerty Ownership & Rental platform	Bengaluru	"Asuka, Pravega Ventures, BEENEXT"	Seed Funding		No
959	14-03-17	MyDermacy	Consumer Internet	Online Dermatology consultation platform	New Delhi	Cyber Carrier	Private Equity		No
960	15-03-17	LatestOne	eCommerce	Tech Accessories e-tailer	Hyderabad	"Florintree, Mathew Cyriac, Chidambaram Palaniappan, Bharat Sheth"	Private Equity	"33,50,000"	Yes
961	15-03-17	Frapperz	Consumer Internet	On-demand home services provider	Kolkata	Undisclosed Investor	Seed Funding	"1,00,000"	Yes
962	16-03-17	mPaani	Consumer Internet	Loyalty rewards app	Mumbai	"IDG Ventures, Blume Ventures, Saha Fund,"	Private Equity	"13,50,000"	Yes
963	16-03-17	ShilpMIS	Technology	Virtual Reality platform	Surat	"Puneet Gupta, Nimitt Desai & Others"	Seed Funding		No
964	16-03-17	POPxo	Consumer Internet	Digital Media publication for women	New Delhi	"GREE Ventures, Kalaari Capital and IDG Ventures India, Summit Media, Atul Goel, and Gurpreet Singh"	Private Equity	"31,00,000"	Yes
965	16-03-17	Fitso	Consumer Internet	Fitness Mobile App	Gurgaon	"Sujeet Kumar, Bhupender Singh, Yashish Dhaiya"	Seed Funding	"2,00,000"	Yes
966	17-03-17	FarMart	Technology	Farming rental equipment provider	Gurgaon	Indian Angel Network	Seed Funding		No
967	21-03-17	Flipkart	eCommerce	ECommerce Marketplace	Bengaluru	"Microsoft, eBay, Tencent Holdings"	Private Equity	"1,40,00,00,000"	Yes
968	21-03-17	Airpay	Technology	Online payment Gateway	Mumbai	"Kalaari Capital, Rakesh and Rajesh Jhunjhunwala"	Private Equity	"36,70,000"	Yes
969	21-03-17	MyGlamm	Consumer Internet	On-Demand Beauty Services	Mumbai	L\\xe2\\x80\\x99Occitane	Private Equity	"53,00,000"	Yes
970	22-03-17	The Mons Co.	eCommerce	Pregnancy & Baby Care etailer	New Delhi	"Shripad Nadkarni, Nandu Nandkishore"	Seed Funding		No
971	22-03-17	Haqdarshak	Consumer Internet	Tech-Enabled Social Enterprise	Bengaluru	"Ravi Saxena, Sandeep Raju,"	Seed Funding	"1,91,000"	Yes
972	23-03-17	Ixigo	Consumer Internet	Online Travel Search Engine	Gurgaon	"Sequoia Capital, Kinzon Capital"	Private Equity	"1,50,00,000"	Yes
973	23-03-17	Markets and Markets	Technology	Marketing Research Company	Pune	"FTV Capital, Zodius Capital"	Private Equity	"5,60,00,000"	Yes
974	24-03-17	Bizom	Technology	supply chain automation platform	Bengaluru	Ojas Ventures	Seed Funding	"3,82,000"	Yes
975	24-03-17	BabyonBoard	Consumer Internet	Parenting Mobile App	Bengaluru	"Mahavir Sharma, Vishal Jain, Rohit Sethi, Gaurav Luniya"	Seed Funding		No
976	24-03-17	Delhivery	Technology	Tech enabled Fulfilment & Logistics Solutions	New Delhi	"Carlyle Group, Tiger Global"	Private Equity	"10,00,00,000"	Yes
977	27-03-17	Sport Flashes	Consumer Internet	Sports Based Online Media portal	New Delhi	"Vikas Bajaj, Amit Kharbanda,"	Seed Funding		No
978	28-03-17	Fynd	ECommerce	Online fashion marketplace	Mumbai	Venture Catalysts	Private Equity	"5,00,000"	Yes
979	28-03-17	Wigzo	Technology	Enterprise Automation suite	New Delhi	3one4 capital	Private Equity		No
980	28-03-17	DoneThing	Consumer Internet	On-demand Personal Assistant service	Gurgaon	Brand Capital	Private Equity	"3,00,000"	Yes
981	29-03-17	Zapyle	ECommerce	Luxury Fashion Marketplace	Bengaluru	Undisclosed Investors	Seed Funding		No
982	29-03-17	Ithaka	Consumer Internet	Vacation Trip Planning platform	Mumbai	"Ankit Gupta, Puneet Motihar"	Seed Funding	"3,25,000"	Yes
983	29-03-17	perpule	eCommerce	Self-Checkout ECommerce App	Bengaluru	KStart Capital	Seed Funding	"6,50,000"	Yes
984	29-03-17	Byju\\xe2\\x80\\x99s	Consumer Internet	Online Education Platform	Bengaluru	Verlinvest	Private Equity		No
985	29-03-17	Licious	ECommerce	Online Meat Ordering platform	Bengaluru	"Mayfield India, 3one4 Capital, Sistema Asia Fund, Neoplux Technology Fund"	Private Equity	"1,00,00,000"	Yes
986	29-03-17	Medinfi	Consumer Internet	Doctor & Hospital search Platform	Bengaluru	"Vinod Martin, Hemant Kaul, Prof. Ram Kumar Kakani & Others"	Seed Funding	50000.00	Yes
987	30-03-17	Indus OS	Technology	Mobile OS creator	Mumbai	"JSW Ventures, VenturEast"	Private Equity		No
988	30-03-17	Emflux Motors	Technology	Electric Motorcycle manufacturer	Bengaluru	"Meher Roy, Nikhil Arora, Meet Kanodia, Krit Sankalp, Nitish Singh, Risabh Gupta"	Seed Funding		No
989	30-03-17	Klinic App	Consumer Internet	Pathology & Diagnostic Tests Portal	Gurgaon	Om Chaudhry	Seed Funding		No
990	31-03-17	Jhakaas	Consumer Internet	Offline Business Aggregator App	Mumbai	"Malini Patel, Stelcore Management Services, Anjani Prasad"	Seed Funding	"1,55,000"	Yes
991	31-03-17	Oriano Solar	Technology	Turnkey Solar Solutions	Mumbai	Samridhi Fund	Private Equity	"30,00,000"	Yes
992	31-03-17	BigBasket	ECommerce	Online Grocer	Bengaluru	Trifecta Capital	Private Equity	"70,00,000"	Yes
993	31-03-17	Rooter	Consumer Internet	Sports engagement platform	New Delhi	Intex Technologies	Private Equity		No
994	31-03-17	FalconBrick	Technology	Real-Estate Workflow mobile app	Bengaluru	"Satveer Thakral, LetsVenture, Mumbai Angels"	Seed Funding		No
995	31-03-17	Icertis	Technology	ERP solutions provider	Pune	"B Capital Group, Ignition Partners, Greycroft, e.ventures,\\xc2\\xa0 Eight Roads Ventures"	Private Equity	"2,50,00,000"	Yes
996	02-02-17	Clodura	Technology	Intelligent Sales Assistant	Pune	Undisclosed Investors	Seed Funding		No
997	03-02-17	Stockroom.io	Consumer Internet	Curated Platform for Developers	Hyderabad	"Satya D Sinha, Gyanendra Singh"	Seed Funding		No
998	06-02-17	Capital Float	Consumer Internet	Online lending platform	Bengaluru	IFMR Capital Finance	Private Equity	"25,00,000"	Yes
999	06-02-17	iManageMyHotel	Technology	Hotel Management Solution	Kolkata	Jaarvis Accelerator	Seed Funding		No
1000	07-02-17	Inner Hour	Consumer Internet	Online Counselling Platform	Mumbai	"Batlivala & Karani Securities, Venture Works"	Seed Funding	"4,50,000"	Yes
1001	07-02-17	Travel Triangle	Consumer Internet	Online travel agent marketplace	Noida	"RB Investments, SAIF Partners, Bessemer Venture Partners"	Private Equity	"1,00,00,000"	Yes
1002	08-02-17	Wandertrails	Consumer Internet	"Online Travel, Adventure & Activities Portal"	Bengaluru	Earlsfield Capital	Seed Funding	"10,00,000"	Yes
1003	08-02-17	Zenatix	Technology	IoT Based Energy Monitoring & Control	Gurgaon	"pi Ventures, Blume Ventures"	Private Equity	"12,00,000"	Yes
1004	08-02-17	Cartrade	Consumer Internet	Automobile Classifieds Portal	Mumbai	Temasek Holdings	Private Equity	"5,50,00,000"	Yes
1005	08-02-17	MindYourFleet	Technology	Car Rental Software Solutions	Noida	"Japan Vyas, Tarun Adlakha"	Seed Funding		No
1006	08-02-17	Edurev	Consumer Internet	Online Education Portal	Gurgaon	Facebook FB Start programme	Seed Funding	40000.00	Yes
1007	09-02-17	Voonik	ECommerce	Women Apparel & Lifestyle etailer	Bengaluru	"RB Investments, Sequoia Capital"	Private Equity	"60,00,000"	Yes
1008	09-02-17	1Crowd	Finance	Startup Crowd-funding platform	Mumbai	Ganesh Natarajan	Seed Funding		No
1009	09-02-17	Wooplr	ECommerce	Women Fashion Portal	Bengaluru	"Sistema Asia Fund, Amereus Group, Helion Ventures"	Private Equity	"80,00,000"	Yes
1010	10-02-17	48East	ECommerce	Online Food Delivery Platform	Bengaluru	Al Dhaheri family	Private Equity	"5,00,000"	Yes
1011	10-02-17	Redesyn	Consumer Internet	Tech Enabler for Artists	Mumbai	ThinQbate	Seed Funding		No
1012	13-02-17	Sigtuple	Technology	Medical Automation platform	Bengaluru	"Accel Partners, IDG Ventures, Endiya Partners, pi Ventures, VH Capital, Axilor Partners"	Private Equity	"58,00,000"	Yes
1013	13-02-17	Flutura	Technology	Decision Sciences Analytics Solutions	Bengaluru	"Vertex Ventures, Lumis Partners"	Private Equity	"75,00,000"	Yes
1014	13-02-17	Wassup	Consumer Internet	On Demand Laundry & Dry Cleaning Services	Chennai	Anil Jain & other HNIs	Private Equity	"32,00,000"	Yes
1015	13-02-17	Better Mortgage	Consumer Internet	Mortgage Offering Platform	Gurgaon	"Kleiner Perkins, Goldman Sachs, Pine Brook"	Private Equity	"1,50,00,000"	Yes
1016	13-02-17	Nurturey	Consumer Internet	Parenting Mobile App	New Delhi	Mohit Joshi & Others	Seed Funding	"3,30,000"	Yes
1017	13-02-17	Fyle	Technology	Expense Management Solution	Bengaluru	Pravega Ventures	Seed Funding	"4,00,000"	Yes
1018	14-02-17	GoBumpr	Consumer Internet	Online Bike & Car Services provider	Chennai	"Mahalingam K, Girish Mathrubootham"	Seed Funding	"3,00,000"	Yes
1019	14-02-17	CCAvenue	Consumer Internet	Online Payment Gateway	Mumbai	Infibeam	Private Equity	"2,24,00,000"	Yes
1020	14-02-17	Connaizen	Technology	Data Analytics platform	New Delhi	Vikram Sud	Seed Funding		No
1021	15-02-17	Innov8	Consumer Internet	Co-Working Space Platform	New Delhi	"Vijay Shekhar Sharma, Rajan Anandan, Kunal Shah, Girish Mathrubootham, Punit Soni, Anand Chandrasekaran, Sunil Kalra, Utsav Somani, Vishal Gondal, Vikram Limaye"	Seed Funding		No
1022	15-02-17	ZestMoney	Consumer Internet	Online Consumer Lending platform	Bengaluru	"PayU, Ribbit Capital, Omidyar Network"	Private Equity	"65,00,000"	Yes
1023	15-02-17	AirZaar	Technology	Drone operations management platform	Not Specified	Quake Capital	Seed Funding	"3,50,000"	Yes
1024	16-02-17	Truebil	Consumer Internet	Online Marketplace for Used Cars	Mumbai	Shunwei Capital	Private Equity	"30,00,000"	Yes
1025	16-02-17	YourStory	Consumer Internet	Online Media	Bengaluru	"Kalaari Capital Partners, Qualcomm, 3ONE4 Capital Advisors, UC-RNT"	Private Equity	"30,00,000"	Yes
1026	17-02-17	Imaginate	Technology	AR & VR platform	Hyderabad	SRI Capital	Seed Funding	"5,00,000"	Yes
1027	17-02-17	The Ken	Consumer Internet	Online Media Platform	Bengaluru	"Aprameya Radhakrishna, Deepak Natraj, Girish Mathrubootham, Mahesh Murthy, Pallav Nadhani, Pavan Ongole, Sandeep Mathur, Vijay Shekhar Sharma & Others"	Seed Funding	"4,00,000"	Yes
1028	17-02-17	Urban Ladder	ECommerce	Online Furniture Store	Bengaluru	"Kalaari Capital, SAIF Partners, Steadview Capital, Sequoia Capital"	Private Equity	"1,52,00,000"	Yes
1029	17-02-17	Aisle	Consumer Internet	Online match-making app	Bengaluru	"Konglo Ventures, White Unicorn Ventures, LetsVenture"	Seed Funding		No
1030	17-02-17	TownScript	Consumer Internet	DIY event registration and ticketing portal	Pune	BookMyShow	Private Equity		No
1031	17-02-17	Leopetra	eCommerce	Solution provider for pet needs	Mumbai	Facebook FBStart	Seed Funding	40000.00	Yes
1032	18-02-17	Blood n Care	Consumer Internet	First Aid care app	Gurgaon	Facebook FBStart	Seed Funding	40000.00	Yes
1033	20-02-17	Flipkart	eCommerce	Online Marketplace	Bengaluru	"Bennett, Coleman and Co. Ltd (BCCL)"	Private Equity	"3,87,00,000"	Yes
1034	21-02-17	True Balance	Consumer Internet	Mobile balance Checking App	Gurgaon	"Softbank Ventures Korea, IMM Investment"	Private Equity	"1,50,00,000"	Yes
1035	22-02-17	Vebbler	Consumer Internet	Photo Sharing for Groups	Bengaluru	Facebook FBStart	Seed Funding	40000.00	Yes
1036	23-02-17	Get My Parking	Consumer Internet	Smart Parking Platform	New Delhi	"Indian Angel Network (IAN), BEENEXT, The Chennai Angels, Sunil Munjal"	Private Equity	"11,00,000"	Yes
1037	23-02-17	Lets Reap	Consumer Internet	B2B Mobile App for Pharmacies	Mumbai	"Kunal Shah, Sandeep Tandon, Nitin Saluja, Gagan Goyal"	Seed Funding		No
1038	24-02-17	Oglas	Consumer Internet	Mobile Advertising App	Noida	"Pankaj Rungta, Yogesh Agarwal"	Seed Funding		No
1039	27-02-17	Staydobe	Consumer Internet	Co-Living Spaces Aggregator	Bengaluru	Ishan Manaktala	Seed Funding		No
1040	27-02-17	Biryani By Kilo	Consumer Internet	Online Food Ordering & Delivery Portal	Gurgaon	"Chandigarh Angels, Ashish Gupta, Rohit, Ashish Chand, Sunil Singh & Others"	Seed Funding	"3,75,000"	Yes
1041	27-02-17	Johari Shop	ECommerce	Online Jewellery etailer	Bengaluru	Undisclosed Investors	Seed Funding	94000.00	Yes
1042	28-02-17	NeoStencil	Consumer Internet	Live Online Coaching Classes	New Delhi	"Brand Capital, Paragon Trust"	Private Equity	"10,00,000"	Yes
1043	28-02-17	Blackbuck	Logistics	Online freight aggregator	Bengaluru	"Sands Capital, IFC, Accel Partners, Flipkart, Sanjiv Rangrass"	Private Equity	"7,00,00,000"	Yes
1044	02-01-17	TaxSutra	Consumer Internet	Online Tax Filing platform	Pune	"TV Mohandas Pai, V Balakrishnan, PV Srinivasan"	Seed Funding	"3,66,000"	Yes
1045	03-01-17	TempoGo	Technology	IoT & SAAS Solutions for Transportation Industry	Panaji	K2 Capital	Seed Funding	"8,25,000"	Yes
1046	03-01-17	GoFynd	ecommerce	Fashion ecommerce portal	Mumbai	"Anand Chandrasekaran, Rajiv Mehta, Ramakant Sharma"	Seed Funding		No
1047	03-01-17	Vow Car Clinic	Consumer Internet	Online/App Based Car cleaning service provider	Gurgaon	Vishal Malik	Seed Funding		No
1048	04-01-17	LearnTron	Technology	Blended Learning Delivery App for Schools & Corporates	Chennai	Kae Capital	Seed Funding		No
1049	05-01-17	MobiDent	Consumer Internet	Dentist Appointments booking platform	Bengaluru	DanGold Investment Corp	Private Equity		No
1050	05-01-17	Yostra	Technology	Healthcare Technology Solutions	Bengaluru	"Marico Innovation Foundation (MIF), Villgro"	Private Equity		No
1051	06-01-17	Leap India	Logistics	Supply Chain Solutions Provider	Mumbai	"India Nivesh Growth Fund, Sixth Sense, TCI Ventures"	Private Equity	"1,30,00,000"	Yes
1052	07-01-17	FreeCharge	Consumer Internet	Mobile Wallet	Mumbai	Jasper Infotech Pvt Ltd	Private Equity	"5,70,00,000"	Yes
1053	09-01-17	TicketNew	Consumer Internet	Movie Ticket Booking platform	Chennai	Alibaba Pictures	Private Equity	"3,50,00,000"	Yes
1054	10-01-17	Intelligence Node	Technology	SAAS Based Retail Analytics Solutions	Mumbai	BlackSoil Capital Pvt Ltd	Private Equity	"8,00,000"	Yes
1055	10-01-17	Securens	Technology	e-surveillance services provider	Mumbai	"Mayfield India, Trifecta Capital"	Private Equity	"50,00,000"	Yes
1056	10-01-17	Loan Frame	Consumer Internet	Small Business Loans Marketplace platform	Gurgaon	"Vedanta Capital, William Campbell, Toos N Daruvala"	Private Equity	"22,50,000"	Yes
1057	10-01-17	DriveSkool	Consumer Internet	online marketplace for driving schools	Bengaluru	Aavya Ventures	Seed Funding		No
1058	10-01-17	Medinfi	Consumer Internet	Doctor & Clinic Discovery portal	Bengaluru	"Vinod Martin, Evan Lim, Kanchan Ghoshal, Ram Kumar Kakani"	Seed Funding	"1,00,000"	Yes
1059	10-01-17	LensKart	eCommerce	Online eyewear retailer	Bengaluru	Ronnie Screwvala	Private Equity	"35,00,000"	Yes
1060	11-01-17	InstaOffice	Consumer Internet	CoWorking Spaces booking platform	Gurgaon	"Zishaan Hayath, Karan Chellani, Mohit Satyan"	Seed Funding		No
1061	12-01-17	Hansel.io	Consumer Internet	Real-time Mobile App Management Platform	Bengaluru	"IDG Ventures, Endiya Partners"	Private Equity	"13,50,000"	Yes
1062	12-01-17	Square Yards	Consumer Internet	Property Search Aggregator platform	Gurgaon	"Lohia Group, Andre Hoffman"	Private Equity	"1,00,00,000"	Yes
1063	13-01-17	Roambee	Technology	IoT smart Logistics and Asset Management Company	Mumbai	Deutsche Telekom Strategic Investments & Others	Private Equity	"41,00,000"	Yes
1064	13-01-17	PaisaWapas	Consumer Internet	Cashback & Coupons platform	Bengaluru	Vividhity Ventures	Seed Funding		No
1065	13-01-17	iService	Consumer Internet	Gadgets Repair & Service Booking platform	Bengaluru	"Blume Ventures, Girish Mathrubootham, Aprameya Radhakrishna"	Seed Funding	"4,40,000"	Yes
1066	14-01-17	Unacademy	Consumer Internet	Online learning platform	Bengaluru	"Nexus Venture Partners, Blume Ventures"	Private Equity	"45,00,000"	Yes
1067	14-01-17	SecururAX	Technology	Cloud-based solutions provider	Bengaluru	"Axilor Ventures, Parampara Early Stage Opportunities Fund & Others"	Private Equity		No
1068	16-01-17	Leadburg	Consumer Internet	Personality Development Mobile App	Bengaluru	"Harsh V. Pant, Ratheesh Raveendran"	Seed Funding		No
1069	16-01-17	ZoloStays	Consumer Internet	Branded PG Accomodation booking platform	Bengaluru	"Nexus Venture Partners, Innoven Capital"	Private Equity	"50,00,000"	Yes
1070	16-01-17	Oi Media	Technology	SAAS Based Media Marketing platform	New Delhi	Quarizon	Seed Funding		No
1071	16-01-17	HipCouch	Consumer Internet	Custom & Modular Furniture platform	Mumbai	Undisclosed Investors	Seed Funding	"7,00,000"	Yes
1072	17-01-17	Curiositi	Consumer Internet	Online Learning Platform	Bengaluru	"Menterra Social Impact Fund, Unitus Seed Fund"	Private Equity	"8,00,000"	Yes
1073	17-01-17	TinyStep	Consumer Internet	Parenting Info & Social Network	Bengaluru	Flipkart	Private Equity	"20,00,000"	Yes
1074	17-01-17	Practo	Consumer Internet	Online Healthcare platform	Bengaluru	"Tencent,\\xc2\\xa0 ru-Net, RSI Fund, Thrive Capital"	Private Equity	"5,50,00,000"	Yes
1075	17-01-17	Ketchupp	Consumer Internet	Food Discovery Platform	New Delhi	India Quotient and others	Seed Funding	"4,41,000"	Yes
1076	17-01-17	Hoopy	Consumer Internet	Online Car Service Platform	Gwalior	undisclosed investors	Seed Funding	"5,00,000"	Yes
1077	17-01-17	Ezytruk	Consumer Internet	Logistics and truck aggregator platform	Bengaluru	"Ajith Nair, Anish K"	Seed Funding	"1,47,000"	Yes
1078	18-01-17	Kratikal	Technology	Cyber Security Solution provider	New Delhi	"Amajit Gupta, Praveen Dubey, J.P. Bhatt"	Seed Funding		No
1079	18-01-17	Direct Create	eCommerce	B2B Marketplace for Handicrafts	Gurgaon	Rajasthan Venture Capital Fund	Seed Funding		No
1080	18-01-17	Vahdam Teas	eCommerce	Online Tea etailer	New Delhi	"Mumbai Angels Network, Fireside Ventures, Singapore Angel Network"	Seed Funding	"6,50,000"	Yes
1081	18-01-17	Qwikspec	Technology	Cloud-based construction	Bengaluru	Undisclosed Investors	Seed Funding	"3,00,000"	Yes
1082	19-01-17	PParke	Consumer Internet	Parking Solutions mobile app	Bengaluru	SB Ventures	Seed Funding		No
1083	19-01-17	Weddingz.in	Consumer Internet	Online Marketplace for Wedding Venues and vendors	Mumbai	Singularity Ventures	Private Equity	"10,00,000"	Yes
1084	19-01-17	Native Special	eCommerce	Indian Sweets & Snacks etailer	Karur	"Indian Angel Network, Native Angels Network"	Seed Funding		No
1085	19-01-17	Fitnapp	Consumer Internet	Fitness Mobile App	Noida	SD Group	Private Equity		No
1086	20-01-17	Ethosh	Technology	Visual and Interactive communications Solutions	Pune	Deepak Nathani	Seed Funding		No
1087	20-01-17	Wydr	eCommerce	B2B Wholesale Marketplace in India	Gurgaon	"Bessemer Venture Partners, Stellaris Venture Partners, Jungle Venture Partners, Axis Capital"	Private Equity		No
1088	20-01-17	Tyre Express	Technology	IoT platform for Tyre Performance management & tracking	Mumbai	IvyCamp Ventures	Seed Funding		No
1089	20-01-17	Connaizen	Technology	Data Analytics platform	New Delhi	Umang Moondra	Seed Funding		No
1090	22-01-17	MessaGif	Consumer Internet	social messaging platform	New Delhi	Undisclosed investor	Seed Funding	50000.00	Yes
1091	23-01-17	SmartHi	Technology	Audit automation Solutions	Pune	Singapore based investor	Seed Funding		No
1092	23-01-17	CRON Systems	Technology	Border Intrusion Alert Solutions	New Delhi	YourNest Fund II	Seed Funding		No
1093	23-01-17	CueMath	Technology	Maths Learning program	New Delhi	"CapitalG, Sequoia India"	Private Equity	"1,50,00,000"	Yes
1094	23-01-17	ChipperSage	Technology	Online learning platform	Bengaluru	India Educational Investment Fund	Seed Funding		No
1095	24-01-17	SelectJobs	Consumer Internet	Online Job portal	Mumbai	India Educational Investment Fund	Seed Funding		No
1096	24-01-17	Khel Now	Consumer Internet	Mobile-based Social Platform for Sports	Bengaluru	Indochine International	Private Equity	"5,00,000"	Yes
1097	24-01-17	NowFloats	Consumer Internet	Platform to take businesses online	Hyderabad	"Iron Pillar and IIFL, Blume Ventures, Omidyar Network"	Private Equity	"1,00,00,000"	Yes
1098	24-01-17	Lets Transport	Consumer Internet	Online transport vehicle booking platform	Bengaluru	"GMO Japan, Neelesh Bhatnagar"	Private Equity	"40,00,000"	Yes
1099	24-01-17	BetaOut	Technology	ECommerce Marketing Software	Noida	East Ventures & Others	Private Equity		No
1100	25-01-17	Wishberry	Consumer Internet	Crowdfunding Platform	Mumbai	"Sharad Sharma, Rajan Anandan,\\xc2\\xa0 Amit Ranjan, Alok Mittal & others"	Seed Funding		No
1101	25-01-17	RML Agtech	Technology	Agri Decision Support Solution for farmers	Pune	IvyCap Ventures	Private Equity	"40,00,000"	Yes
1102	25-01-17	LoyaltyPrime	Technology	Loyalty program management solutions	New Delhi	"Senovo, Unternehmertum Venture Capital, Alexander Bruehl"	Private Equity		No
1103	25-01-17	InstaSafe	Technology	Security-as-a-Service solution provider	Bengaluru	ABM Knowledgeware	Private Equity	"22,00,000"	Yes
1104	25-01-17	Infibeam	eCommerce	eCommerce Marketplace	Ahmedabad	"Bennett, Coleman and Company Ltd"	Private Equity	"88,00,000"	Yes
1105	02-01-17	99Games	Technology	Mobile Game Developer Studio	Udupi	Dream Incubator	Seed Funding		No
1106	26-01-17	AirMed Labs	Consumer Internet	Health Tests Booking platform & ePharmacy	Ahmedabad	Brand Capital	Private Equity	"14,00,000"	Yes
1107	26-01-17	99PerHour	Consumer Internet	Hyper-local Handyman Service provider	Chennai	V Aanand R	Seed Funding	"3,00,000"	Yes
1108	26-01-17	Kochi Post	Consumer Internet	English Online News portal	Kochi	"Rajesh Yohannan, Puthen & Cole"	Seed Funding		No
1109	30-01-17	Intuit Things	Technology	IoT solutions for home automation applications	Mumbai	Sanjay Mehta & Others ( The Ten Minute Million)	Seed Funding	"1,06,000"	Yes
1110	30-01-17	Cloudrino	Technology	Cloud based Virtual Servers	New Delhi	The Ten Minute Million	Seed Funding	22500.00	Yes
1111	30-01-17	FabX	eCommerce	Used Furniture Marketplace	Mumbai	The Ten Minute Million	Seed Funding	68000.00	Yes
1112	30-01-17	Maptags	Consumer Internet	Smart Online address tags	Bengaluru	The Ten Minute Million	Seed Funding	18000.00	Yes
1113	30-01-17	YOLO Health	Consumer Internet	Online Healthcare platform	Mumbai	Chandigarh Angels Network (CAN)	Seed Funding		No
1114	31-01-17	Heads Up For Tails	eCommerce	Online Pet Products Store	New Delhi	Undisclosed Investors	Private Equity	"20,00,000"	Yes
1115	31-01-17	Register My Marriage	Consumer Internet	Online Marriage Registration services	New Delhi	Mumbai Angels	Seed Funding		No
1116	01-12-16	SidQam	Technology	Healthcare Software System	Noida	"SQue Capital, Grace Capital Ventures, Soham Vencaps"	Private Equity	"12,00,000"	Yes
1117	01-12-16	India Lends	Consumer Internet	Online Instant personal Loan provider	New Delhi	"DSG Consumer Partners, American Express Ventures, Cyber Carrier VC, AdvantEdge Partners"	Private Equity	"40,00,000"	Yes
1118	01-12-16	Slide App	Consumer Internet	Lock screen Rewards mobile app	New Delhi	Songhyun Investment	Private Equity	"36,00,000"	Yes
1119	02-12-16	Badiyajobs	Consumer Internet	Entry-Level job Seekers platform	New Delhi	Undisclosed	Seed Funding	"1,00,000"	Yes
1120	02-12-16	Streo	Consumer Internet	Live Music Streaming App	Bengaluru	"GEMs Advisory, Quarizon"	Seed Funding		No
1121	02-12-16	TYGR	Technology	Transport and logistics mobile App	Mumbai	Franchise India	Private Equity	"30,00,000"	Yes
1122	05-12-16	Mr Hot Foods	Consumer Internet	Online Food Ordering & Delivery Portal	Indore	IvyCamp Ventures	Seed Funding		No
1123	05-12-16	UrDoorStep	eCommerce	Online Grocery Store	Bengaluru	Lakshmi Vilas Bank & undisclosed HNIs	Private Equity	"14,00,000"	Yes
1124	05-12-16	ONN Bikes	eCommerce	"On-demand, self-drive bike rental platform"	Mumbai	Grace Capital Ventures	Seed Funding		No
1125	06-12-16	Diro Labs	Consumer Internet	Mobile Contacts Management app	New Delhi	Info Edge (India)	Seed Funding	"1,47,000"	Yes
1126	06-12-16	THB	Technology	Clinical research and data analytics	Gurgaon	"Ajith Sukumaran, Currae Healthtech Fund"	Seed Funding		No
1127	07-12-16	LookAtMe	Consumer Internet	Mobile App based Fashion Network	Singapore	Eros Labs	Seed Funding		No
1128	07-12-16	Netree	eCommerce	Mobile-only Retailers Engagement Solution	New Delhi	"The Chennai Angels, LetsVenture"	Seed Funding		No
1129	07-12-16	BookEventz	Consumer Internet	"Venue, Events Booking platform"	Mumbai	Investors from Mumbai Angels & LetsVenture	Seed Funding		No
1130	07-12-16	Tailslife	Consumer Internet	Pet Parenting mobile app	Bengaluru	"Mohan Kumar, V. Balakrishnan"	Seed Funding		No
1131	07-12-16	Revv	Consumer Internet	Self-Driven Car Services booking portal	New Delhi	Edelweiss Private Equity	Private Equity	"90,00,000"	Yes
1132	07-12-16	WealthApp	Consumer Internet	Online Investment Advisory platform	Bengaluru	"Venk Krishnan, MJ Aravind, Vikram Kotak, Jayant Davar,\\xc2\\xa0 Ramkumar Nishtal, Arjun Sharmaa"	Seed Funding	"4,40,000"	Yes
1133	07-12-16	Vehico	Technology	Connected Transportation solutions	Bengaluru	"Calcutta Angel Network, Appliyifi"	Seed Funding		No
1134	08-12-16	Zest Money	Consumer Internet	Online Consumer Lending platform	Mumbai	PayU	Private Equity	"65,00,000"	Yes
1135	08-12-16	GoMechanic	Consumer Internet	Online Car servicing Booking platform	Gurgaon	Venture Catalysts	Seed Funding	"2,50,000"	Yes
1136	09-12-16	Stalk Buy Love	eCommerce	Fashion Apparel eTailer	New Delhi	Kalaari Capital	Private Equity	"60,00,000"	Yes
1137	09-12-16	Nykaa	eCommerce	Beauty Products etailer	Mumbai	Max Ventures and Industries	Private Equity		No
1138	09-12-16	Wittyparot	Technology	Content Management & Productivity platform	Bengaluru	Mumbai Angels	Seed Funding	"4,50,000"	Yes
1139	09-12-16	NeuroEquilibrium	Technology	Health-Tech platform	Jaipur	Unicorn India Ventures	Seed Funding	"2,50,000"	Yes
1140	12-12-16	Xseed Education	Technology	Education & learning Tech platform	Bengaluru	Verlinvest SA	Private Equity	"1,00,00,000"	Yes
1141	12-12-16	Rupaiya Exchange	Consumer Internet	P2P Lending platform	New Delhi	Undisclosed Investors	Seed Funding	"2,00,000"	Yes
1142	12-12-16	Doctor Insta	Consumer Internet	Online Doctor Consulting platform	Gurgaon	RoundGlass Partners	Private Equity	"20,00,000"	Yes
1143	12-12-16	UrbanPiper	Consumer Internet	Self-Branded Websites & Apps for Ecommerce	Bengaluru	"Axilor, undisclosed investors"	Seed Funding		No
1144	12-12-16	Fresh Food Concepts	Food & Beverage	Cold Press Juice manufacturer & seller	New Delhi	"Siddhartha Gupta, Ashvin Chadha"	Seed Funding	"20,00,000"	Yes
1145	13-12-16	Indifi	Consumer Internet	Online lending platform	Gurgaon	Omidyar Network	Private Equity	"1,00,00,000"	Yes
1146	13-12-16	GoComet	Logistics	Marketplace for International Freight	Mumbai	"India Quotient, Rajul Garg, Rajesh Yabaji, Chanakya Hridaya, Ramasubramaniam B, Vishwanathan, Nobel House, Sunstone Capital"	Seed Funding		No
1147	13-12-16	OfBusiness	eCommerce	Online business-to-business (B2B) marketplace	Gurgaon	"Zodius Technology Opportunities Fund, Matrix Partners"	Private Equity	"1,11,00,000"	Yes
1148	14-12-16	Fitmein	Consumer Internet	Fitness Discovery & Booking platform	New Delhi	"FiNC, GHV"	Seed Funding		No
1149	14-12-16	Qacco	Consumer Internet	Hotel Booking platform	Gurgaon	"Lead Angels Network, Anbu Pandian, Prabhakar MR & Others"	Seed Funding	"1,50,000"	Yes
1150	14-12-16	Fitpass	Consumer Internet	Fitness center aggregator & Booking mobile app	New Delhi	Mumbai Angels	Seed Funding	"10,00,000"	Yes
1151	14-12-16	MoEngage	Technology	User analytics and engagement platform	Bengaluru	Anand Chandrasekaran	Seed Funding		No
1152	14-12-16	Ten3t Health	Technology	medical grade wearable patch maker	Bengaluru	"V. Krishna Prasad, Bhupen Shah & Others"	Seed Funding		No
1153	14-12-16	Trading Bells	Consumer Internet	Online Share & Commodity Broking platform	Indore	Swastika Investmart Ltd	Seed Funding	"2,97,000"	Yes
1154	15-12-16	SERV\\xe2\\x80\\x99D	Consumer Internet	Financial Services For Unorganized Workforce	Pune	Digital Financial Service Lab	Seed Funding	"1,00,000"	Yes
1155	15-12-16	IdeaForge	Technology	Drone Manufacturing	Mumbai	"WRV Capital and IndusAge Partners, Infosys Innovation Fund"	Private Equity	"1,00,00,000"	Yes
1156	15-12-16	Amagi Media Labs	Technology	Media Technology Solutions	Mumbai	"Emerald Media, Premji Invest"	Private Equity	"3,50,00,000"	Yes
1157	15-12-16	Pocket Aces	Technology	Digital Entertainment Company	Mumbai	"Sequoia Capital India, North Base Media, Aarin Capital, 3one4 Capital, Axilor Ventures, Kunal Shah, Sandeep Tandon"	Private Equity	"30,00,000"	Yes
1158	16-12-16	Pi Data Centers	Technology	Cloud Data Center Solutions provider	Hyderabad	Epsilon Venture Partners	Private Equity	"2,30,00,000"	Yes
1159	16-12-16	TripShelf	Consumer Internet	Holiday Packages provider	New Delhi	"GEMS Advisory, Quarizon"	Seed Funding	"1,23,000"	Yes
1160	19-12-16	Events High	Consumer Internet	Events & Activities Marketplace	Bengaluru	Axilor Ventures	Private Equity		No
1161	19-12-16	NoBroker	Consumer Internet	Rental property search portal	Bengaluru	"KTB Network, SAIF Partners, BEENEXT, Digital Garage"	Private Equity	"74,00,000"	Yes
1162	20-12-16	VivoCarat	eCommerce	Online jewellery marketplace	Mumbai	Undisclosed Investors	Seed Funding	50000.00	Yes
1163	20-12-16	Tiyo	Consumer Internet	Doctor Search Mobile App	Kolkata	Ajith Nair	Seed Funding		No
1164	20-12-16	Zoomcar	Consumer Internet	Self-Driven Cab booking platform	Bengaluru	Cyber Carrier CL	Private Equity		No
1165	20-12-16	BYJU\\xe2\\x80\\x99s	Consumer Internet	Online Learning platform	Bengaluru	International Financial Corporation	Private Equity	"1,50,00,000"	Yes
1166	21-12-16	Supr Daily	Consumer Internet	Daily Subscription based Delivery service	Mumbai	"Dr. Apoorv Ranjan Sharma, Anil Jain, Anuj Golecha, Krishna Jhunjhunwala, Anirudh Damani"	Seed Funding		No
1167	21-12-16	The BlueBook	Consumer Internet	online to offline marketing platform	Bengaluru	"Indian Angel Network, Let\\xe2\\x80\\x99s Venture"	Seed Funding	"5,00,000"	Yes
1168	21-12-16	MamaEarth	eCommerce	Babycare Products seller	New Delhi	Fireside Ventures & Others	Seed Funding		No
1169	21-12-16	Vegetall	eCommerce	Online Vegetable eTailer	Chennai	The Chennai Angels	Seed Funding	"1,62,000"	Yes
1170	22-12-16	Innoplexus	Technology	Data as a Service Provider	Pune	HCS Venture capital fund	Private Equity		No
1171	22-12-16	Mindler	Consumer Internet	Career Planning & Assessment platform	New Delhi	Taxmann	Seed Funding	"3,24,000"	Yes
1172	22-12-16	MCaffeine	eCommerce	Personal care product etailer	Bengaluru	"Kaushal Agarwal, Harminder Sahani, KK Mehra, Pranay Jivrajka, Navjot Saini"	Seed Funding	"3,00,000"	Yes
1173	23-12-16	enKast	Technology	Cloud based CRM for Agencies	Bengaluru	Ivy League Alumni Angel Network	Private Equity	"20,00,000"	Yes
1174	23-12-16	ShopKirana	eCommerce	B2B platform for Merchants & Retailers	Indore	"Incubate Fund, Lead Angels Group & Others"	Private Equity		No
1175	23-12-16	MyAdvo	Consumer Internet	Legal Advice Platform	New Delhi	"Pradyumna Dalmia, S. Somasegar & Others"	Seed Funding		No
1176	23-12-16	Asocon	Technology	Process management startup	Noida	Quarizon	Seed Funding		No
1177	23-12-16	LexComply	Consumer Internet	Compliance Management Software	New Delhi	Ajay Relan	Seed Funding		No
1178	26-12-16	The Postbox	eCommerce	Art & Lifestyle ECommerce Store	Chennai	"The Chennai Angels, Ritesh Mehta, Aruna Ganesh Ram"	Seed Funding		No
1179	26-12-16	Pandorum Technologies	Technology	3D printed experimental Human Liver tissue creator	Bengaluru	"Sachin Bansal, Binny Bansal"	Seed Funding		No
1180	26-12-16	Dekkho	Consumer Internet	Video Streaming platform	Mumbai	undisclosed investors	Seed Funding	"12,00,000"	Yes
1181	26-12-16	Shadowfox	Logistics	On-Demand Delivery Service	Gurgaon	Eight Roads Ventures	Private Equity	"1,00,00,000"	Yes
1182	27-12-16	ShopX	eCommerce	SAAS ECommerce Retail app	Bengaluru	Nandan Nilekani	Private Equity	"50,00,000"	Yes
1183	28-12-16	BookEventz	Consumer Internet	Online event-booking platform	Mumbai	"Lead Angels, Mumbai Angels, LetsVenture, Girish Mathrubootham, Anbu Pandian"	Seed Funding		No
1184	29-12-16	Healthifyme	Consumer Internet	Fitness Mobile App	Bengaluru	NB Ventures	Private Equity	"10,00,000"	Yes
1185	29-12-16	LetsMD	Consumer Internet	Healthcare plan comparison platform	New Delhi	"WaterBridge Ventures,"	Seed Funding		No
1186	29-12-16	Justbooks	Consumer Internet	Library Chain Aggregator	Bengaluru	CoCreate Ventures	Seed Funding		No
1187	30-12-16	InstantPay	Consumer Internet	Digital payments & recharge platform	New Delhi	"RB Investments,\\xc2\\xa0 Kaleden Holdings"	Private Equity		No
1188	01-11-16	PickMyLaundry	Consumer Internet	On-Demand Washing & Dry Cleaning Services	New Delhi	"Kedar Lele, GHV Accelerator"	Seed Funding	"2,00,000"	Yes
1189	02-11-16	FreshDesk	Consumer Internet	SAAS Based HelpDesk Services	Chennai	"Sequoia Capital India, Accel Partners"	Private Equity	"5,50,00,000"	Yes
1190	02-11-16	LaundryAnna	Consumer Internet	On-Demand Washing & Dry Cleaning Services	Bengaluru	Undisclosed Investors	Seed Funding	"1,50,000"	Yes
1191	02-11-16	LetsMD	Consumer Internet	Healthcare Services Comparison Platform	New Delhi	"Calcutta Angels Network, LetsVenture, Anupam Mittal, Currae Healthtech Fund"	Seed Funding		No
1192	02-11-16	Sattviko	Food & Beverage	Health Food Restaurant Chain	New Delhi	"Raman Roy, Ashish Gupta, Yogesh Andlay, Vaibhav Jain"	Seed Funding		No
1193	03-11-16	Zarget	Technology	SaaS-based web optimisation and marketing platform	Chennai	Sequoia India	Private Equity	"60,00,000"	Yes
1194	03-11-16	DoSelect	Consumer Internet	Skill Showcasing platform	Bengaluru	"3one4 Capital, Mumbai Angels, Aarin Capital"	Seed Funding		No
1195	03-11-16	EasyPolicy	Consumer Internet	Online insurance Portal	Noida	"Unilazer Ventures,"	Private Equity	"1,00,00,000"	Yes
1196	04-11-16	Browntape	Technology	cloud-based software solutions company	Goa	Gati Ltd	Private Equity		No
1197	04-11-16	Connect India	Logistics	Last mile Delivery Network	Bengaluru	Aavishkaar Venture Management	Private Equity	"10,00,000"	Yes
1198	04-11-16	Corseco	Technology	AI-based Software as a Service Solution provider	New Delhi	"Ameera Shah, Vivek Bhargava"	Seed Funding	"1,50,000"	Yes
1199	04-11-16	vImmune	Consumer Internet	Immunisation Management Platform	Bengaluru	Undisclosed investor	Seed Funding		No
1200	04-11-16	The Gourmet Jar	eCommerce	Gourmet Food etailer	Noida	Chandigarh Angels Network	Seed Funding		No
1201	05-11-16	Medzin	eCommerce	Online ordering & Delivery of medicines	New Delhi	A M Sikander	Seed Funding	45000.00	Yes
1202	05-11-16	Bizongo	eCommerce	Packaging Material Marketplace	Mumbai	"IDG Ventures, Accel Partners"	Private Equity	"30,00,000"	Yes
1203	07-11-16	Rivigo	Technology	Technology based Logistics platform	Gurgaon	Warburg Pincus	Private Equity	"7,50,00,000"	Yes
1204	07-11-16	JustRide	Consumer Internet	Online Car Sharing platform	Mumbai	"Justin Kan, Qasar Younis, Paul Bucche, Susa Ventures, Kima Ventures, Axan Venture, SCM Holdings"	Private Equity	"30,00,000"	Yes
1205	09-11-16	IIM Jobs	Consumer Internet	Online Job Portal	New Delhi	India Quotient	Private Equity	"20,00,000"	Yes
1206	09-11-16	Square Yards	Consumer Internet	Online Property Search Portal	Gurgaon	ADAG Reliance Private Equity	Private Equity	"1,20,00,000"	Yes
1207	10-11-16	GolfLAN	Consumer Internet	Golf Session Online Bookings platform	New Delhi	"YourNest Angel Fund, iSON"	Private Equity	"10,00,000"	Yes
1208	10-11-16	Yottaasys	Technology	Data Sciences platform	Bengaluru	Gleevoaz Ventures	Private Equity		No
1209	10-11-16	Tone Tag	Technology	Contactless Payment Solution	Bengaluru	"Arun Seth, T.V. Mohandas Pai, Anand Chandrasekaran, Deepak Ghaisas"	Private Equity		No
1210	11-11-16	Life in Control	Consumer Internet	Online Diabetes Management platform	Gurgaon	RoundGlass Partners	Private Equity		No
1211	14-11-16	Active.ai	Technology	Banking & Fintech Platform	Singapore	"Kalaari Capital, IDG Ventures India"	Private Equity	"30,00,000"	Yes
1212	14-11-16	ElasticRun	Technology	Tech driven Logistic & distribution platform	Pune	"Kalaari Capital, Norwest Venture Partners"	Private Equity	"20,00,000"	Yes
1213	15-11-16	NoBroker	Consumer Internet	Online Rental discovery	Bengaluru	Vijay Shekhar Sharma	Seed Funding		No
1214	15-11-16	Zefo	eCommerce	Used Furniture & Appliances Marketplace	Bengaluru	"Sequoia India, BEENEXT, Helion Ventures"	Private Equity	"60,00,000"	Yes
1215	15-11-16	PlaySimple	Technology	Mobile Gaming portal	Bengaluru	"SAIF Partners, IDG Ventures India"	Private Equity	"40,00,000"	Yes
1216	16-11-16	Stasis Labs	Technology	Cloud based health monitoring platform	Bengaluru	"RTP-HC, Wonder Ventures, Techstars Ventures & Others"	Private Equity	"50,00,000"	Yes
1217	17-11-16	Scienaptic	Technology	Data Analytics platform	Bengaluru	Pramod Bhasin	Seed Funding		No
1218	17-11-16	Koovs	eCommerce	Fashion eTailer	New Delhi	Times of India Group & Existing investors	Private Equity	"1,35,00,000"	Yes
1219	17-11-16	Lawrato	Consumer Internet	Free Legal Advice	New Delhi	Indian Angel Network	Seed Funding		No
1220	17-11-16	Trip Tap Toe	Consumer Internet	Online Travel Portal	Gurgaon	R.S Sharma	Seed Funding		No
1221	17-11-16	Pictor Imaging	Consumer Internet	Product Photography Mobile App	Mumbai	Quarizon	Seed Funding	"1,47,000"	Yes
1222	18-11-16	GramCover	Finance	Insurance Marketplace for the Rural Sector	New Delhi	Omnivore Capital	Seed Funding	"10,00,000"	Yes
1223	18-11-16	AerMed	eCommerce	Online Pharmacy	Mumbai	Hitesh Windlass	Seed Funding		No
1224	18-11-16	WorkIndia	Consumer Internet	Job Board for Clue Collar Jobs	Mumbai	Asuka Holdings	Seed Funding		No
1225	21-11-16	Bats on delivery	Consumer Internet	"Online food, Grocery ordering & Delivery"	Gurgaon	Devdeep Singh	Seed Funding	90000.00	Yes
1226	21-11-16	numberz.in	Technology	Cash Flow Management Solution for Businesses	Gurgaon	"Kae Capital, Khosla Impact"	Seed Funding	"6,50,000"	Yes
1227	22-11-16	Housing.com	Consumer Internet	Real Estate Portal	Mumbai	Softbank Group	Private Equity	"50,00,000"	Yes
1228	22-11-16	Awesummly	Consumer Internet	Short News Mobile App	Bengaluru	"Vivek Bhargava, Ameera Shah"	Seed Funding	"1,47,000"	Yes
1229	22-11-16	VoLT	Consumer Internet	Ed-Tech Platform	Mumbai	YMS Mobitech	Seed Funding		No
1230	22-11-16	Vymo	Technology	SaaS-based predictive analytics platform	Bengaluru	Sequoia India	Private Equity	"50,00,000"	Yes
1231	22-11-16	ShubhLoans	Technology	Consumer Finance & Credit Score platform	Bengaluru	"Sanjai Vohra, V. Bunty Bohra"	Seed Funding		No
1232	22-11-16	Noddapp	Consumer Internet	App based networking platform	Mumbai	Undisclosed multiple investors	Seed Funding	"1,47,000"	Yes
1233	23-11-16	Knowlarity	Consumer Internet	Cloud Telephony Platform	Bengaluru	"Delta Partners, Sequoia India,\\xc2\\xa0 Mayfield, Blacksoil, Trifecta Capital"	Private Equity	"2,00,00,000"	Yes
1234	23-11-16	Infisecure	Technology	Bot Protection Solutions	Mumbai	"IDG Ventures, Axilor Ventures"	Seed Funding	"6,00,000"	Yes
1235	23-11-16	Udaan	eCommerce	B2B Marketplace	Bengaluru	"Lightspeed Venture Partners India, Lightspeed US"	Private Equity	"1,00,00,000"	Yes
1236	24-11-16	FroyoFit	Consumer Internet	Fitness Discovery Platform	Indore	Dr. Pooja Gandhi	Seed Funding		No
1237	24-11-16	Betterplace	Consumer Internet	Background Verification Services	Bengaluru	Venture Highway	Seed Funding		No
1238	24-11-16	ShareChat	Consumer Internet	Local Language Social Networking Platform	Mumbai	"Lightspeed India Partners, SAIF Partners, India Quotient, Venture Highway"	Private Equity	"40,00,000"	Yes
1239	24-11-16	UClean	Consumer Internet	Tech Enabled Laundry Service Provider	Gurgaon	Franchise India	Private Equity		No
1240	24-11-16	Servify	Consumer Internet	Personal Device Assistant App	Mumbai	"Blume Ventures, BEENEXT, Barkawi Holdings GmbH, TM Service Technology Holdings Gmbh, Sreevathsa Prabhakar"	Private Equity		No
1241	25-11-16	Hubilo	Consumer Internet	End-to-end Event Organizers Solutions	Ahmedabad	"Girish Mathrubootham, VC Karthic, Miten Mehta, Umasankar Nistala, Rakesh Patel, Akash Bhavsar, Jeevanandhan Rajagopal, Vikas Chadha & Others"	Seed Funding		No
1242	25-11-16	FunOnGo	Consumer Internet	Digital Media Content and Distribution platform	Mumbai	Reliance Entertainment	Private Equity		No
1243	25-11-16	121Policy	Consumer Internet	Online Insurance Platform	Kolkata	Xelpmoc	Seed Funding		No
1244	26-11-16	TapChief	Consumer Internet	Professional Expert Advice Platform	Bengaluru	"Paytm, Aprameya Radhakrishna, Subramanya Venkat, Venk Krishnan"	Seed Funding		No
1245	28-11-16	Kloseby	Consumer Internet	proximity based Rewards platform	Bengaluru	Undisclosed Investor	Seed Funding	"1,00,000"	Yes
1246	28-11-16	WholeSaleBox	eCommerce	B2B Wholesale Apparel Marketplace	Jaipur	"Manish Maheshwari, Contrarian Vriddhi Fund"	Private Equity	"20,00,000"	Yes
1247	29-11-16	Crossahead	Consumer Internet	Creative Artists Discovery & Booking platform	Noida	Mohit Sharma	Seed Funding		No
1248	29-11-16	Affordplan	Consumer Internet	Savings platform for Medical Expenses	New Delhi	"Prime Venture Partners, Kalaari Capital"	Private Equity	"30,00,000"	Yes
1249	30-11-16	HandyTrain	Consumer Internet	Mobile App for SAAS based Training	Goa	"Silver Range Investments, Lumina Datamatics, Shun Yoshida & Others"	Private Equity	"10,00,000"	Yes
1250	30-11-16	ShopsUp	eCommerce	Hyperlocal Shopping App	Bengaluru	"Anand Sankeshwar, Yang Shu"	Seed Funding	"9,63,000"	Yes
1251	30-11-16	Indofash	eCommerce	Ethnic Indian Fashion Marketplace	Bengaluru	"Shekhar Sahu, Nitesh Pant"	Seed Funding	"1,50,000"	Yes
1252	30-11-16	Entropika	Technology	"AI, Machine learning Solutions"	Bengaluru	"Dileep Bhatt, Milind Chaudhary"	Seed Funding	"2,00,000"	Yes
1253	30-11-16	MarianaIQ	Technology	AI-driven B2B marketing platform	Bengaluru	Exfinity Venture Partners	Private Equity	"20,00,000"	Yes
1254	30-11-16	Chai Thela	Food & Beverage	Quick Service Restaurants	Noida	Quarizon	Seed Funding	"2,18,000"	Yes
1255	30-11-16	Interviewpad	Technology	Engineering Interview facilitation platform	Pune	Krishna Rokhale	Seed Funding	"1,00,000"	Yes
1256	30-11-16	Math Buddy	Consumer Internet	Online Math Learn	Vadodara	Menterra Social Impact Fund	Seed Funding	"4,40,000"	Yes
1257	30-11-16	Pulse	Consumer Internet	Campus Social Networking App	Bengaluru	SAIF Partners	Private Equity	"5,00,000"	Yes
1258	30-11-16	MonkeyBox	Consumer Internet	Healthy Food Delivery platform	Bengaluru	Blume Ventures & Others	Seed Funding		No
1259	30-11-16	Carcrew.in	Consumer Internet	Online Car repair Marketplace	Mumbai	TVS Group	Seed Funding	"5,00,000"	Yes
1260	03-10-16	MeraKisan	eCommerce	Fruit & vegetable eTailer	Bengaluru	Mahindra Univeg	Seed Funding		No
1261	03-10-16	Mystifly	Consumer Internet	Airline Ticket Aggregator	Bengaluru	Recruit Holdings	Private Equity	"50,00,000"	Yes
1262	03-10-16	HelpChat	Consumer Internet	AI Powered Content & Commerce platform	Bengaluru	"American Express Ventures, Sequoia Capital"	Private Equity		No
1263	03-10-16	Uniphore	Technology	Speech Recognition Solutions	Chennai	"IDG Ventures, Indian Angel Network (IAN), YourNest Angel Fund"	Private Equity	"20,00,000"	Yes
1264	03-10-16	World Art Community	eCommerce	Art & Craft Marketplace	Gurgaon	Viraj Tyagi & Others	Seed Funding	"2,00,000"	Yes
1265	04-10-16	Giftxoxo	eCommerce	Online Gifting platform	Bengaluru	Mahindra Holidays & Resorts India Ltd	Private Equity	"4,50,000"	Yes
1266	04-10-16	Bharat Bazaar	eCommerce	Online B2B Marketplace	Mumbai	"BeeNext, TV Mohandas Pai, Kunal Shah, Sandeep Tandon"	Seed Funding		No
1267	04-10-16	GOQii	Consumer Internet	Health & Fitness Wearable Device	Mumbai	Ratan Tata	Private Equity		No
1268	04-10-16	India Gifts Portal	eCommerce	Online Gifting platform	Noida	"Naveen Arya, Tarun Joshi"	Private Equity	"20,00,000"	Yes
1269	04-10-16	Moglix	eCommerce	Industrial & Home products marketplace	Noida	"Accel Partners, Jungle Ventures, SeedPlus"	Private Equity	"42,00,000"	Yes
1270	04-10-16	NetLinx	Consumer Internet	Internet Service Provider	Hyderabad	"Xchange Investors NV, TransGlobal FZC"	Private Equity	"30,00,000"	Yes
1271	04-10-16	Scandid	Consumer Internet	Product Shopping Comparison App	Pune	3One4 Capital	Private Equity		No
1272	04-10-16	Remitr	Consumer Internet	Foreign Currency Payments Platform	Mumbai	"Vijay Shekhar Sharma, Pravin Gandhi,\\xc2\\xa0 Smart Start Fund; Kunal Shah,\\xc2\\xa0 Sandeep Tandon, Vishal Gondal, & Others"	Seed Funding	"10,00,000"	Yes
1273	04-10-16	InnerChef	Consumer Internet	Online food ordering platform	Gurgaon	"Mistletoe, M&S Partners"	Private Equity	"25,00,000"	Yes
1274	04-10-16	AppsDaily	Consumer Internet	"Mobile Phone Theft, Damage Protection platform"	Mumbai	"Zodius Capital, Kalaari Capital, Qualcomm Ventures, Russian venture capital fund Ru-Net, Mumbai Angels"	Private Equity	"37,50,000"	Yes
1275	05-10-16	MuhurtMaza	Consumer Internet	Online Puja Booking Service	Pune	Undisclosed Investor	Seed Funding		No
1276	05-10-16	Azuro	Consumer Internet	Rental Property Finder platform	Mumbai	"White Unicorn Ventures, Kae Capital, Mumbai Angels"	Private Equity		No
1277	05-10-16	NeuroSynaptic	Technology	Remote Healthcare Delivery Solutions	Bengaluru	"Indian Angel Network, Healthsquad, Axilor Ventures"	Private Equity		No
1278	05-10-16	UE LifeSciences	Technology	Mobile Health Technology Solutions	Mumbai	"Kiran Mazumdar-Shaw, Unitus Seed Fund"	Private Equity	"12,00,000"	Yes
1279	06-10-16	FindmeaShoe	Consumer Internet	Footwear Recommendation App	Bengaluru	Ventureast Fund Advisors	Seed Funding		No
1280	06-10-16	RealBox	Technology	Data Sciences Platform	Noida	Hyderabad Angels	Seed Funding	"3,00,000"	Yes
1281	06-10-16	Sportido	Consumer Internet	Sports Discovery platform	Noida	Sumpoorna Group	Seed Funding		No
1282	06-10-16	GoZefo	eCommerce	Used Furniture & Appliances Marketplace	Bengaluru	"Helion Venture Partners, BeeNext"	Private Equity	"10,50,000"	Yes
1283	07-10-16	RayIOT	Technology	Baby Monitoring Devices manufacturer	Bengaluru	HAX Accelerator	Seed Funding	"1,00,000"	Yes
1284	07-10-16	KOOH Sports	Technology	Sports Training & Technology	Mumbai	"HDFC, Faering Capital, Elevate Sports"	Private Equity	"22,00,000"	Yes
1285	07-10-16	Flexiloans	Consumer Internet	Online Funds Raising Platform	Mumbai	"Sanjay Nayar, Vikram Sud, Anil Jaggia, Narayan Seshadri"	Private Equity	"1,50,00,000"	Yes
1286	07-10-16	Sibia Analytics	Technology	Marketing & Customer Analytics Solutions	Kolkata	Radhakrishnan Natarajan & Others	Seed Funding		No
1287	10-10-16	Vithi.com	eCommerce	Online Hair Extension etailer	New Delhi	undisclosed investor	Seed Funding	"3,75,000"	Yes
1288	11-10-16	Yupp TV	Consumer Internet	Internet-based TV streaming service provider	Bengaluru	Emerald Media	Private Equity	"5,00,00,000"	Yes
1289	11-10-16	Deyor Camps	Consumer Internet	Branded Camping location Aggregator	Gurgaon	"Nitin Passi, Manickam Mahalingam, Udaan Angels, Rajesh Arora, Arkas Industries"	Seed Funding	"5,00,000"	Yes
1290	12-10-16	ZipLoan	Consumer Internet	online lending platform	New Delhi	"GrowX Ventures, Sunil Kalra, Arun Venkatachalam,\\xc2\\xa0 Badal Malick"	Seed Funding		No
1291	13-10-16	FabAlley	ecommerce	online fashion brand store	Noida	"India Quotient, FAO Ventures, Indian Angel Network, Tushar Singh, Ranjan Sharma"	Private Equity	"20,00,000"	Yes
1292	13-10-16	Shoekonnect	eCommerce	B2B Marketplace for Shoes	Agra	Indian Angel Network	Seed Funding		No
1293	13-10-16	Maya	Consumer Internet	Womens Health Tracker App	Bengaluru	Rajan Anandan	Seed Funding		No
1294	13-10-16	RoboVac	Technology	waterless car washing solution	Ahmedabad	Virendra Patel	Seed Funding	"4,50,000"	Yes
1295	14-10-16	Newspatrolling	Consumer Internet	Online News portal	New Delhi	Undisclosed	Seed Funding	25000.00	Yes
1296	14-10-16	Postman	Consumer Internet	API Platform	Bengaluru	Nexus Venture Partners	Private Equity	"70,00,000"	Yes
1297	14-10-16	ISFC	Finance	Education Sector Lending	Hyderabad	Gray Matters Capital	Private Equity	"60,00,000"	Yes
1298	14-10-16	BeatRoute	Technology	SAAS based mobile application platform	Gurgaon	Quarizon Consultancy Services LLP	Seed Funding		No
1299	14-10-16	Kidsstoppress	Consumer Internet	Parenting and Baby care Platform	Mumbai	Karan Bhagat	Seed Funding		No
1300	14-10-16	Innov8	Consumer Internet	Co-Working Spaces aggregator	Bengaluru	Punit Soni	Seed Funding		No
1301	15-10-16	DailyHunt	Consumer Internet	Vernacular content mobile app	Bengaluru	"ByteDance, Arun Sarin, Matrix Partners, Sequoia Capital India, Omidyar Network,\\xc2\\xa0 Falcon Edge"	Private Equity	"2,50,00,000"	Yes
1302	15-10-16	Tazzo Bikes	Consumer Internet	Motorbike rental platform	Hyderabad	DSG Consumer Partners	Seed Funding	"2,27,000"	Yes
1303	15-10-16	MyKindofJob	Consumer Internet	Internet & Fresher Job platform	Mumbai	"Mayank Shah, Shreyans Shah"	Seed Funding	"10,00,000"	Yes
1304	17-10-16	Trilyo	Technology	B2B SAAS based product	Bengaluru	"Vishnu Bhat, Rajiv Lunkad, Naresh Ravindranath"	Seed Funding		No
1305	17-10-16	Rooter	Consumer Internet	Sports Social Network mobile app	New Delhi	"Boman Irani, Dhruv Chitgopekar, Prantik Dasgupta"	Seed Funding		No
1306	17-10-16	Yumigo	Consumer Internet	App based Travel Discovery and Transactions platform	Gurgaon	Hemant Sahni	Seed Funding	"3,00,000"	Yes
1307	17-10-16	Rentalpha	Others	equipment rental and leasing company	Mumbai	Bravia Capital	Private Equity	"1,60,00,000"	Yes
1308	18-10-16	3Dexter	Technology	3D Printing Solutions for Edu space	New Delhi	Newbie Promoters	Seed Funding	"1,50,000"	Yes
1309	18-10-16	BabyChakra	Consumer Internet	Parenting and Child Care portal	Mumbai	RoundGlass Partners	Private Equity		No
1310	18-10-16	Coppre	eCommerce	Copper based items etailer	Pune	Ganesh Natarajan	Seed Funding		No
1311	18-10-16	MySUN	Technology	Solar Energy harnessing products marketplace	Noida	General Catalyst Partners	Private Equity	"25,00,000"	Yes
1312	18-10-16	ePathsala	Technology	Cloud based ERP for Accreditation & ICT	Bengaluru	"Hyderabad Angels, TLabs"	Seed Funding		No
1313	19-10-16	Furlenco	Consumer Internet	Online Furniture Rental platform	Bengaluru	"Lightbox Ventures, Axis Capital & Others"	Private Equity	"3,00,00,000"	Yes
1314	19-10-16	Fisdom	Consumer Internet	Personal Wealth Management Platform & App	Bengaluru	"Saama Capital, Raghunandan G, Aprameya Radhakrishna"	Private Equity	"11,00,000"	Yes
1315	19-10-16	Actofit	Technology	Wearable Technology platform & devices	Mumbai	Next Orbit Ventures Fund	Private Equity	"7,50,000"	Yes
1316	20-10-16	Stayology	Consumer Internet	Stay & Travel related services	Bengaluru	Ranjan Pai	Seed Funding		No
1317	20-10-16	Hipcask	Consumer Internet	Alcoholic beverage discovery platform	Mumbai	Mobikon	Seed Funding		No
1318	20-10-16	RailYatri	Consumer Internet	Train Travel Info mobile app	Noida	"Helion Ventures, Blume ventures"	Private Equity		No
1319	21-10-16	ChatOnGo	Consumer Internet	Hyperlocal Communication Mobile app	Mumbai	Janak Jain	Seed Funding	"3,00,000"	Yes
1320	23-10-16	WOTU	eCommerce	B2B Marketplace for traders	Bengaluru	KAE capital	Seed Funding		No
1321	24-10-16	Healthians	Consumer Internet	Health Test Discovery & Ordering service	Gurgaon	BEENEXT	Private Equity	"30,00,000"	Yes
1322	24-10-16	Box8	Consumer Internet	Online Food Ordering platform/App	Mumbai	"IIFL Seed Ventures Fund, Mayfield Ventures"	Private Equity	"75,00,000"	Yes
1323	25-10-16	Kredx	eCommerce	Invoice discounting marketplace	Bengaluru	Sequoia Capital	Private Equity	"60,00,000"	Yes
1324	25-10-16	CreditMate	Consumer Internet	Credit Report Info platform	Mumbai	India Quotient	Seed Funding	"5,00,000"	Yes
1325	25-10-16	Pickrr	Technology	Courier Logistics & Order management Solutions	New Delhi	Swastika Company Ltd	Seed Funding		No
1326	25-10-16	SatvaKart	eCommerce	Online Grocery Etailer	Gurgaon	Nimit Panigrahi	Seed Funding		No
1327	25-10-16	SooperMO	Technology	Android utility app suite creator	Gurgaon	Lalit Vase	Seed Funding	"1,00,000"	Yes
1328	26-10-16	OrangeTwig	Consumer Internet	Social Media Marketing platform	New Delhi	Undisclosed investor	Seed Funding	"10,00,000"	Yes
1329	26-10-16	Wooplr	Consumer Internet	Fashion Discovery App	Bengaluru	"Astarc Ventures, Anand Chandrasekaran"	Seed Funding		No
1330	26-10-16	The Kettlery	eCommerce	Online Tea Etailer	Ahmedabad	"hooting Starts Sports LLP, Franchise India Brands"	Private Equity	"10,00,000"	Yes
1331	27-10-16	Idea Bubbles	Consumer Internet	Doctor Consulting platform	Bengaluru	"1Crowd, Eureka Forbes Ltd, Shapoorji Pallonji & Co. Ltd."	Private Equity	"7,00,000"	Yes
1332	27-10-16	FR8	Technology	Truck Fleet Operation platform	Chennai	Omnivore Partners	Private Equity	"9,71,000"	Yes
1333	27-10-16	Ather Energy	Technology	Electric Vehicle Manufacturer	Bengaluru	Hero MotoCorp	Private Equity	"2,70,00,000"	Yes
1334	28-10-16	Pikkol	Logistics	Relocation Service provider	Bengaluru	"Ajay Nanavati, Afsal Salu"	Seed Funding		No
1335	29-10-16	Velmenni	Technology	LiFi based wireless communication provider	New Delhi	Kalaari Capital	Seed Funding	"1,00,000"	Yes
1336	29-10-16	Volta Motors	Technology	Electric Bike Manufacturer	Chennai	Kalaari Capital	Seed Funding	"1,00,000"	Yes
1337	29-10-16	Cyclops	Technology	Clinical and Wearable Diagnostic Product creator	Bengaluru	Kalaari Capital	Seed Funding	"1,00,000"	Yes
1338	30-10-16	Impact Analytics	Technology	Business intelligence and data science Startup	Bengaluru	"Aarin Capital, Michael Herzig, Ashish Lakhanpal"	Private Equity	"7,50,000"	Yes
1339	31-10-16	Talent Next	Consumer Internet	Talent Discovery & Audition management platform	Mumbai	Karanpal Singh & Others	Seed Funding	"10,00,000"	Yes
1340	01-09-16	Mad Street Den	Technology	Artificial Intelligence platform	Chennai	"Sequoia India, Exfinity Ventures, growX ventures,"	Private Equity		No
1341	01-09-16	Mihup	Technology	Personal Digital Assistant	Kolkata	Accel Partners	Private Equity	"67,00,000"	Yes
1342	01-09-16	Renowala	eCommerce	Home Improvement Marketplace	Hyderabad	Pradeep Dhobale	Seed Funding		No
1343	01-09-16	Lucideus	Technology	IT Risk Assessment and Digital Security Services provider.	New Delhi	Amit Choudhary	Seed Funding		No
1344	04-09-16	Trackbizz	Technology	Field Force Automation System	Kochi	Grasshoppers	Private Equity		No
1345	05-09-16	Social Quotient	Technology	Platform for Social Causes	Mumbai	"Anita Dongre, Yash Dongre, Milind Sarwate"	Seed Funding		No
1346	05-09-16	Stalk Buy Love	eCommerce	Fashion Apparel eTailer	New Delhi	William Bissel	Seed Funding		No
1347	06-09-16	eShakti	eCommerce	Women\xe2\x80\x99s Fashion Apparel eTailer	Chennai	"Infina Finance Pvt. Ltd, Uday Kotak"	Private Equity	"13,50,000"	Yes
1348	06-09-16	CheersOye!	Consumer Internet	Online Gift Vouchers platform	Mumbai	Undisclosed Investors	Seed Funding	"5,00,000"	Yes
1349	06-09-16	Lenskart	eCommerce	Online Eyewear eTailer	New Delhi	PremjiInvest	Private Equity		No
1350	06-09-16	BigStylist	Consumer Internet	Hyperlocal doorstep Beauty Services provider	Mumbai	Info Edge (India) Ltd	Private Equity	"9,00,000"	Yes
1351	07-09-16	Zilingo	eCommerce	Online Fashion Retailer	Bengaluru	"Venturra Capital, Sequoia India, Susquehanna International Group.\\xc2\\xa0 Wavemaker Partners, Beenext, Beenos, Digital Garage"	Private Equity	"80,00,000"	Yes
1352	07-09-16	Alternacare	Consumer Internet	Online Doctor Consulting platform	New Delhi	Eros Labs	Seed Funding	"5,00,000"	Yes
1353	07-09-16	Simplilearn	Education	Online Certification programs	Bengaluru	InnoVen Capital India	Private Equity	"60,00,000"	Yes
1354	07-09-16	Prozo	eCommerce	Study Material Marketplace	Gurgaon	"Earlsfield Capital, Sailender Solanki, Rajiv Solanki"	Seed Funding	"3,15,000"	Yes
1355	08-09-16	TopRankers	Education	Online Test Preparation platform	Bengaluru	"CareerNet Consulting Pvt. Ltd, Ideation Initiative Pvt. Ltd,"	Seed Funding	"6,70,000"	Yes
1356	08-09-16	BuildTraders	eCommerce	Online Construction Materials Marketplace	Bengaluru	Idein Ventures	Seed Funding	"2,00,000"	Yes
1357	09-09-16	Byju\\xe2\\x80\\x99s	Education	Online Learning App	Bengaluru	"Chan Zuckerberg Initiative, Times Internet Ltd, Sequoia Capital, Sofina, Lightspeed Ventures"	Private Equity	"5,00,00,000"	Yes
1358	09-09-16	NoBroker	Consumer Internet	Online Home Rental platform	Bengaluru	Anand Chandrasekaran	Seed Funding		No
1359	10-09-16	Freshboxx	eCommerce	Fruits & vegetable eTailer	Hubli	Ravi Linganuri	Seed Funding		No
1360	10-09-16	CureInstant	Consumer Internet	Social Health Networking Platform	New Delhi	Dr. Rameshwar Kumar	Seed Funding	"1,50,000"	Yes
1361	10-09-16	Poshtic	Consumer Internet	Online health & Wellness platform	Noida	"havya Sharma, Amit Nagar"	Seed Funding	"4,50,000"	Yes
1362	10-09-16	KarmaCircles	Consumer Internet	Peer-to-peer Social Learning platform	New Delhi	"Harinder Takhar, Zain Raj, Dr. Prasad Kaipa, Abaran Deep, Aseem Sood, Mustafa Patni"	Seed Funding		No
1363	12-09-16	Purple Style Labs	Consumer Internet	Personal Styling Online platform	Mumbai	"Augment Ventures, Rahul Kayan, Nikhil Golcha, Shubham Gupta, Roy Kwan"	Seed Funding	"4,48,000"	Yes
1364	12-09-16	Inuxu	Technology	Online Advertising Solutions	Pune	Fork Media	Private Equity	"30,00,000"	Yes
1365	12-09-16	Nykaa	eCommerce	Online Beauty products eTailer	Mumbai	"Sunil Munjal, Mariwala family"	Private Equity	"1,23,00,000"	Yes
1366	12-09-16	Glam Studios	Consumer Internet	Beauty Salon Aggregator	Noida	"Pradeep Mirani, Aqeel Ahmed, Anand Ladsariya, Nitin Agarwal"	Seed Funding	"3,00,000"	Yes
1367	13-09-16	Findow	Consumer Internet	Fashion Discovery Mobile app	Bengaluru	Raj Singh Bhandal	Seed Funding		No
1368	13-09-16	IdeaChakki	Consumer Internet	Restaurant Menu & Food mobile app	New Delhi	Ratan Tata	Seed Funding		No
1369	13-09-16	ShoeKonnect	eCommerce	Footwear & Leather B2B App	Agra	Indian Angels Network	Seed Funding		No
1370	13-09-16	NearBuy	Consumer Internet	Online Deals & Discount platform	Gurgaon	BlackSoil Capital Pvt. Ltd.	Private Equity	"25,00,000"	Yes
1371	14-09-16	ZeroInfy	Consumer Internet	Online Video Lectures platform	Kolkata	Calcutta Angels Network	Seed Funding		No
1372	14-09-16	Flocareer	Consumer Internet	Jobs & Skill Validation platform	Bengaluru	"Balasubramanian Krishnamurthy, Sidhartha Hazarika & Others"	Seed Funding	"1,50,000"	Yes
1373	14-09-16	LensPick	eCommerce	eyewear eTailer	Bengaluru	Scadea Solutions Inc	Private Equity		No
1374	15-09-16	infeedo	Consumer Internet	Employee engagement platform	Gurgaon	"Dheeraj Jain, Palash Jain, Anupam Mittal, Ameera Shah,\\xc2\\xa0 Vivek Bhargava, Rahul Singh, Ambarish Gupta,"	Seed Funding	"2,00,000"	Yes
1375	15-09-16	Furlenco	eCommerce	Online furniture rental startup	Bengaluru	Lightbox Ventures and others	Private Equity	"50,00,000"	Yes
1376	15-09-16	GoPigeon	Consumer Internet	on-demand logistics service provider	Bengaluru	Nexus Venture Partners	Private Equity	"15,00,000"	Yes
1377	16-09-16	NewsDistill	Consumer Internet	City based News Aggregator App	Hyderabad	"Ganesh Narasimhan, Ramana Thumu, Sudhir Mallem"	Seed Funding	"1,00,000"	Yes
1378	16-09-16	DoctorInsta	Consumer Internet	Online Doctor Consultations	Gurgaon	RoundGlass Partners	Private Equity	"10,00,000"	Yes
1379	19-09-16	Milofy	Consumer Internet	Couple Socialization App	Bengaluru	Accel Partners	Seed Funding	"7,50,000"	Yes
1380	19-09-16	Liqvid	Technology	Integrated eLearning content solutions	New Delhi	Gray Matters Capital	Private Equity		No
1381	19-09-16	Swiggy	Consumer Internet	Online Food Ordering & Delivery	Bengaluru	Bessemer Venture Partners	Private Equity	"1,50,00,000"	Yes
1382	20-09-16	Codemojo	Consumer Internet	Customer Engagement Platform	Bengaluru	CIO Angel Network	Seed Funding		No
1383	20-09-16	JustLikeNew	eCommerce	Online gadget Repair Services Marketplace	Hyderabad	LetsVenture	Seed Funding	"5,00,000"	Yes
1384	20-09-16	JoeHukum	Technology	Enterprise customer engagement solutions	New Delhi	Sumit Jain	Seed Funding		No
1385	21-09-16	Co Life	Consumer Internet	shared living and working spaces platform	Bengaluru	Undisclosed Investors	Seed Funding	"10,00,000"	Yes
1386	21-09-16	PurpleDocs	Consumer Internet	Electronic Health care records platform	Vadodara	"KellyGamma, Lead Angels & Others"	Seed Funding		No
1387	21-09-16	Pepperfry	eCommerce	Furniture eTailer	Mumbai	"Goldman Sachs Group, Zodius Technology Fund, Norwest Venture Partners, Bertelsmann India"	Private Equity	"3,13,00,000"	Yes
1388	21-09-16	eQuickies	eCommerce	Online Book etailer	Ahmedabad	Lothal Angel Ventures	Seed Funding	"2,98,000"	Yes
1389	21-09-16	Khel Now	Consumer Internet	Mobile-based social networking platform	New Delhi	Anglian Omega Network	Seed Funding	"3,50,000"	Yes
1390	22-09-16	Gadgetwood	Consumer Internet	On-Demand Gadget repair services platform	New Delhi	Carpediem Capital	Private Equity	"60,00,000"	Yes
1391	22-09-16	DailyRounds	Consumer Internet	Mobile App for Doctors	Bengaluru	"Accel Partners, Beenext, Powerhouse Ventures, Akusa Holdings"	Private Equity		No
1392	22-09-16	Flixy Games	Technology	Mobile Game Publisher for Indian audience	Bengaluru	Rebright Partners	Seed Funding	"4,25,000"	Yes
1393	22-09-16	HashTaag	Technology	Mobile App Development company	Bengaluru	Undisclosed investors	Seed Funding	"10,00,000"	Yes
1394	22-09-16	PharmaRack	Technology	SAAS application for Pharma Industry	Pune	"Currae Healthtech Fund, Unicorn India Ventures"	Private Equity	"7,45,000"	Yes
1395	23-09-16	\\xc2\\xa0CloudCherry	Technology	CRM SAAS Platform	Chennai	"Vertex Ventures, Cisco Ventures, IDG Ventures"	Private Equity	"60,00,000"	Yes
1396	23-09-16	Parentlane	Consumer Internet	Social Platform for babycare and parenting	Bengaluru	Rohit MA	Seed Funding		No
1397	23-09-16	First Moms Club	Consumer Internet	Social Network for Mothers	Mumbai	Idea Wave Labs	Seed Funding		No
1398	23-09-16	inMotion	Technology	Financial platform for daily wage earning communities	Noida	"Prashant Tandon, Gaurav Agarwal, Gaurav Bhogle, Shrishti Sahu, Shantanu Mathur, Prabhat Aggarwal"	Seed Funding		No
1399	26-09-16	Let\xe2\x80\x99s Barter	Consumer Internet	Goods & Services Barter Platform	New Delhi	Scale Ventures Funds	Seed Funding		No
1400	26-09-16	EvenGini	Consumer Internet	Event Registration and Ticketing platform	Chennai	Procam International Pvt. Ltd	Private Equity		No
1401	27-09-16	TinyStep	Consumer Internet	Parenting Network Platform	Bengaluru	Flipkart Logistics Pvt. Ltd	Private Equity	"15,80,000"	Yes
1402	27-09-16	Canvs	Consumer Internet	Community Platform for Artists and Designers	Mumbai	Pratik Seal	Seed Funding		No
1403	28-09-16	Beardo	eCommerce	Mens Grooming products etailer	Ahmedabad	Venture Catalysts	Seed Funding	"5,00,000"	Yes
1404	28-09-16	Instacar	Consumer Internet	Out-Station Taxi Rental Platform	Indore	Swastika Co Ltd.	Seed Funding	"10,00,000"	Yes
1405	28-09-16	Celes Care	Consumer Internet	Virtual Health Clinic for Women	Hyderabad	Endiya Partners	Seed Funding	"10,00,000"	Yes
1406	28-09-16	Druva	Technology	Cloud Based Data Protection Solution	Pune	"Sequoia India, EDBI, Blue Cloud Ventures, Hercules Capital"	Private Equity	"5,10,00,000"	Yes
1407	29-09-16	Promon	eCommerce	Local Commerce Platform	New Delhi	Now Capital	Seed Funding	"1,80,000"	Yes
1408	29-09-16	Fastudent	eCommerce	Education eCommerce platform	Noida	"Kanwaljit Singh, Ajay Lakhotia, Pavan Ongole, Ashish Gupta"	Seed Funding		No
1409	29-09-16	Unocoin	Consumer Internet	Bitcoin Wallet	Bengaluru	"Blume Ventures, Mumbai Angels, ah! Ventures, Digital Currency Group, Boost VC, Bank to the Future and Funders Club"	Private Equity	"15,00,000"	Yes
1410	30-09-16	Demyto	Consumer Internet	Vehicle maintenance Services platform	Pune	Deepak Nathani	Seed Funding		No
1411	30-09-16	Zeta	Technology	Enterprise Cloud Solutions	Mumbai	Bhavin Turakhia	Private Equity	"1,90,00,000"	Yes
1412	30-09-16	Kalaage	Consumer Internet	Social Networking Platform for Writers	Jaipur	Rajasthan Angel Innovators Network	Seed Funding		No
1413	01-08-16	HealthKart	eCommerce	Online Pharmacy & Health Marketplace	Gurgaon	"Sequoia Capital India, Omidyar Network, Kae Capital"	Private Equity	"1,20,00,000"	Yes
1414	01-08-16	Medinfi	Consumer Internet	Doctor & Clinic Discovery Platform	Bengaluru	"Mudit Saxena, Evan Lim"	Seed Funding	"2,00,000"	Yes
1415	01-08-16	RepairEasy	Consumer Internet	Gadget Repair Services Platform	Pune	Undisclosed HNIs	Seed Funding	"2,75,000"	Yes
1416	01-08-16	Voonik	eCommerce	Online Women Fashion Marketplace	Bengaluru	InnoVen Capital	Private Equity	"30,00,000"	Yes
1417	01-08-16	Tokri	Consumer Internet	Hyperlocal Grocery Delivery platform	Pune	Syska LED group	Private Equity	"25,00,000"	Yes
1418	02-08-16	Sheroes	Consumer Internet	Online Job and Career Platform for Women	Noida	"Lumis Partners, The HR Fund, Rajul Garg, Quintillion Media"	Private Equity	"18,00,000"	Yes
1419	02-08-16	Daily Ninja	Consumer Internet	Hyperlocal daily needs Products delivery platform	Bengaluru	"Venk Krishnan, Aprameya Radhakrishna, Anupam Mittal, Kunal Shah, Tracxn Labs, Subramanya SV, Ravi Garkipati"	Seed Funding		No
1420	02-08-16	Yumlane	Food & Beverage	Retail Food & Snack Offline centres	Mumbai	"Binny Bansal, Anupam Mittal, Sachin Bhatia, Darius Pandole, Kunal Khattar, Dheerag Jain"	Seed Funding	"10,00,000"	Yes
1421	03-08-16	Xcode	Healthcare	Personal Genomics	Chennai	RoundGlass Partners	Private Equity		No
1422	03-08-16	ExtraCarbon	Consumer Internet	Waste Recycle Management platform	Gurgaon	Brand Capital	Seed Funding	"2,25,000"	Yes
1423	03-08-16	FlickBay	Consumer Internet	Mobile Based Bollywood Discovery platform	Mumbai	Paul Roy	Seed Funding	"8,90,000"	Yes
1424	04-08-16	Petoo	Consumer Internet	Food Delivery Platform	Bengaluru	Existing Investors	Seed Funding	"5,00,000"	Yes
1425	04-08-16	lehlehsports	Others	Sports Arena discovery	New Delhi	Anglian Omega Network	Seed Funding		No
1426	05-08-16	Tricog	Healthcare	Healthcare Analytics Platform	Bengaluru	"Inventus Capital Partners, Blume Ventures & Others"	Private Equity		No
1427	06-08-16	VST Travels	Technology	Travel Ticket Booking Software	Not Specified	Promatus Group	Seed Funding	27000.00	Yes
1428	08-08-16	AdPushUp	Technology	Ad optimization Platform	New Delhi	"Geniee, Inc, Purvi Capital"	Private Equity		No
1429	08-08-16	Wefly Indoor Skydiving	Others	Indoor Skydiving Sports Provider	Mumbai	Swastika Company Ltd.	Seed Funding	40000.00	Yes
1430	08-08-16	Mojarto	eCommerce	"Original Art, Digital Prints etailer"	Gurgaon	Undisclosed Investors	Seed Funding	"4,45,000"	Yes
1431	08-08-16	Zipgrid	Consumer Internet	Community services platform	Mumbai	1Crowd (through crowd funding)	Seed Funding	"2,00,000"	Yes
1432	09-08-16	MobiDent	Healthcare	Dental Protection Solution	Bengaluru	Centre for Innovation Incubation and Entrepreneurship (CIIE)	Seed Funding		No
1433	09-08-16	Zeolr/RespirON	Technology	Healthcare related IoT platform	New Delhi	Centre for Innovation Incubation and Entrepreneurship (CIIE)	Seed Funding		No
1434	10-08-16	Vebbler	Consumer Internet	Photo Sharing Mobile App	Bengaluru	"Anupam Mittal, Sharad Sharma & 14 others"	Seed Funding	"5,00,000"	Yes
1435	10-08-16	Bombay Shaving Company	eCommerce	Men Grooming Product etailer	New Delhi	"Noshir Kaka, Subramanian Ramadorai, Kiran Deshpande, Pankaj Gupta, Ravi Nigam & Others"	Seed Funding	"6,00,000"	Yes
1436	11-08-16	Travelyaari	Consumer Internet	Online ticket booking platform	Bengaluru	"Gujarat Venture Finance Limited (GVFL), Bennett Coleman & Co. Ltd"	Private Equity	"70,00,000"	Yes
1437	11-08-16	91SpringBoard	Consumer Internet	Co-Working Spaces Discovery & Booking platform	Mumbai	"Khattar Holdings, ThirtyThree Investments, Soumitra Sharma, Deepak Sharma, Sumit Dayal and others"	Private Equity		No
1438	11-08-16	Genextstudents	Consumer Internet	Online Tutoring Service provider	Mumbai	1Crowd (through crowdfunding)	Seed Funding	"2,09,000"	Yes
1439	11-08-16	Zenoti	Technology	Cloud Based Software Solutions Provider	Hyderabad	"Norwest Venture Partners, Accel India"	Private Equity	"1,50,00,000"	Yes
1440	12-08-16	Crofarm	Technology	Agri-Tech supply chain Solution provider	Gurgaon	"Mukul Singhal, Rohit Jain, Himanshu Aggrawal, Sunil Goyal Ashish Gupta,"	Private Equity	"15,00,000"	Yes
1441	12-08-16	Faircent.com	Consumer Internet	peer-to-peer lending platform	Gurgaon	Brand Capital	Private Equity	"15,00,000"	Yes
1442	12-08-16	Innovaccer	Technology	Integrated Enterprise Analytics Platform	Noida	Westbridge Capital Partners	Private Equity	"1,56,00,000"	Yes
1443	12-08-16	Cuberoot	Technology	Data Analytics & Audience Management Platform	Gurgaon	Undisclosed Investors	Seed Funding	"5,00,000"	Yes
1444	12-08-16	Funcastic	Consumer Internet	B2C vernacular podcast aggregator platform	New Delhi	"HT Media Ltd, North Base Media"	Seed Funding		No
1445	15-08-16	Buttercups	ECommerce	Women Intimate Wear eTailer	Bengaluru	"Anand Chandrasekaran, Kanwaljit Singh, Manoj Varghese"	Seed Funding		No
1446	16-08-16	Zappfresh	ECommerce	Raw Meat Products eTailer	Gurgaon	Ashvin Chadha	Seed Funding		No
1447	16-08-16	OyoRooms	Consumer Internet	Budget Hotels Aggregator	New Delhi	SoftBank Group	Private Equity	"6,20,00,000"	Yes
1448	16-08-16	Hike	Consumer Internet	Mobile Messaging App	New Delhi	"Tencent Holdings, Foxconn Technology Group, Tiger Global, SoftBank Group, Bharti Enterprises"	Private Equity	"17,50,00,000"	Yes
1449	16-08-16	Joolz	eCommerce	Online Jewellery Store	Mumbai	"Powerhouse Ventures, M&S Partners"	Private Equity	"5,00,000"	Yes
1450	16-08-16	SaleBhai	eCommerce	"Sweets, Dry Fruits & Handicrafts etailer"	Ahmedabad	Brand Capital	Private Equity	"15,00,000"	Yes
1451	16-08-16	Makkajai	Technology	Online & Mobile learning for kids	Pune	"Anand Chandrasekaran, Ananth Narayanan, Mekin Maheshwari, Ravi Garikipati, Divyesh Shah, Swastika Company Ltd"	Seed Funding	"2,50,000"	Yes
1452	16-08-16	Gradopedia	Consumer Internet	Career progression Portal	Mumbai	Undisclosed Dubai based HNIs	Seed Funding		No
1453	17-08-16	MaalGaadi	Logistics	Online Logistics Marketplace	Indore	"Swan Angel Network,Sachin Khandelwal and others"	Seed Funding	"3,75,000"	Yes
1454	17-08-16	ZiPi	Technology	Mobile Chatbot App	Bengaluru	Swan Angel Network	Seed Funding		No
1455	17-08-16	Appknox	Technology	Mobile security solutions	Bengaluru	"SeedPlus, Infocomm Investments, Accel Partners RNT Associates"	Private Equity	"6,75,000"	Yes
1456	17-08-16	Pikkol	Logistics	Packers & Movers	Bengaluru	Indian Angel Network	Seed Funding		No
1457	18-08-16	Meesho	eCommerce	Mobile based eCommerce SAAS platform	Bengaluru	"Kashyap Deorah, Rajul Garg, Maninder Gulati"	Seed Funding		No
1458	18-08-16	Sesame Software	Technology	Financial Technology Solutions Provider	Kozhikode	Speridian Technologies	Private Equity		No
1459	19-08-16	Quikr	Consumer Internet	Classified Listings platform	Mumbai	Brand Capital	Private Equity	"2,00,00,000"	Yes
1460	19-08-16	Digio	Technology	Aadhar based Document Signing platform	Bengaluru	Rainmatter	Private Equity	"3,75,000"	Yes
1461	19-08-16	Ziffity	Technology	Full Service Ecommerce Agency	Chennai	Aspire Systems	Private Equity		No
1462	22-08-16	Zzungry	Consumer Internet	Food Delivery platform	Bengaluru	"Satish Vasudeva, Madhusudhan Jujare & Others"	Seed Funding		No
1463	22-08-16	Puro Wellness	healthcare	"Organic, Natural Food substitute manufacturer"	Mumbai	Torrent Group	Private Equity	"3,70,00,000"	Yes
1464	22-08-16	Fitternity	Consumer Internet	Fitness Gym & Services Discovery platform	Mumbai	"Saha Fund, Exfinity Venture Partners & Others"	Private Equity		No
1465	23-08-16	TAC Security	Technology	Cyber-Security Solutions Provider	New Delhi	Vijay Kedia	Seed Funding		No
1466	23-08-16	Notesgen	Consumer Internet	Online Notes Sharing Portal	New Delhi	"Riju Gupta, Kamal Chabra"	Seed Funding	"1,00,000"	Yes
1467	23-08-16	NearU	Consumer Internet	Marketing app for retailers	Mumbai	Dr. Goutam Challagalla	Seed Funding		No
1468	23-08-16	Octo.ai	Technology	Artificial Intelligence based marketing platform	New Delhi	"Outbox Ventures, Jaspreet Bindra, Arjun Malhotra, Rohan Malhotra, Sidharth Rao, Rakesh Agrawal"	Seed Funding	"2,00,000"	Yes
1469	24-08-16	ShaadiSaga	Consumer Internet	Wedding Website Creator	New Delhi	"ah! Ventures, Anupam Mittal, Kunal Shah, Sandeep Tandon, Dheeraj Jain, Rohit Chokhani"	Seed Funding		No
1470	24-08-16	UnaAcademy	Consumer Internet	Free Interactive education platform	Bengaluru	"Blume Ventures, Sachin Bansal, Vijay Shekhar Sharma, Binny Bansal,\\xc2\\xa0 Kunal Shah, Sandeep Tandon, Ashish Tulsian"	Private Equity	"10,00,000"	Yes
1471	24-08-16	Advenio	Technology	Clinical Imaging Solution Provider	Chandigarh	Kalaari Capital	Seed Funding	"1,00,000"	Yes
1472	24-08-16	Guarented	eCommerce	Home Furnishing rental marketplace	Bengaluru	Kalaari Capital	Seed Funding	"5,00,000"	Yes
1473	24-08-16	Beyond Evolution	Technology	Mobile Apps & Tech Services provider	Gurgaon	"Vineet Taneja, Kamal Puri"	Seed Funding		No
1474	24-08-16	Uber Dreams	eCommerce	Dreams fulfilling marketplace	Mumbai	Mohit Lalvani	Seed Funding	"5,00,000"	Yes
1475	24-08-16	Convegenius	Education	Edutainment platform	Noida	Michael and Susan Dell Foundation	Private Equity	"9,00,000"	Yes
1476	24-08-16	UrbanLadder	eCommerce	Online Furniture Store	Mumbai	Trifecta Capital	Private Equity	"30,00,000"	Yes
1477	24-08-16	enCashea	Consumer Internet	Scrap Collection and Recycling platform	Bengaluru	"Kunal Shah, Sandeep Tandon, Tracxn Labs"	Seed Funding		No
1478	25-08-16	EngineerBabu	Technology	Mobile App & Web Development company	Indore	Scale Ventures	Seed Funding		No
1479	25-08-16	Cult	Healthcare	Health and Fitness Centres	Bengaluru	CureFit	Private Equity	"30,00,000"	Yes
1480	25-08-16	WitWorks	Technology	Consumer IoT Startup	Bengaluru	"Fireside Ventures, Investopad, P39 Capital, Anupam Mittal, Pranay Jivrajka, Maninder Gulati, Abhinav Sinha"	Seed Funding		No
1481	25-08-16	NearFox	Consumer Internet	Local Lifestyle Content and Discovery Platform	Mumbai	"Globevestor Angel Fund, Devendra Rane, Ravi Jain,\\xc2\\xa0 Arpan Nagdeve"	Seed Funding		No
1482	25-08-16	ZoomCar	Consumer Internet	Self-driven car booking platform	Bengaluru	Ford Smart Mobility Llc	Private Equity	"2,40,00,000"	Yes
1483	26-08-16	Plix	Consumer Internet	Photo and Video Sharing App	Gurgaon	Instalabs	Seed Funding	"5,00,000"	Yes
1484	26-08-16	Mobikwik	Consumer Internet	Digital Wallet platform	Gurgaon	Net1 UEPS Technologies Inc	Private Equity	"4,00,00,000"	Yes
1485	26-08-16	MyDidi	Consumer Internet	"on-demand, hyper-local Cleaning services provider"	Mumbai	Undisclosed Ex Mckinsey Directors and Partners	Seed Funding	"5,50,000"	Yes
1486	26-08-16	CrownIt	Consumer Internet	Cashback Mobile app	Gurgaon	"Kunal Shah & Sandeep Tandon, Girish Mathrubootham, Anand Chandrasekaran"	Seed Funding		No
1487	29-08-16	LoanTap	Consumer Internet	Lending platform for Salaried professionals	Mumbai	"Dr. Abhishek Pandey, Jaysukh Sapra"	Private Equity	"30,00,000"	Yes
1488	29-08-16	Runnr	Consumer Internet	hyperlocal Logistics services provider	Bengaluru	"Nexus Venture Partners, Blume Ventures"	Private Equity	"70,00,000"	Yes
1489	29-08-16	Zolo	Consumer Internet	on-demand online talent marketplace	Noida	Hitouch AG	Private Equity		No
1490	29-08-16	Notion Press	Consumer Internet	Self-Publishing books platform	Chennai	Undisclosed HNI investors	Private Equity	"10,00,000"	Yes
1491	29-08-16	LivSpace	Consumer Internet	Online portal for Home Design	Bengaluru	"Bessemer Venture Partners, Jungle Ventures, Helion Ventures"	Private Equity	"1,50,00,000"	Yes
1492	30-08-16	iAugmentor Labs	Technology	Assessment & Learning Platform	Gurgaon	Rajasthan Angel Investor Network & Others	Seed Funding	"1,49,000"	Yes
1493	30-08-16	DayBox	Consumer Internet	Fruit & Vegetable Delivery platform	New Delhi	"Ashutosh Lawania, Rajul Jain, Badal Malick, Rishi Gupta & Others"	Seed Funding	"1,04,000"	Yes
1494	30-08-16	Paytm	eCommerce	Mobile Wallet & ECommerce platform	Bengaluru	MediaTek Inc.	Private Equity	"6,00,00,000"	Yes
1495	30-08-16	CropIn	Technology	Agriculture Technology Solutions	Bengaluru	Sophia Investment ApS	Private Equity	"20,00,000"	Yes
1496	30-08-16	Canvera	Consumer Internet	Photographer Discovery & Information platform	Bengaluru	Info Edge (India) Ltd	Private Equity	"30,00,000"	Yes
1497	30-08-16	Prime Focus Technologies	Technology	Hybrid Cloud technology enabled Media ERP platform	Mumbai	Ambit Pragma	Private Equity		No
1498	31-08-16	Flyrobe	eCommerce	Online fashion rental platform	Mumbai	"IDG Ventures, Sequoia Capital, GREE Ventures"	Private Equity	"53,00,000"	Yes
1499	31-08-16	inclov	Consumer Internet	Matchmaking App for Disabled	Mumbai	"Sarbvir Singh, Raghav Bahl"	Seed Funding		No
1500	01-07-16	RazorPay	Consumer Internet	Online Payment Gateway	Bengaluru	MasterCard	Private Equity		No
1501	01-07-16	DarwinBox	Technology	HR Software Services Startup	Hyderabad	"3one4 Capital, Tracxn Labs, Aaruha Technology Fund, Endiya Partners"	Seed Funding		No
1502	01-07-16	Venture Catalysts	Consumer Internet	Seed Investment & Innovation Platform	Mumbai	Zaffiro Ventures	Seed Funding	"5,00,000"	Yes
1503	01-07-16	PressPlay TV	Consumer Internet	Video Content Discovery Platform	New Delhi	"Sequoia Capital, SD Ventures, Vistaar Investment Advisors Pvt. Ltd."	Private Equity		No
1504	02-07-16	Playment	Consumer Internet	Mobile Marketplace for Crowdsourced Work	Bengaluru	SAIF Partners	Private Equity	"7,00,000"	Yes
1505	04-07-16	WealthTrust	Consumer Internet	Wealth Management App	Mumbai	India Quotient	Seed Funding		No
1506	04-07-16	Curefit	Consumer Internet	Online Preventive Healthcare Platform	Bengaluru	"Accel Partners, IDG Ventures, Kalaari Capital"	Private Equity	"1,50,00,000"	Yes
1507	04-07-16	StitchWood	eCommerce	Custom Furniture Online	Mumbai	Deepak Gupta	Seed Funding	"2,00,000"	Yes
1508	04-07-16	Grab.in	Logistics	hyperlocal logistics service	Mumbai	Aramex Ventures Llc	Private Equity	"20,00,000"	Yes
1509	04-07-16	Fulfil.IO	Consumer Internet	Cloud Based ERP Software	Not Specified	Rajan Anandan	Seed Funding		No
1510	04-07-16	NeoGrowth	Finance	SME Lending platform	Mumbai	"IIFL Wealth Management Seed Venture Fund, Omidyar Network, Khosla Impact, Aspada"	Private Equity	"1,60,00,000"	Yes
1511	05-07-16	SeeDoc	Consumer Internet	Video Based Doctor Consulting platform App	Gurgaon	YourNest Angel Fund\\xc2\\xa0 & Others	Private Equity	"10,00,000"	Yes
1512	05-07-16	BookMyShow	Consumer Internet	Event & Movie Ticketing platform	Mumbai	"Stripes Group, Network 18, Accel Partners, SAIF Partners"	Private Equity	"8,20,00,000"	Yes
1513	05-07-16	Flyrobe	eCommerce	Online fashion rental platform	Mumbai	"Sequoia Capital, Rohit Bansal, Kunal Bahl, Sandeep Tandon, Kunal Shah, Zishaan Hayath,\\xc2\\xa0 Abhishek Jain"	Seed Funding	"17,00,000"	Yes
1514	06-07-16	HappilyUnmarried	eCommerce	Online Merchandize etailer	New Delhi	Info Edge (India) Ltd	Private Equity	"7,40,000"	Yes
1515	06-07-16	Don\\xe2\\x80\\x99t Scratch Your Head	Technology	Full Stack Offline & Online ERP Solution	Ahmedabad	"Gaurav Singhvi, Zaffiro Ventures"	Seed Funding	"2,50,000"	Yes
1516	06-07-16	Wedding Wishlist	Consumer Internet	"Wedding Wishlist, Gifts & Registry Creation platform"	Chennai	"Kirthiga Reddy, Renuka Ramanath,Cherry Tin"	Seed Funding	"2,97,000"	Yes
1517	07-07-16	AppDaily	Technology	Mobile Security App development & Distribution	Mumbai	"Kalaari Capital, Qualcomm Ventures, ru-Net, Zodius Technology Opportunities Fund,"	Private Equity	"20,00,000"	Yes
1518	07-07-16	Adytude	Consumer Internet	Gamified Consumer Insights Portal	New Delhi	Indian Angel Network	Private Equity	"10,00,000"	Yes
1519	07-07-16	Quickli	Logistics	On-Demand Delivery Startup	Gurgaon	"AVG Group, 500 Startups"	Private Equity		No
1520	07-07-16	SpectraVR	Technology	Virtual Reality Content Studio	Mumbai	Rothenberg Ventures	Seed Funding		No
1521	08-07-16	Pitstop	Consumer Internet	Online Car Repair and Servicing Booking platform	Bengaluru	"Alex Chua, Rahul Garg"	Seed Funding		No
1522	08-07-16	HolaChef	Consumer Internet	Online Food Ordering & Delivery Platform	Mumbai	"Kalaari Capital, India Quotient"	Private Equity	"19,50,000"	Yes
1523	11-07-16	Purplle	eCommerce	Beauty Products Marketplace	Mumbai	"JSW Ventures, Blume Ventures & IvyCap Ventures"	Private Equity	"60,00,000"	Yes
1524	11-07-16	Trak N Tell	Technology	Car Tracking & Safety System	Gurgaon	Brian Acton	Private Equity	"35,00,000"	Yes
1525	11-07-16	Overcart.com	eCommerce	Unboxed & refurbished electronic products marketplace	Gurgaon	"JSW Ventures, Omidyar Network, Sattva Capital, Venture Works"	Private Equity	"30,00,000"	Yes
1526	12-07-16	SirionLabs	Technology	SAAS based Service Agreement Management	Gurgaon	Sequoia Capital	Private Equity	"1,22,50,000"	Yes
1527	12-07-16	GyanDhan	Consumer Internet	Education Focused Financing Platform	New Delhi	"Stanford Angels & Entrepreneurs, Harvard Angels"	Seed Funding		No
1528	12-07-16	MintM	Consumer Internet	Digital Marketing & AdTech Platform	Bengaluru	"Mumbai Angels,\\xc2\\xa0 Times Internet"	Private Equity		No
1529	12-07-16	HitGrit	Consumer Internet	Online Legal Consultation platform	Chandigarh	"Ashish Mahajan, Sarvesh Sharma"	Seed Funding		No
1530	12-07-16	Find My Stay	Consumer Internet	Online Budget Hotel Aggregator & Booking Platform	New Delhi	"Rishi Parti, Yogesh Bansal"	Seed Funding		No
1531	13-07-16	YAAP	Consumer Internet	"Online Content Discovery, Creation & Distribution Platform"	New Delhi	Rainmaker Ventures	Private Equity	"50,00,000"	Yes
1532	13-07-16	Utoo Cabs	Consumer Internet	Cab aggregation & Rental platform	Chennai	Ajay Piramal	Seed Funding		No
1533	13-07-16	Twigly	Consumer Internet	Online Food Ordering & Delivery Startup	Gurgaon	"Tracxn Labs, Hyderabad Angels, Kunal Shah, Gaurav Bhalotia"	Seed Funding	"6,00,000"	Yes
1534	13-07-16	ShareChat	Consumer Internet	Vernacular Language Content Creation & Sharing App	Bengaluru	"SAIF Partners, India Quotient"	Private Equity	"13,50,000"	Yes
1535	13-07-16	Urban Tailor	Consumer Internet	E-Tailoring service provider	Bengaluru	Unitus Seed Fund	Private Equity		No
1536	13-07-16	RentMojo	Consumer Internet	Online Furniture Renting Platform	Bengaluru	"Accel Partners, IDG Ventures India"	Private Equity	"50,00,000"	Yes
1537	13-07-16	CityFurnish	Consumer Internet	Online Furniture Renting Platform	Gurgaon	Brand Capital	Seed Funding		No
1538	13-07-16	HEAL Institute	Healthcare	Sports Focused Healthcare Startup	Mumbai	"Jaspal Bindra, Parth Jindal"	Seed Funding		No
1539	14-07-16	Augrav	eCommerce	Personalized precious Jewellery etailer	Coimbatore	Keiretsu Forum	Seed Funding	"4,50,000"	Yes
1540	14-07-16	ShoppinPal	Technology	M-Commerce Solutions for Retail Stores	Pune	"Plug and Play Tech Center, Steelhead Ventures & Others"	Private Equity	"10,70,000"	Yes
1541	14-07-16	TransTutors / AskIITians	Consumer Internet	Online Education & Tutoring portals	New Delhi	500 Startups	Private Equity		No
1542	15-07-16	WorkApps	Technology	Enterprise Work Management Software	Pune	SRI Capital	Seed Funding	"10,00,000"	Yes
1543	15-07-16	BankerBay	Consumer Internet	Online Investment Banking platform	Bengaluru	undisclosed investors	Private Equity	"20,00,000"	Yes
1544	15-07-16	BaggOut	eCommerce	Women Fashion etailer	New Delhi	"Sumit Jain, Sumit Jain, Anurag Gupta, Varun Khanna, Faraz Khan"	Seed Funding		No
1545	15-07-16	TripShelf	eCommerce	Travel Package Marketplace	New Delhi	GEMS group	Seed Funding	"2,50,000"	Yes
1546	15-07-16	SatvaCart	eCommerce	Online Grocers	New Delhi	"Abhijit Avasthi, Karan Chellani, SP Vijay"	Seed Funding		No
1547	15-07-16	Ridlr	Consumer Internet	Public Transport Mobile App	Mumbai	"Times Internet, Innoven Capital, Matrix Partners India, Qualcomm Ventures"	Private Equity	"60,00,000"	Yes
1548	18-07-16	Yellowdig	Consumer Internet	Online Learning Platform	Pune	SRI Capital	Seed Funding	"6,50,000"	Yes
1549	18-07-16	Zuppler	Consumer Internet	Online Food Ordering platform	New Delhi	SRI Capital	Seed Funding	"6,50,000"	Yes
1550	18-07-16	BlueStone	eCommerce	Jewellery Etailer	Mumbai	"IIFL and Accel Partners, Kalaari Capital, IvyCap Ventures, RB Investments"	Private Equity	"3,00,00,000"	Yes
1551	18-07-16	underDOGS	Technology	Game Development Startup	Mumbai	Intelli Reboot Digital Pvt. Ltd	Private Equity		No
1552	18-07-16	ImageProVision	Technology	Image Analysis Solutions	Pune	Satish Jamdar	Seed Funding		No
1553	19-07-16	Sagacito	Technology	Cloud-Based Enterprise Solutions	New Delhi	Star India Pvt. Ltd	Private Equity	"1,00,00,000"	Yes
1554	19-07-16	Deal4Loans / Wishfin	Consumer Internet	\\nLoans Comparison platform\\n\\n\\n\\n     (adsbygoogle = window.adsbygoogle || []).push({});\\n\\n	Noida	Franklin Templeton International Services Pvt. Ltd	Private Equity	"1,50,00,000"	Yes
1555	19-07-16	NiYO Solutions	Technology	Payroll & Benefits Software solutions	Bengaluru	Prime Venture Partners	Private Equity	"10,00,000"	Yes
1556	19-07-16	AppLop	Consumer Internet	Mobile Apps SaaS Platform	Gurgaon	Green House Ventures Accelerator	Seed Funding	"2,50,000"	Yes
1557	20-07-16	Tax2Win	Consumer Internet	Online Tax Filing Portal	Jaipur	Undisclosed Investors	Private Equity	"10,00,000"	Yes
1558	20-07-16	Truckola	Logistics	Tech-focused cargo transport startup	Mumbai	"Abhishek Agarwal, Krishnakumar Nataraj, Sarath Sura, Shanti Mohan, Sarthak and Nihit Agarwal, Suramya Gupta"	Seed Funding	"5,95,000"	Yes
1559	20-07-16	iServe Financial	Consumer Internet	Loan Comparison & Deals platform	Pune	Nilesh Shah	Seed Funding		No
1560	21-07-16	MyTaxiIndia	Consumer Internet	Online Car rental booking platform	New Delhi	Nihon Kotsu Co	Private Equity	"10,00,000"	Yes
1561	21-07-16	AbeRuk	eCommerce	Online Marketplace for books	Bengaluru	Swastika Company Pvt Ltd	Seed Funding		No
1562	21-07-16	Wiwigo	Consumer Internet	Inter-City Taxi Booking platform	Bengaluru	Indian Angel Network	Seed Funding	"5,95,000"	Yes
1563	21-07-16	Drums Food	Food & Beverage	Yogurt and Ice Cream maker	Mumbai	"Verlinvest, DSG Consumer Partners"	nan		No
1564	01-06-16	Chikoop	Consumer Internet	Free Ad based Voice Calling	Indore	Undisclosed Investors	Seed Funding		No
1565	01-06-16	BRIDGEi2I	Technology	Data Analytics Platform	Bengaluru	Edelweiss Private Equity	Private Equity		No
1566	02-06-16	Droom	eCommerce	Online marketplace for used automobiles	New Delhi	"Beenext, Digital Garage, Lightbox, Beenos"	Private Equity		No
1567	02-06-16	Visit	Consumer Internet	On-Demand Healthcare Service provider	New Delhi	MapmyIndia	Seed Funding		No
1568	02-06-16	Atomberg	Technology	"smart, energy efficient home appliance manufacturer"	Mumbai	Parampara Capital	Private Equity	"10,00,000"	Yes
1569	02-06-16	Coutloot	eCommerce	Fashion Re-Commerce Platform	Mumbai	Venture Catalysts	Seed Funding		No
1570	02-06-16	Limo	Consumer Internet	Bus Aggregator Mobile app	Mumbai	Rainmaker Ventures	Private Equity	"10,00,000"	Yes
1571	03-06-16	iCliniq	Consumer Internet	Doctor Consultation platform	Bengaluru	MadhanKumar Madathupalayam	Seed Funding		No
1572	03-06-16	GoGo Truck	Consumer Internet	Truck Aggregator & Booking platform	Chennai	Undisclosed Investor	Seed Funding	75000.00	Yes
1573	03-06-16	Vyome Biosciences	Healthcare	Treatment Development for Antibiotic-resistant diseases	New Delhi	Romulus Capital	Private Equity	"20,00,000"	Yes
1574	06-06-16	SillyMonks	Consumer Internet	Digital Media and Entertainment Startup	Hyderabad	Sreenivasa Reddy Musani	Seed Funding	"4,48,000"	Yes
1575	07-06-16	CueMath	Education	K-12 Maths Learning Courses	Bengaluru	"Sequoia Capital, Unitus Seed Fund"	Private Equity	"40,00,000"	Yes
1576	07-06-16	KrazyBee	Consumer Internet	Student Micro-Loan platform	Bengaluru	"Yeahmobi, Fenqile"	Private Equity	"20,00,000"	Yes
1577	07-06-16	Intgrea	Technology	Post merger Integration Partners	Bengaluru	Undisclosed Investor	Seed Funding	"1,00,000"	Yes
1578	07-06-16	HelpShift	Technology	Mobile CRM Platform	Pune	"Microsoft Ventures, Salesforce Ventures"	Private Equity	"2,30,00,000"	Yes
1579	07-06-16	CreditVidya	Technology	Credit Scoring Platform	Mumbai	Kalaari Capital	Private Equity	"10,00,000"	Yes
1580	08-06-16	Grey Campus	Consumer Internet	Online Learning Platform	Hyderabad	Sarath Sura	Seed Funding	"10,00,000"	Yes
1581	08-06-16	ListUp	eCommerce	Location based Classified Mobile app	Mumbai	"Kae Capital, Kunal Shah, Sandeep Tandon"	Seed Funding	"5,00,000"	Yes
1582	08-06-16	6Degree	Technology	Tech-enabled Fashion Talent platform	Mumbai	Indian Angel Network	Seed Funding	"2,00,000"	Yes
1583	08-06-16	Shopwati	Consumer Internet	Online Fashion Discussion Community	Gurgaon	Sanjiv Rai	Seed Funding		No
1584	08-06-16	Cookifi	Consumer Internet	Online Chef Discovery & Booking Service	Bengaluru	"Kunal Shah, Aneesh Reddy, Tracxn Labs, Venkat Tadanki, Krishna Mehra, Amit Rathore"	Seed Funding		No
1585	08-06-16	StoreKing	eCommerce	Connecting Small Town Consumers to E-Commerce	Bengaluru	Axiata Digital	Private Equity	"1,60,00,000"	Yes
1586	08-06-16	Wired Hub	Real Estate	Co-Working Spaces	Jaipur	"Ankit Maheshwari, Anand Singh"	Seed Funding		No
1587	08-06-16	MySeniorDoctor	Consumer Internet	Online medical support platform	Gurgaon	BlackJag Partners	Seed Funding	"2,00,000"	Yes
1588	09-06-16	Teabox	eCommerce	Online Tea Store	Siliguri	Cameron Jones	Seed Funding		No
1589	09-06-16	ExtraaEdge	Consumer Internet	Student Acquisition Platform	Pune	"Ritesh Dwivedy, Priti Padhy"	Seed Funding		No
1590	09-06-16	EPayLater	Technology	Fin-Tech Platform	Mumbai	3 undisclosed HNIs	Seed Funding	"20,00,000"	Yes
1591	10-06-16	Kyazoonga	eCommerce	Online event ticketing Platform	Mumbai	Ratan Tata	Seed Funding		No
1592	10-06-16	Paytunes	Consumer Internet	Mobile based rewards platform	New Delhi	"CIO Angel Network, Indian Angel Network"	Private Equity	"5,00,000"	Yes
1593	10-06-16	Kickstart Jobs	Technology	Entry level hiring platform	Gurgaon	"Vivek Joshi, Mohit Satyanand, Amit Banati, Arun Khanna"	Seed Funding		No
1594	10-06-16	Freshee	FMCG	Household packaging & Storage product manufacturer	Mumbai	Edelweiss Private Equity	Private Equity		No
1595	10-06-16	MadRat Games	Technology	Wearable Gaming Platform	Bengaluru	"Ratan Tata, Bhavish Aggarwal, Ankit Bhati, Binny Bansal, Girish Mathrubootham"	Seed Funding		No
1596	11-06-16	Jazzmyride	eCommerce	Auto Parts & Accessories eTailer	New Delhi	TVS Automobile Solutions Ltd	Private Equity		No
1597	11-06-16	AutoSense	Technology	Data Analytics based Customer Management Services	New Delhi	TVS Automobile Solutions Ltd	Private Equity		No
1598	11-06-16	Redsun Telematics	Consumer Internet	Internet of Things Platform	Chennai	TVS Automobile Solutions Ltd	Private Equity		No
1599	13-06-16	KhanaGadi	Consumer Internet	Online Food Delivery for Train Travelers	Jaipur	50K Ventures	Seed Funding		No
1600	13-06-16	Bombay Shirt Company	eCommerce	Online custom Shirt retailer	Mumbai	undisclosed investor	Private Equity	"10,00,000"	Yes
1601	13-06-16	Matrubharti	Consumer Internet	e-Book Publisher		Viridian Capital	Seed Funding	30000.00	Yes
1602	14-06-16	EdTechReview	Consumer Internet	Education based online portal	New Delhi	EVC Ventures	Seed Funding		No
1603	14-06-16	Bonhomia	Food & Beverage	Premium Tea & Coffee Capsules maker	New Delhi	Valpro Capital and existing investors	Private Equity		No
1604	14-06-16	Gobolt	Logistics	B2B Logistics provider	New Delhi	MCube8	Seed Funding		No
1605	14-06-16	Jivox	Technology	Data Driven Advertising platform	Bengaluru	"You & Mr Jones, Fortisure Ventures, Diaz Nesamoney"	Private Equity	"60,00,000"	Yes
1606	14-06-16	Sminq	Consumer Internet	Queue management Mobile app	Pune	"Saama Capital, Blume Ventures & Vaibhav Domkundwar"	Seed Funding	"10,00,000"	Yes
1607	14-06-16	CureJoy	Consumer Internet	Online Alternative health community platform	Bengaluru	Accel Partners India	Private Equity	"44,00,000"	Yes
1608	15-06-16	Oneway.cab	Consumer Internet	Taxi Rental Platform	Vadodara	Indian Angel Network	Seed Funding	"4,50,000"	Yes
1609	15-06-16	GrabOnRent	eCommerce	On-demand product rental marketplace	Bengaluru	IvyCap Ventures and Unicorn India Ventures	Private Equity		No
1610	16-06-16	Diro Labs	Consumer Internet	Contact Management Mobile App	New Delhi	Info Edge (India) Ltd	Private Equity	"4,50,000"	Yes
1611	16-06-16	Unnati Helpers	Consumer Internet	Help Hiring Platform	Gurgaon	Info Edge (India) Ltd	Private Equity	"6,00,000"	Yes
1612	16-06-16	Athletto	Consumer Internet	Sports Venue discovery and booking platform	Bengaluru	Atul Ingle	Seed Funding		No
1613	16-06-16	Saavn	Consumer Internet	Web/Mobile Music Streaming service	Not Specified	Guy Oseary	Private Equity		No
1614	16-06-16	Voonik	eCommerce	Online Women Fashion Marketplace	Bengaluru	Sequoia Capital	Private Equity	"2,00,00,000"	Yes
1615	16-06-16	ThinkPhi	Technology	Sustainable Green Tech Solution developer	Mumbai	Nimmagadda Prasad	Seed Funding		No
1616	17-06-16	Cleartax	Consumer Internet	Online Tax Filing Platform	New Delhi	"Ravi Adusumalli, SAIF Partners"	Private Equity	"1,20,00,000"	Yes
1617	17-06-16	Silvan Innovation Labs	Technology	Home Automation Solutions	Bengaluru	Infuse Ventures	Private Equity	"9,00,000"	Yes
1618	17-06-16	GreytHR	Technology	Payroll & HR Software Developer	Bengaluru	"New Enterprise Associates (NEA), Blume Ventures"	Private Equity	"52,00,000"	Yes
1619	17-06-16	Duffl	eCommerce	Fashion Rental Marketplace	Bengaluru	BetOnIndia Technology Pvt Ltd	Seed Funding		No
1620	17-06-16	BYG	Consumer Internet	Fitness centre Discovery & Booking Mobile app	Bengaluru	"Sanjay Verma, Amit Khanna (LetsVenture)"	Seed Funding		No
1621	20-06-16	Dipper	eCommerce	Freight Logistics Marketplace	New Delhi	Undisclosed investor	Seed Funding		No
1622	20-06-16	Qonfuse	Consumer Internet	Online Test Papers for competitive exams	New Delhi	Hamraj Kumar	Seed Funding		No
1623	20-06-16	The Indian IRIS	Consumer Internet	Govt Policy Research & Information portal	Ahmedabad	Timbru Ventures	Seed Funding		No
1624	21-06-16	Onspoon	Consumer Internet	Online Platform for Event Sponsorship	Mumbai	Swan Angel Network	Seed Funding	"1,50,000"	Yes
1625	21-06-16	REstate	Consumer Internet	Real Estate Platform	Bengaluru	Idein Ventures	Seed Funding		No
1626	21-06-16	Cleartrip	Consumer Internet	Online Travel Agency	Mumbai	"Concur Technologies, Gund Investment"	Private Equity		No
1627	21-06-16	ProcMart	Consumer Internet	Online Procurement Marketplace	Noida	IndiaMart	Private Equity		No
1628	21-06-16	Celerix	Technology	Fintech Product Development & Services Startup	Bengaluru	Bitkemy Ventures	Seed Funding	"4,00,000"	Yes
1629	21-06-16	NatureNama	Consumer Internet	Online Outdoors & travel	Mumbai	Unicorn Venture	Seed Funding	"2,25,000"	Yes
1630	21-06-16	CyclopsMedtech	Technology	Medical Technology Provider	Bengaluru	CP Bothra	Seed Funding		No
1631	21-06-16	Syona Cosmetics	FMCG	Beauty Products & Training to Salons & Spas	Chennai	The Chennai Angels	Seed Funding	"1,50,000"	Yes
1632	21-06-16	PrettySecrets	eCommerce	Women Lingerie Store	Mumbai	"RB Investments PTE Ltd, Orios Venture Partners"	Private Equity	"60,00,000"	Yes
1633	22-06-16	SpiderG	Consumer Internet	Online invoice app for SMEs	Pune	"Rahul Kirloskar, Fusion Tech Ventures, Adi Saravanan, Pravin Dongre, Mahendra Doshi"	Seed Funding	"1,50,000"	Yes
1634	23-06-16	FarEye	Technology	Logistics Management Software	New Delhi	Saif Partners	Private Equity	"35,00,000"	Yes
1635	23-06-16	The Uolo	Consumer Internet	School Parent Communication App	Bengaluru	"Purvi Ventures, Rajul Garg, Vipin Arora"	Seed Funding	"2,10,000"	Yes
1636	23-06-16	Staqu	Technology	Artificial Intelligence based search platform	Gurgaon	Indian Angel Network	Seed Funding		No
1637	23-06-16	Padhopadhao	Consumer Internet	Home Tutors search & Discovery	New Delhi	Rise India	Private Equity		No
1638	24-06-16	Drivify	Consumer Internet	Professional Driver discovery & Booking Mobile app	Mumbai	"Jitendra Gupta, Pankaj Tripathi"	Seed Funding	50000.00	Yes
1639	24-06-16	PratiLipi	Consumer Internet	Multi-Lingual self-publishing platform	Bengaluru	Nexus Venture Partners	Seed Funding		No
1640	24-06-16	ParaBlu	Technology	Cloud Data Security & Privacy Solutions	Bengaluru	Kalaari Capital	Seed Funding	"5,00,000"	Yes
1641	24-06-16	Schedulers Logistics	Logistics	Cold Storage Logistics solutions	Mumbai	GVFL	Private Equity	"60,00,000"	Yes
1642	24-06-16	LEAP India	Others	Supply Chain Equipment & Services provider	Mumbai	Mayfield Ventures	Private Equity	"30,00,000"	Yes
1643	24-06-16	KabadiExpress	Others	Free Door Step Scrap Pickup Service	New Delhi	Undisclosed investor	Seed Funding	"1,48,000"	Yes
1644	27-06-16	YourDost	Consumer Internet	Online counselling & Personal coaching platform	Bengaluru	"SAIF Partners, Aprameya Radhakrishnan, Phanindra Sama, Subba Rao Telidevara, Vibhu Garg, Paula Ravindra Mariwala, Gaurav Bhalotia"	Seed Funding	"12,00,000"	Yes
1645	27-06-16	Gomalon	Consumer Internet	Online Spa & Salon discovery & Booking platform	Bengaluru	Undisclosed investor	Seed Funding	"1,00,000"	Yes
1646	27-06-16	Voler Cars	Consumer Internet	Self-Driven Car rental platform	New Delhi	"Kanodia family, Amit Banka"	Seed Funding		No
1647	27-06-16	Travelyaari	Consumer Internet	Online ticket booking platform	Bengaluru	GVFL Ltd	Private Equity	"30,00,000"	Yes
1648	28-06-16	FabHotels	Consumer Internet	Online Hotel aggregator & Booking platform	Gurgaon	"Accel Partners, RB Investments"	Private Equity	"80,00,000"	Yes
1649	28-06-16	Locanix	Technology	GPS based SaaS Solutions	Ahmedabad	Undisclosed investors	Seed Funding	"3,00,000"	Yes
1650	28-06-16	LendingKart	Consumer Internet	Online Working Capital Business Loans Platform	Ahmedabad	"Bertelsmann India Investments, Mayfield India, Saama Capital, India Quotient"	Private Equity	"3,20,00,000"	Yes
1651	28-06-16	Hello Tax	Consumer Internet	Online Tax Filing Platform	New Delhi	Sanjeev Sinha	Seed Funding	"2,95,000"	Yes
1652	28-06-16	MySuperBrain	Consumer Internet	Online Talent Discovery Platform for Kids	Hyderabad	Soniks Consulting	Seed Funding		No
1653	28-06-16	BlogBeats	Consumer Internet	Online Blogging Platform	Bengaluru	Undisclosed Investor	Seed Funding		No
1654	29-06-16	LetReach	eCommerce	ECommerce SAAS Solutions	New Delhi	vCommission	Private Equity	"1,00,000"	Yes
1655	29-06-16	TrendieApp	Technology	Visual Content Marketing	Kolkata	Harsh Vardhan Hada	Seed Funding	50000.00	Yes
1656	29-06-16	ImpactGuru	Consumer Internet	Crowdfunding Platform	Mumbai	Piyush Jain	Seed Funding		No
1657	29-06-16	Velvetcase	eCommerce	Online designer jewellery marketplace	Mumbai	"Uniqorn Ventures Fund, TV Mohandas Pai, S Somasegar"	Private Equity	"15,00,000"	Yes
1658	30-06-16	Meru Cabs	Consumer Internet	Online/ Mobile Tax Cab booking	Mumbai	Brand Capital	Private Equity	"2,50,00,000"	Yes
1659	30-06-16	Campus Diaries	Consumer Internet	Student focussed Content Discovery portal	Bengaluru	Aarin Capital	Seed Funding	"2,20,000"	Yes
1660	30-06-16	Scripbox	Consumer Internet	Online Mutual Fund Investment platform	Bengaluru	"Omidyar Network, Accel Partners & existing investors"	Private Equity		No
1661	30-06-16	Biryani Blues	Food & Beverage	QSR Chain	Gurgaon	Carpediem Capital & Others	Private Equity	"3,68,000"	Yes
1662	01-05-16	MotoMojo	Consumer Internet	Mobile based Vehicle maintenance App	Mumbai	"Niloufer Dundh, Fauzan Rahim, Balamurugan Mani,"	Seed Funding		No
1663	01-05-16	Get My Parking	Technology	Parking Technology Platform	New Delhi	The Chennai Angels	Seed Funding	"3,76,000"	Yes
1664	01-05-16	Prescribez	Consumer Internet	Health Service Aggregator Platform	Pune	Ankush Mehta	Seed Funding	"1,45,000"	Yes
1665	02-05-16	Airwood	Technology	Agri Data & Analytics Platform	Chennai	StartupXseed Ventures	Seed Funding		No
1666	03-05-16	Mobikwik	Consumer Internet	Mobile & Digital Wallet	Gurgaon	"GMO Payment Gateway, MediaTek"	Private Equity	"5,00,00,000"	Yes
1667	03-05-16	iDreamCareer	Consumer Internet	Career Planning Services Portal	New Delhi	Brand Capital	Private Equity		No
1668	03-05-16	Zwayam	Consumer Internet	Online Recruitment Platform	Bengaluru	Undisclosed investors	Seed Funding	"2,50,000"	Yes
1669	03-05-16	BoiBanit	Consumer Internet	Online Food Delivery platform	Vadodara	Undisclosed investors	Seed Funding		No
1670	03-05-16	Zuver	Consumer Internet	Car driver Discovery App	Mumbai	"Shruth & Smith Group, Hermes Group"	Seed Funding	"1,80,000"	Yes
1671	03-05-16	Prepathon	Education	Competitive Exam learning platform	Mumbai	Blume Ventures	Private Equity		No
1672	04-05-16	EasyRoads	Consumer Internet	Road Trip planning Mobile app	Mumbai	"Rohan Angrish, Hrishi Oberoi, Rahul Mehta, Kapil Hetamsaria, Pranav Dedhia"	Seed Funding	"2,00,000"	Yes
1673	04-05-16	Lenskart	eCommerce	Eyewear & Accessories etailer	New Delhi	"International Finance Corp, TPG Growth, Adveq Management, IDG Ventures, Ratan Tata, Kris Gopalakrishnan"	Private Equity	"6,00,00,000"	Yes
1674	04-05-16	Seclore	Technology	Enterprise Security Technology platform	Mumbai	"Sistema Asia Fund, Helion Venture, VentureEast, India Alternatives"	Private Equity	"1,20,00,000"	Yes
1675	04-05-16	SolarTown	Technology	Solar Rooftop system installation company	Chennai	Grex.in	Seed Funding	"2,00,000"	Yes
1676	04-05-16	Comarete	Technology	Telecom & Media IT services company	Pune	Grex.in	Seed Funding	"2,00,000"	Yes
1677	04-05-16	MyDentistChoice	eCommerce	Medical Supplies eTailer	Hyderabad	Undisclosed investors	Seed Funding	"1,50,000"	Yes
1678	04-05-16	Active.ai	Technology	Intelligent Tech platform for Finance vertical	Singapore	Kalaari Capital Accelerator Program	Seed Funding	"5,00,000"	Yes
1679	04-05-16	Affordplan	Technology	Affordable non-emergency medical service health plans	New Delhi	Kalaari Capital Accelerator Program	Seed Funding	"5,00,000"	Yes
1680	04-05-16	Indee	Consumer Internet	Web Video Streaming Platform	Bengaluru	Kalaari Capital Accelerator Program	Seed Funding	"5,00,000"	Yes
1681	05-05-16	Unbxd	Technology	eCommerce product discovery software	New Delhi	"IDG Ventures, Inventus Capital, Indian Angel Network"	Private Equity		No
1682	05-05-16	WebAlligator	Consumer Internet	Cloud Based Software Solutions	Bengaluru	Group of undisclosed Angel Investors & HNIs	Seed Funding	"3,75,000"	Yes
1683	06-05-16	EduAce Services	Education	Education Workshops & mentoring programs	Lucknow	MoMagic Technologies	Private Equity	"10,00,000"	Yes
1684	06-05-16	Meesho	eCommerce	Social commerce platform	Bengaluru	Rajul Garg & Others	Seed Funding		No
1685	07-05-16	Zebroads	Logistics	Logistics and Warehousing services	Hyderabad	Undisclosed investors	Seed Funding	75000.00	Yes
1686	09-05-16	Locus	Technology	Logistics Intelligence platform	Bengaluru	"Exfinity Venture Partners, Blume Ventures, BeeNext, Rajesh Ranavat"	Private Equity	"27,50,000"	Yes
1687	09-05-16	Toko Innovations	Consumer Internet	Children Entertainment Portal	Bengaluru	"Roopak Saluja, Vishal Khare"	Seed Funding	"4,50,000"	Yes
1688	09-05-16	Rentickle	eCommerce	"Furniture, appliances Portal"	New Delhi	"Manish Kheterpal, Vinay Mittal, Dinesh Mittal, Sandeep Gupta"	Seed Funding	"2,50,000"	Yes
1689	10-05-16	HealthifyMe	Consumer Internet	Health & Fitness App	Bengaluru	"IDG Ventures India, Inventus Capital, Blume Ventures"	Private Equity	"60,00,000"	Yes
1690	10-05-16	Zarget	Consumer Internet	Conversion Rate Optimization Platform	Chennai	"Accel Partners, Matrix Partners, Girish Mathrubootham"	Private Equity	"15,00,000"	Yes
1691	10-05-16	InnoNano Research	Technology	Clean Water Technology	Chennai	NanoHoldings	Private Equity	"1,80,00,000"	Yes
1692	10-05-16	SchoolWear	eCommerce	School Uniform & Supplies Marketplace	Mumbai	Undisclosed investors	Seed Funding	"15,00,000"	Yes
1693	10-05-16	Swiggy	Consumer Internet	Food Delivery Platform	Bengaluru	"Norwest Venture Partners, DST Global, Accel Partners"	Private Equity	"70,00,000"	Yes
1694	11-05-16	Zenify	Consumer Internet	Home rental Discovery & Booking Portal	Bengaluru	Undisclosed Investors	Private Equity	"9,00,000"	Yes
1695	11-05-16	Faircent	Consumer Internet	Online Peer to Peer Lending platform	Gurgaon	"JM Financial Products Ltd, Arun Tadanki, Doreswamy Nandkishore, Kshitij Jain"	Private Equity		No
1696	11-05-16	Fractal Analytics	Technology	Data Analytics Company	Mumbai	Khazanah Nasional Berhad	Private Equity	"10,00,00,000"	Yes
1697	12-05-16	Unacademy	Consumer Internet	Free Online Education Platform	Bengaluru	"Blume Ventures, Rajan Anandan, Sumit Jain, Aprameya Radhakrishna, Sujeet Kumar, Phanindra Sama"	Seed Funding	"5,00,000"	Yes
1698	12-05-16	Capital Float	Consumer Internet	Online Lending Platform	Bengaluru	"Creation Investments Capital Management, SAIF Partners, Sequoia Capital, Aspada Ventures"	Private Equity	"2,50,00,000"	Yes
1699	12-05-16	Life Circle	Healthcare	Senior Healthcare Services	Hyderabad	GROUPE SOS	Private Equity	"1,50,000"	Yes
1700	12-05-16	Dream Wallets	Consumer Internet	Online Crowdfunding platform	Jaipur	"Rakesh Gupta, Aditya Aggarwal, Siddharth Banerjee, Vikas Ranjan, Anshul Jindal, Sunil Koul, and Sanjeev Agrawal"	Seed Funding		No
1701	12-05-16	ShabdNagari	Consumer Internet	Hindi social networking portal	Kanpur	ah! Ventures	Seed Funding		No
1702	12-05-16	Galleri5	Consumer Internet	Visual Content Discovery platform	Bengaluru	"Phanindra Sama, Raghunandan G,"	Seed Funding		No
1703	12-05-16	Derbii	Logistics	Carpooling Services	Gurgaon	Anurag Chauhan	Seed Funding		No
1704	13-05-16	StayZilla	Consumer Internet	Budget Room Aggregator Booking platform	Chennai	"Matrix Partners, Nexus Ventures"	Private Equity	"1,35,00,000"	Yes
1705	13-05-16	WoW Express	Logistics	E-Commerce Logistics Solutions	Mumbai	Undisclosed Investors & Tamarind Family Private Trust	Private Equity	"22,00,000"	Yes
1706	16-05-16	Smartivity	eCommerce	Smart Learning products	New Delhi	"S Chand, AdvantEdge Partners"	Private Equity	"10,00,000"	Yes
1707	16-05-16	BedBathMore	Consumer Internet	Home Decor eMarketplace	Mumbai	"Kinnevik Group, Rocket Internet"	Private Equity		No
1708	17-05-16	Murgency	Consumer Internet	Medical Emergency Response App	Mumbai	Rata Tata	Private Equity		No
1709	17-05-16	Crownit	Consumer Internet	Mobile customer rewards management platform	Gurgaon	"Undisclosed investors, Accel Partners, Helion Venture Partners"	Private Equity		No
1710	17-05-16	Blinge	eCommerce	Apparel Rental platform	Mumbai	"Anupam Mittal, Anuj Srivastava, Ankit Nagori"	Seed Funding		No
1711	18-05-16	TheSmartQ	Consumer Internet	Food Ordering Mobile App	Bengaluru	YourNest Angel Fund	Seed Funding	"2,50,000"	Yes
1712	18-05-16	PurpleHealth	Consumer Internet	Online health-on-demand platform	Trivandrum	Katabole Technology Venture	Seed Funding	"1,00,000"	Yes
1713	18-05-16	Fundamentor	Education	Aptitude Development Program	Pune	Subramanya SV	Seed Funding		No
1714	18-05-16	EduPristine	Education	Online Certification Courses	Mumbai	"Kaizen Management Advisors, DeVry Inc"	Private Equity	"1,00,00,000"	Yes
1715	18-05-16	BhiveWorkspace	Reality	Co-Working Spaces	Bengaluru	Blume Ventures	Private Equity	"10,00,000"	Yes
1716	18-05-16	Parentlane	Consumer Internet	Parenting & Child Care app	Bengaluru	"Sujeet Kumar, Aprameya, Sumit Jain, Subramanya Venkat, Venk, Ravi Machani, Hitesh Gupta, Rohit Choudhary"	Seed Funding		No
1717	19-05-16	Appie	Consumer Internet	Location-based offline retail discovery platform	Mumbai	Undisclosed investors	Seed Funding	"10,00,000"	Yes
1718	19-05-16	Niki.ai	Technology	Artificial Intelligence Platform	Bengaluru	Ratan Tata	Private Equity		No
1719	19-05-16	TaxiVaxi	Consumer Internet	Cab Aggregating Platform	New Delhi	Undisclosed HNIs	Seed Funding	"5,00,000"	Yes
1720	19-05-16	Veqta	Consumer Internet	On Demand Digital Sports Network	New Delhi	"Chatsworth Management, ITW Digital"	Seed Funding	"5,00,000"	Yes
1721	20-05-16	i2ifunding	Consumer Internet	Online Peer to Peer Funding	Noida	Undisclosed Investors	Seed Funding	"3,00,000"	Yes
1722	23-05-16	EduRev	Consumer Internet	Online Learning Platform	Gurgaon	Pradeep Reddy Kamasan	Seed Funding		No
1723	23-05-16	Hoppingo	Consumer Internet	Fashion Discovery platform	New Delhi	vCommission	Seed Funding	89000.00	Yes
1724	24-05-16	Eatonomist	Consumer Internet	Food Delivery Platform	Gurgaon	MCube Capital Advisors Pvt Ltd	Seed Funding		No
1725	24-05-16	Goalwise	Consumer Internet	Online investment platform	Bengaluru	Undisclosed HNIs	Seed Funding	"10,00,000"	Yes
1726	25-05-16	Roast	Consumer Internet	Mobile entertainment App	New Delhi	Indian Angel Network	Seed Funding		No
1727	25-05-16	Address Health	Healthcare	Pediatric Primary Healthcare Network	Bengaluru	Gray Matters Capital	Private Equity	"15,00,000"	Yes
1728	25-05-16	Arcatron Mobility	Technology	Mobility Devices for differently abled	Pune	Sudhir Mehta	Seed Funding	"1,00,000"	Yes
1729	25-05-16	SheThePeople	Consumer Internet	Digital platform for Women	New Delhi	Anand Mahindra	Seed Funding		No
1730	26-05-16	Cleartax	Consumer Internet	Online Income Tax Filing platform	Bengaluru	"FF Angel, Sequoia Capital"	Private Equity	"20,00,000"	Yes
1731	26-05-16	Consure Medical	Healthcare	Medical Devices Kit manufacturer	New Delhi	"Accel Partners, Indian Angel Network, India Innovation Fund India Venture Partners"	Private Equity		No
1732	26-05-16	mChamp	Consumer Internet	Celebrity Entertainment Contest App	New Delhi	MoMagic Technologies	Seed Funding	"4,75,000"	Yes
1733	27-05-16	Pianta	Consumer Internet	Online healthcare service discovery platform	Bengaluru	"Kunal Shah, Sandeep Tandon"	Seed Funding		No
1734	30-05-16	Vahanalytics	Technology	Safe driving Analytics platform	Mumbai	"Anirudh Damani, Vikram Lakhotia"	Seed Funding	"2,00,000"	Yes
1735	31-05-16	Play Your Sport	Consumer Internet	Location based Sports & Fitness Discovery App	New Delhi	Ashish Gupta and other undisclosed investors	Seed Funding		No
1736	31-05-16	Koovs	eCommerce	Apparel & Lifestyle eTailer	New Delhi	HT Media Ltd	Private Equity	"44,00,000"	Yes
1737	31-05-16	CCavenue	Consumer Internet	Payment Gateway	Mumbai	NSI Infinium Global Pvt. Ltd	Private Equity	"89,00,000"	Yes
1738	31-05-16	1mg	eCommerce	Online Pharmacy	Gurgaon	HBM Healthcare Investments	Private Equity		No
1739	31-05-16	Tpot	Food & Beverage	QSR Chain	Gurgaon	Ashish Gupta	Seed Funding		No
1740	31-05-16	MachaDalo	Consumer Internet	Hyperlocal Advertising Platform	Mumbai	Undisclosed Investors	Seed Funding	"1,75,000"	Yes
1741	01-04-16	Dil Mil	Consumer Internet	Matchmaking Mobile App	SFO	"Nelstone Ventures, Transmedia Capital, Maiden Lane Ventures, CSC Upshot & Angel investors"	Private Equity	"27,00,000"	Yes
1742	01-04-16	PicsDream	Consumer Internet	Online Marketplace for Photographers	New Delhi	Raman Roy	Seed Funding		No
1743	01-04-16	Process 9	Consumer Internet	online translation and transliteration	Gurgaon	"Indian Angel Network, Alok Sharma, Kris Gopalakrishnan, Saurabh Srivastava, and Ajai Chowdhry"	Seed Funding		No
1744	04-04-16	Housing	Consumer Internet	Real Estate Portal	Mumbai	Vineet Singh	Private Equity		No
1745	04-04-16	Roll Mafia	Food & Beverage	Rolls & Biryanis QSR chain	Pune	Equentia Natural Resource & Other undisclosed investors	Seed Funding		No
1746	04-04-16	Hungama	Consumer Internet	Digital Media Entertainment Portal	Mumbai	Xiaomi Inc	Private Equity	"2,50,00,000"	Yes
1747	04-04-16	Highway Delite	Consumer Internet	Various Highway Help Services	Bengaluru	N.S. Raghavan Centre for Entrepreneurial Learning	Seed Funding		No
1748	05-04-16	Cult Fitness	Healthcare	Healthcare training programs	Bengaluru	Mukesh Bansal	Seed Funding		No
1749	05-04-16	Haptik	Technology	Personal Assistant App	Mumbai	Times Internet Ltd	Private Equity		No
1750	05-04-16	Servify	Consumer Internet	Gadget & Appliances Service App	Mumbai	"Blume Ventures, Barkawi Holdings GmbH, TM Service Technology Holdings GmbH"	Private Equity		No
1751	06-04-16	Shipsy	Logistics	Logistics Solutions	Gurgaon	DTDC Express Ltd	Private Equity	"10,00,000"	Yes
1752	06-04-16	gear6	Consumer Internet	Online bike service and repairs platform	Bengaluru	Ninestarter	Seed Funding	"5,00,000"	Yes
1753	06-04-16	MyGlamm	Consumer Internet	Mobile based on-demand Beauty Services platform	Mumbai	L\\xe2\\x80\\x99Occitane	Private Equity	"60,00,000"	Yes
1754	06-04-16	Petoo	Consumer Internet	Online Food Delivery Platform	Bengaluru	Axilor Ventures	Private Equity	"10,00,000"	Yes
1755	07-04-16	Truly Social	Consumer Internet	Mobile Gaming Studio	London	Nazara Technologies Pvt Ltd	Private Equity		No
1756	08-04-16	Little Black Book	Consumer Internet	"Curated Food, event & Lifestyle guide"	New Delhi	"IDG, Indian Angel Network"	Seed Funding		No
1757	08-04-16	Vahan	Education	Mobile Education Platform	Chennai	Villgro	Seed Funding		No
1758	08-04-16	imedilane	Consumer Internet	Online Health Diagnosis platform	New Delhi	"Mahendra Patel, Nilender Chauhan"	Seed Funding	40000.00	Yes
1759	11-04-16	Living Local	Consumer Internet	Social discovery platform	Mumbai	Rattan Chadha	Seed Funding	"2,00,000"	Yes
1760	11-04-16	Vegfru	eCommerce	Online Fruit & Vegetable Marketplace	New Delhi	Wingify	Seed Funding		No
1761	11-04-16	Oyo	Consumer Internet	Online Branded Budget Room Booking Service	New Delhi	"Softbank, Sequoia Capital, Lightspeed Venture Partners, Greenoaks Capital, DSG Consumer Partners and Venture Nursery"	Private Equity	"10,00,00,000"	Yes
1762	11-04-16	PriceRaja	Consumer Internet	Price Comparison Portal	Gurgaon	Prashant Puri	Seed Funding	"3,00,000"	Yes
1763	12-04-16	MagicX	Consumer Internet	On-Demand Task Management App	Bengaluru	"Kris Gopalakrishnan, Dr. Ranjan Pai"	Seed Funding	"10,00,000"	Yes
1764	12-04-16	Happydemic	Consumer Internet	Artist Discovery & Booking platform	Mumbai	Shaan	Seed Funding		No
1765	12-04-16	LenDenClub	Finance	Peer-to-Peer Lending Platform	Mumbai	"Anirudh Damani, Daud Ali, Narendra Karnavat, Vikas Kapoor, Vikram Lakhotia, Krishna Jhunjhunwaala, Jayesh Shah"	Seed Funding		No
1766	12-04-16	Indi.com	Consumer Internet	Video Social Network	N	Anil Kapoor	Seed Funding		No
1767	13-04-16	Legalraasta	Consumer Internet	Online legal Services for Startups	New Delhi	"Pravin Khandelwal, Yatin Kumar Jain"	Seed Funding	"10,00,000"	Yes
1768	13-04-16	RainCan	Consumer Internet	Subscription-based grocery delivery Mobile App	Pune	Dr. Aniruddha Malpani	Seed Funding	"1,50,000"	Yes
1769	13-04-16	Hippily	eCommerce	Fashion ECommerce App	Mumbai	"Dr. Sridhar Ramaswamy, Rakesh Mathur"	Seed Funding	"2,50,000"	Yes
1770	13-04-16	kredX	eCommerce	Invoice discounting Marketplace	Bengaluru	"Prime Venture Partners,"	Seed Funding	"7,50,000"	Yes
1771	14-04-16	Wedwise	Consumer Internet	Wedding related services community	New Delhi	StartUp Equity Partners	Seed Funding		No
1772	14-04-16	BeaconsTalk	Technology	contextual mobile advertising	Mumbai	"Rajeev Agrawal, Prashant Gooty"	Seed Funding	"1,00,000"	Yes
1773	15-04-16	Deal 4Loans	Consumer Internet	Loan Comparison Portal	Noida	"Ram Shriram, Neeraj Arora, Puru Vashishtha"	Seed Funding		No
1774	15-04-16	RenewBuy	Consumer Internet	Online Car & Bike Insurance Comparison portal	New Delhi	Mount Nathan Advisors	Seed Funding	"10,00,000"	Yes
1775	15-04-16	Blue Box Media	Consumer Internet	Online Tech Portals	Jaipur	"Mahavir Pratap Sharma, Ajay Data, Yogesh Chaudhary, Sanjay Phophaliya, Siddharth Agarwal, Kamal Kothari"	Seed Funding		No
1776	15-04-16	Vyomo	Consumer Internet	On-Demand Beauty Service provider	New Delhi	Naturals Salon Chain	Private Equity	"1,50,00,000"	Yes
1777	15-04-16	Organicshop	eCommerce	Marketplace for organic products	Jaipur	"Vivek Nathani, Yogesh Chaudhary, Mahavir Pratap Sharma, Kamal Kothari, H C Jain"	Seed Funding		No
1778	15-04-16	MInd Your Fleet	Consumer Internet	Car Rental Software	Noida	Undisclosed Investors	Seed Funding		No
1779	15-04-16	NestAway	Consumer Internet	Furnished Home Rental Platform	Bengaluru	Tiger Global	Private Equity	"3,00,00,000"	Yes
1780	15-04-16	Tapchief	Consumer Internet	Expert Advice Platform	Bengaluru	Vijay Shekhar Sharma	Seed Funding	"1,50,000"	Yes
1781	18-04-16	Rapido	Consumer Internet	Bike Aggregator App	Bengaluru	"Pawan Munjal, AdvantEdge Partners, Astarc Ventures"	Private Equity		No
1782	18-04-16	Yufta	eCommerce	Women Fashion ECommerce Portal	Bengaluru	Ajay Data & other HNIs	Seed Funding		No
1783	18-04-16	Smytten	eCommerce	Online Discovery and Shopping Platform	Gurgaon	Rajan Anandan	Seed Funding		No
1784	18-04-16	Houssup	Consumer Internet	interior design and home furnishing portal	Jaipur	"Mitin Patel, Gaurav Agarwal"	Seed Funding		No
1785	18-04-16	Jugnoo	Consumer Internet	On-demand Delivery & Logistics platform	Chandigarh	Paytm & existing investors	Private Equity	"1,00,00,000"	Yes
1786	18-04-16	Tork Motocycles	Auto	Electric Motorcycle Manufacturer	Pune	"Bhavish Aggarwal, Ankit Bhati"	Seed Funding		No
1787	19-04-16	Betaout	eCommerce	customer intelligence and marketing automation platform	Noida	"Stanford Angels, LetsVenture, Chennai Angels, Hyderabad Angels, Mumbai Angels"	Private Equity	"15,00,000"	Yes
1788	19-04-16	DriversCart	Consumer Internet	on-demand chauffeur provider	Chennai	ah! Ventures	Seed Funding	"4,50,000"	Yes
1789	19-04-16	LensKart	eCommerce	Eyewear etailing platform	New Delhi	Ratan Tata	Private Equity		No
1790	19-04-16	CollegeDekho	Consumer Internet	College & Student information platform	New Delhi	Man Capital	Private Equity	"20,00,000"	Yes
1791	19-04-16	OYOfit	Consumer Internet	Fitness Services Aggregator platform	Bengaluru	RN Agarwal	Seed Funding		No
1792	19-04-16	Oliveboard	Consumer Internet	Online exam practice & preparation platform	Bengaluru	India Educational Investment Fund	Private Equity		No
1793	19-04-16	Simplilearn	Consumer Internet	Online certification platform	Bengaluru	Brand Capital	Private Equity		No
1794	20-04-16	1mg	eCommerce	Online Pharmacy	Gurgaon	"Maverick Capital Ventures, Sequoia Capital, Omidyar Network"	Private Equity	"1,50,00,000"	Yes
1795	20-04-16	Fashalot	Consumer Internet	Fashion and Store discovery mobile app	New Delhi	"YourNest Angel Fund, Rajul Garg"	Seed Funding		No
1796	20-04-16	Broomberg	Consumer Internet	Cleaning Services Provider	New Delhi	Undisclosed Angel investors & HNIs	Seed Funding		No
1797	21-04-16	m.paani	Consumer Internet	Loyalty rewards platform	Mumbai	"Blume Ventures, Adil Allana, Aprameya Radhakrishna, Gautam Ivatury, Signal Point Partners"	Seed Funding		No
1798	21-04-16	Yufta	eCommerce	hyperlocal fashion retail platform	Jaipur	Ajay Data & undisclosed HNIs	Seed Funding		No
1799	21-04-16	mishTag	Consumer Internet	"Style, Fashion Discovery Mobile app"	New Delhi	"M&Y Partners, SVG Media, Anthil Ventures & others"	Seed Funding		No
1800	21-04-16	Advanced Structures India	Auto	Automotive Design and Engineering company	Bengaluru	GirnarSoft	Private Equity		No
1801	22-04-16	Licious	eCommerce	Mobile based Meat ordering App	Bengaluru	Mayfield India II Management Ltd	Private Equity	"30,00,000"	Yes
1802	22-04-16	Knolskae	Consumer Internet	Educational Gamification & Simulation platform	Bengaluru	"Inventus Capital Partners, HR Fund"	Private Equity		No
1803	22-04-16	Druva	Technology	Converged Backup & Data Protection Solutions for Enterprises	Pune	"NTT Finance, Telephone Corporation"	Private Equity		No
1804	22-04-16	TOKO Innovation Studios	Consumer Internet	Children\xe2\x80\x99s Entertainment Games & Products	New Delhi	Indian Angel network	Seed Funding	"4,50,000"	Yes
1805	25-04-16	Commut	Consumer Internet	Shuttle Service Provider	Hyderabad	50K Ventures	Seed Funding	"2,00,000"	Yes
1806	25-04-16	intouchapp	Consumer Internet	Contact Management Mobile App	Pune	Blume Ventures	Seed Funding		No
1807	25-04-16	Dropkaffe	Food & Beverage	Ready-to-Drink Beverage Producer	Bengaluru	"GrowthStory, Apurva Salapuria, Hitesh Oberoi, Sidharth Pansari, Nirupa Shankar"	Seed Funding	"5,50,000"	Yes
1808	26-04-16	Transerv	Consumer Internet	Digital Payments platform	Mumbai	"IDFC SPICE Fund, Micromax Informatics"	Private Equity	"1,50,00,000"	Yes
1809	26-04-16	ClearTax	Consumer Internet	Online filing of Tax returns	Bengaluru	"Max Levchin, Scott Banister"	Private Equity	"13,00,000"	Yes
1810	26-04-16	Roposo	eCommerce	Social Fashion ECommerce Discovery platform	Gurgaon	Bertelsmann India Investments	Private Equity	"1,50,00,000"	Yes
1811	27-04-16	MilkBasket	Consumer Internet	Micro Grocery Delivery Platform	Gurgaon	EVC Ventures	Seed Funding	"5,00,000"	Yes
1812	27-04-16	CareonGO	Consumer Internet	Online Pharmacy		"Farooq Oomerbhoy, Anupam Mittal, Anand Mittal, Ravi Garikipati, Vibhu Garg, Singapore Angel Network, Konglo Ventures"	Seed Funding		No
1813	27-04-16	RailYatri	Consumer Internet	Train Related Information portal	Noida	"Nandan Nilekani, Helion Ventures, Omidyar Networks, Blume Ventures"	Private Equity		No
1814	27-04-16	ICHR	Consumer Internet	Mobile based Children health Information app	New Delhi	Undisclosed	Seed Funding	"4,50,000"	Yes
1815	27-04-16	Murgency	Consumer Internet	Medical Emergency Response App	Mumbai	Axilor Ventures	Private Equity		No
1816	28-04-16	The Wedding Brigade	Consumer Internet	Online Wedding Information Portal	Mumbai	Blume Ventures & Other unnamed Investors	Seed Funding	"6,00,000"	Yes
1817	28-04-16	DocsApp	Consumer Internet	Online Doctor Discovery & Chat platform	Bengaluru	"Rebright Partners, Anand Rajaraman, Venky Harinarayan"	Private Equity	"12,00,000"	Yes
1818	29-04-16	Impact Guru	Consumer Internet	Online Crowdfunding platform for NGOs & Social Projects	Mumbai	"RB Investments, Fundnel"	Seed Funding	"5,00,000"	Yes
1819	29-04-16	LetReach	eCommerce	ECommerce SAAS Solutions	New Delhi	vCommission	Private Equity	"1,00,000"	Yes
1820	01-03-16	DriveU	Consumer Internet	Chauffeurs Discovery for private car owners	Bengaluru	Unitus Seed Fund	Seed Funding		No
1821	01-03-16	Gympik	Consumer Internet	"Fitness Centres, Gym Discovery online marketplace"	Bengaluru	RoundGlass Partners	Private Equity		No
1822	01-03-16	Testbook	Consumer Internet	Online Test Preparation Platform	Mumbai	S Chand & Co	Private Equity		No
1823	01-03-16	IQlect	Technology	Big Data Analytics Platform	Bengaluru	"Lip-Bu Tan, Michael Marks, Nicolas Braithwaite"	Private Equity		No
1824	02-03-16	MoMark	Consumer Internet	Mobile Wallet Aggregation platform	Noida	YourNest Angel Fund	Private Equity	"6,00,000"	Yes
1825	02-03-16	Skedool	Consumer Internet	AI based Office Assistant Mobile App	Seattle	"Kludein LLC\\nPhanindra Sama, Narayan Ramachandran, Pranav Pai"	Seed Funding		No
1826	02-03-16	Systemantics	Technology	Industrial robots maker	Bengaluru	"Nandan Nilekani, Accel Partners"	Private Equity	"14,00,000"	Yes
1827	03-03-16	Vertuals	Technology	Audio Visual Digital Content creators for Brands	Mumbai	Dino Morea	Seed Funding		No
1828	03-03-16	Imarticus Learning	Education	Financial Services & Analytics Education Institute	Mumbai	"Blinc Advisors, Amit Nanavati, Tashwinder Singh, Taranjit Jaswal, Amit Khanna"	Private Equity	"10,00,000"	Yes
1829	03-03-16	Shouut	Consumer Internet	Social Discovery Mobile app	New Delhi	Undisclosed investor	Seed Funding	"5,00,000"	Yes
1830	04-03-16	TinyStep	Consumer Internet	Parenting Social Network Platform	Bengaluru	Matt Glickman	Private Equity		No
1831	04-03-16	Aahaa	ECommerce	Office Products Super Store	Chennai	"YourNest Angel Fund,"	Private Equity	"10,00,000"	Yes
1832	04-03-16	Arcatron Mobility	Technology	Smart wheelchair Design and Development	Pune	"Sudhir Mehta, Anoop Hingorani"	Seed Funding		No
1833	04-03-16	FTCash	Consumer Internet	Mobile Payments Platform	Kolkata	IvyCap Ventures	Seed Funding	"1,50,000"	Yes
1834	04-03-16	Civilsdaily	Consumer Internet	Civil Services News Aggregator	New Delhi	Manoj Kumar & Other undisclosed investors	Seed Funding		No
1835	04-03-16	Zappka	Consumer Internet	Mobile App discovery and review platform	Gurgaon	"Daman Soni, Rajat Gupta & Others"	Seed Funding	"1,00,000"	Yes
1836	04-03-16	Tarusa World	ECommerce	Handicraft products eTailer	Mumbai	Mohit Gulati	Seed Funding		No
1837	04-03-16	medECUBE	Healthcare	Healthcare related Services provider	Gurgaon	Artiman Ventures	Private Equity	"40,00,000"	Yes
1838	07-03-16	N.O.W	Consumer Internet	Bike Taxi Service & Hyperlocal Delivery App	Noida	"Ruchirans Jaipuria, Anuj Sanghi"	Seed Funding	"5,00,000"	Yes
1839	07-03-16	Ninjacart	ECommerce	B2B marketplace for Farmers & Retailers	Bengaluru	"Accel Partners, Qualcomm Ventures, M&S Partners, Zop Smart"	Private Equity	"30,00,000"	Yes
1840	07-03-16	Reach	Consumer Internet	Cross Platform P2P file sharing mobile app	Bengaluru	"Rebright Partners, Sol Primero, Sudhir Anandarao, Ankur Warikoo, Ankur Singla"	Seed Funding	"5,00,000"	Yes
1841	07-03-16	Vanity Cube	Consumer Internet	Hyperlocal Beauty Services platform	New Delhi	Unicorn Ventures	Seed Funding	"2,50,000"	Yes
1842	07-03-16	Wooplr	ECommerce	Curated Fashion ECommerce portal	Bengaluru	"Naveen Tewari, Abhay Singhal, Amit Gupta, Piyush Shah, Raghunandan G, Rajiv Mehta"	Seed Funding		No
1843	07-03-16	Medidaili	Consumer Internet	Medical Support service platform	Bengaluru	Undisclosed private investors	Seed Funding	"1,00,000"	Yes
1844	08-03-16	Finomena	Technology	Credit Worthiness Big Data Analytics	New Delhi	Matrix Partners India	Private Equity		No
1845	08-03-16	Cookaroo	Consumer Internet	Food Delivery Platform	Bengaluru	Vijay Krishna Yadav	Seed Funding		No
1846	08-03-16	vPhrase Analytics	Technology	AI based data analytics platform	Mumbai	"Apoorv Ranjan Sharma, Daud Ali and others"	Seed Funding		No
1847	08-03-16	LoveCycles	Consumer Internet	Women health Tracker	Bengaluru	Prime Venture Partners	Seed Funding	"7,50,000"	Yes
1848	08-03-16	Kartrocket	ECommerce	ECommerce SAAS platform	New Delhi	"Undisclosed Japanese investor, Bertelsmann India Investments, Nirvana Digital India Fund, Nirvana Digital Investment Holding Co Ltd, 500 Start-Ups"	Private Equity	"80,00,000"	Yes
1849	08-03-16	dunzo	Consumer Internet	Daily Task Management App	Bengaluru	"Aspada Investment Advisors, Blume Ventures."	Seed Funding	"6,50,000"	Yes
1850	09-03-16	Indiamart	ECommerce	B2B Marketplace for SMBs	Noida	Amadeus Capital	Private Equity		No
1851	09-03-16	SmartVizX	Technology	Virtual Reality Solutions	Noida	"Indian Angel Network, Stanford Angels, Entrepreneurs India"	Seed Funding	"5,00,000"	Yes
1852	09-03-16	MyGubbi	Real Estate	Interior Design & Home D\\xc3\\xa9cor Solutions	Bengaluru	"Vipul Parekh, ajesh K Murthy,"	Seed Funding	"25,00,000"	Yes
1853	09-03-16	Nukkad Shops	Consumer Internet	Hyperlocal Grocery Delivery Service	Hyderabad	PurpleTalk Inc	Seed Funding	"10,00,000"	Yes
1854	09-03-16	Cloudacar	Consumer Internet	Carpooling Mobile App	Pune	"Amit Choudhary, Anuj Puri"	Seed Funding		No
1855	09-03-16	Justride	Consumer Internet	Self Drive Car Rental	Mumbai	Dheeraj Jain & Other angel investors	Seed Funding	"4,00,000"	Yes
1856	09-03-16	Yana	Consumer Internet	Personal AI Transaction Engine App	Gurgaon	"Puneet Gupta,"	Seed Funding		No
1857	10-03-16	Big Fish Ventures	Food & Beverage	premium dining lounges Chain	New Delhi	Undisclosed investors	Private Equity	"1,11,00,000"	Yes
1858	10-03-16	Stylflip	ECommerce	Pre-Owned Fashion marketplace mobile app	Mumbai	"Raj Gala Shah, Zaheer Memon"	Seed Funding		No
1859	10-03-16	Icertis	Technology	Contract Management Software Solutions platform	Pune	"Ignition Partners, Greycroft Partners, Fidelity Growth Partners India"	Private Equity	"1,50,00,000"	Yes
1860	10-03-16	Supplified	ECommerce	Construction material eTailer	New Delhi	Mohit Goel	Seed Funding	"10,00,000"	Yes
1861	11-03-16	JollyFoodFellow	Technology	Food Related Marketing & Branding platform	Ahmedabad	Janak Parikh	Seed Funding		No
1862	14-03-16	PinkBlue	ECommerce	Medical Supplies eTailer	Bengaluru	"Hari Krishna, Ajay Modani, Dr V Ravinder, Anirudh Rastogi, Abhishek Jain, Rakesh Gakhar, Rajeev Mudumba, Nagendra Prasad Bhanuprakash"	Seed Funding	"2,23,608"	Yes
1863	14-03-16	TruckingCube	Logistics	"Domestic, Commercial, and Industrial Goods Movers"	New Delhi	Agarwal Movers Group	Private Equity	"1,49,00,000"	Yes
1864	14-03-16	eSwasthya	Consumer Internet	Online Medicine Delivery Aggregator	Ahmedabad	Hemang Sahani	Seed Funding		No
1865	15-03-16	FlipClass	Consumer Internet	Tutor Search Platform	Bengaluru	"S Chand and Co Pvt Ltd, Blume Ventures"	Private Equity	"10,00,000"	Yes
1866	15-03-16	Proximit	Technology	Advertising Technology	Pune	Funding through 1Crowd platform	Seed Funding	"1,50,000"	Yes
1867	15-03-16	WithMe	Consumer Internet	Personalized Fashion App	Gurgaon	"Alex Kuruvilla, Pradeep Guha, Saket Dhankar, Rajan Pandhare"	Seed Funding	"2,50,000"	Yes
1868	16-03-16	Gapoon	Consumer Internet	Hyperlocal Home Maintenance services	Bengaluru	"Chandrashekar Tallapragada, Pankaj Kapoor"	Seed Funding	"1,80,000"	Yes
1869	16-03-16	Avagmah	Consumer Internet	Online Education Portal	Bengaluru	"Kris Gopalakrishnan, Atul Nishar"	Seed Funding		No
1870	16-03-16	WorkIndia	Consumer Internet	Online Job Board	Mumbai	Beenext	Seed Funding		No
1871	16-03-16	Wealthy	Consumer Internet	Online Investment management portal	Bengaluru	"Zishaan Hayath, Abhishek Goyal, Arjun and Rohan Malhotra, Harpreet Singh Grover, Gagan Dugal"	Seed Funding	"2,50,000"	Yes
1872	17-03-16	Pramati	Healthcare	Specialized Patient Care platform	Noida	Undisclosed investors	Seed Funding	"2,00,000"	Yes
1873	17-03-16	Qlivery	Consumer Internet	Ondemand Concierge Service	Gurgaon	Swastika Company Ltd	Seed Funding	"2,30,000"	Yes
1874	17-03-16	HealthEnablr	Consumer Internet	Doctor Discovery and booking platform	Mumbai	Undisclosed investors	Seed Funding	"8,00,000"	Yes
1875	17-03-16	Liftiee	Consumer Internet	Car/ bike Pooling App	Mumbai	"Rannvijay Singh, Anita Hassanandani"	Seed Funding	"1,08,000"	Yes
1876	18-03-16	Hello Curry	Food & Beverage	Quick Service Restaurant Chain	Hyderabad	Sashi Reddi & Other unnamed investors	Private Equity	"15,00,000"	Yes
1877	19-03-16	goSporto	Consumer Internet	Online Sports discovery and booking platform	New Delhi	Naveen Gupta	Seed Funding	30000.00	Yes
1878	21-03-16	OneClickWash	Consumer Internet	Online Laundry & Washing service Booking & Delivery	Gurgaon	Unitus Seed Fund	Seed Funding		No
1879	21-03-16	Girnar Software	Consumer Internet	Online News Media Network	Jaipur	Google Capital	Private Equity		No
1880	21-03-16	Room On Call	Consumer Internet	Budget hotel aggregator	Gurgaon	CASHurDRIVE Marketing Pvt Ltd	Private Equity	"20,00,000"	Yes
1881	22-03-16	Byju\\xe2\\x80\\x99s	Consumer Internet	Educational Video Content Creator	Bengaluru	"Sequoia India, Sofina"	Private Equity	"7,50,00,000"	Yes
1882	22-03-16	BigBasket	eCommerce	Online Grocery Shop	Bengaluru	Abraaj Group	Private Equity	"15,00,00,000"	Yes
1883	22-03-16	DrivoJoy	Consumer Internet	On-demand 2-wheeler Servicing platform	Bengaluru	"Indian Angel Network, Tracxn Labs & Others"	Seed Funding	"6,00,000"	Yes
1884	22-03-16	Smartron	Technology	Internet of Things Device manufacturer	Bengaluru	Sachin Tendulkar	Private Equity		No
1885	22-03-16	LifCare	Consumer Internet	Online Pharmacy portal	Jaipur	"Rajul Garg, Alok Mittal, Kunal Shah, Rishi Mandawat, Dheeraj Jain, Sandeep Tandon, Dexter Angel Circle"	Seed Funding		No
1886	22-03-16	CreditSeva	Consumer Internet	Online Credit management tools	Hyderabad	"Pix Vine Capital, Infocomm Development Authority of Singapore"	Seed Funding	"3,60,000"	Yes
1887	22-03-16	CityShor	Consumer Internet	online lifestyle media recommendation portal	Ahmedabad	GAIN	Seed Funding		No
1888	23-03-16	Endless Robotics	Technology	Interior Painting Automation	Hyderabad	"Devidas Desai, Vipul Gautam, Singapore Angel Network"	Seed Funding	"1,00,000"	Yes
1889	23-03-16	SP Robotics	Technology	Robotic Classes for Students	Chennai	"Indian Angel Network,"	Seed Funding	"3,00,000"	Yes
1890	23-03-16	StalkBuyLove	eCommerce	Fashion eTailer	New Delhi	"500 Startups, Littlerock, Singularity Ventures"	Seed Funding		No
1891	23-03-16	eKincare	Consumer Internet	Healthcare related solutions	Hyderabad	"BitChemy Ventures, Maheshwari Investments Pvt Ltd, Anshoo Gaur, Rama Krishna Reddy, Sandeep Seerapu"	Private Equity	"3,30,000"	Yes
1892	23-03-16	HashLearn	Consumer Internet	Mobile based private tutoring services		"Bhavish Aggarwal, Binny Bansal,\\xc2\\xa0 Rajan Anandan, Mekin Maheshwar, Sunil Kalra, Anupam Mittal, Krishna Mehra, Singapore Angel Network"	Seed Funding		No
1893	23-03-16	Wheelstreet	Consumer Internet	Online Bike Rental platform	Bengaluru	Broadbean Capital services	Private Equity	"5,00,000"	Yes
1894	24-03-16	Horntell	Consumer Internet	Unified Push Notification service	Gurgaon	"Bharanidharan Viswanathan, Sanjiv Mittal, Shobhit Shukla, Rahul Agarwal"	Seed Funding	"1,50,000"	Yes
1895	28-03-16	Schoolkart	eCommerce	Online Marketplace for Schools	Noida	Undisclosed investors	Seed Funding	"3,00,000"	Yes
1896	29-03-16	HealthEminds	Consumer Internet	Online mental healthcare	Bengaluru	Robin Utthappa	Seed Funding		No
1897	29-03-16	Babygogo	Consumer Internet	Child healthcare experts aggregator mobile app	New Delhi	"Rajul Garg, Daljit Singh, Aditya Vij, Kishore Kumar, Shuchin Bajaj"	Seed Funding	"3,00,000"	Yes
1898	29-03-16	Veritas Finance	Finance	Asset Based Lending platform	Chennai	Sarva Capital	Private Equity	"47,00,000"	Yes
1899	29-03-16	QikShip	Consumer Internet	Mobile based Logistics provider	New Delhi	undisclosed investors	Seed Funding	"2,00,000"	Yes
1900	29-03-16	FixNix	Consumer Internet	GRC SAAS Platform	Chennai	Jay Vijayan	Seed Funding	"5,00,000"	Yes
1901	30-03-16	True Balance	Technology	Mobile Balance Check App	Gurgaon	SoftBank Ventures Korea	Private Equity		No
1902	30-03-16	Touchkin	Healthcare	Predictive Healthcare platform	Bengaluru	"Alok Mittal, Amit Gupta, Anuj Srivastava, Himanshu Aggarwal, Raghunandan G, Puneet Agarwal"	Seed Funding	"4,00,000"	Yes
1903	31-03-16	SwitchMe	Consumer Internet	Home Loan Rate comparison platform	Mumbai	"Mohandas Pai, Hiro Mashita, Singapore Angel Network, 500 Startups, Rajan Anandan, Ajay Sarupria"	Seed Funding		No
1904	31-03-16	Transcell	Healthcare	Family Stem Cell Banking Services	Hyderabad	Indian Angel Network	Seed Funding		No
1905	01-02-16	Blue Tokai Coffee	ECommerce	Specialty Coffee Etailer	New Delhi	Snow Leopard Technology Ventures	Seed Funding		No
1906	02-02-16	Altizone	Technology	IoT & M2M Solutions	Pune	"Wipro Ventures,\\xc2\\xa0 Lumis Partners"	Private Equity	"40,00,000"	Yes
1907	02-02-16	Oust App	Consumer Internet	Competitive Exam Preparation Platform	Bengaluru	"T V Mohandas Pai,\\xc2\\xa0 Aarin Capital"	Seed Funding		No
1908	02-02-16	Strike	Consumer Internet	Mobile Email productivity tool	Bengaluru	Multiple investors through Ten Minute Million competition	Seed Funding	22500.00	Yes
1909	02-02-16	MaaxMarket	Consumer Internet	Marketing Automation platform	N	Multiple investors through Ten Minute Million competition	Seed Funding	22500.00	Yes
1910	02-02-16	Gamooz	Technology	Augmented Reality Solutions	Gurgaon	Multiple investors through Ten Minute Million competition	Seed Funding	22500.00	Yes
1911	02-02-16	SoundSurround	Technology	Audio Technology Solutions	Mumbai	Multiple investors through Ten Minute Million competition	Seed Funding	22500.00	Yes
1912	03-02-16	Mazkara	Consumer Internet	Beauty & Wellness Platform	Pune	Dunamis Ventures Pte Ltd.	Seed Funding	"10,00,000"	Yes
1913	03-02-16	RoadGods	ECommerce	Auto Spare Parts eTailer	New Delhi	Green House Ventures (GHV)	Seed Funding	"1,00,000"	Yes
1914	03-02-16	Pindropmusic	Consumer Internet	Music Discovery Mobile App	Noida	Green House Ventures (GHV)	Seed Funding	"1,00,000"	Yes
1915	03-02-16	Woodpie	Consumer Internet	Book Recommendation Service	Bengaluru	Ingram Content Group	Seed Funding	30000.00	Yes
1916	04-02-16	Perfumery	ECommerce	Fragrances & Perfume eTailer	New Delhi	Oranda Global & Others	Seed Funding	30000.00	Yes
1917	05-02-16	Magic Crate	Education	Children Education Platform	Bengaluru	"TV Mohandas Pai, Aarin Capital"	Seed Funding		No
1918	05-02-16	ZenDrive	Technology	Safe Driving Data & Analytics platform	Bengaluru	"Sherpa Capital, Nyca Partners and Thomvest Ventures"	Private Equity	"1,35,00,000"	Yes
1919	05-02-16	Smartcooky	ECommerce	Marketplace for Health Foods	New Delhi	"Vandana Luthra,"	Private Equity		No
1920	05-02-16	Turtlemint	Consumer Internet	online personalized insurance platform	Mumbai	Nexus Venture Partners	Private Equity		No
1921	05-02-16	BHIVE	Real Estate	Workspace Rentals	Bengaluru	"Raghunandan G, Venturesity, Arihant Patni"	Seed Funding		No
1922	05-02-16	Gingercrush	Ecommerce	Personalized Products & Merchandize eTailer	Vadodara	"Saha Fund, TV Mohandas Pai, Zia Mody, Mumbai Angels, Ananda Kallugadde, Rakesh Desai, Rakesh Malhotra"	Private Equity	"10,00,000"	Yes
1923	05-02-16	American Vision	Consumer Internet	Optical Store Aggregator Platform	Pune	Undisclosed investors	Seed Funding	81000.00	Yes
1924	05-02-16	DawaiLelo	Consumer Internet	Healthcare Services & Online Pharmacy Mobile App	Varanasi	Undisclosed investors	Seed Funding	52000.00	Yes
1925	06-02-16	Heads Up For Tails	Ecommerce	Pet Products eTailer	New Delhi	Undisclosed investors	Seed Funding	"10,00,000"	Yes
1926	06-02-16	LiveNutriFit	Healthcare	Weight loss & Healthcare Info portal	New Delhi	"Mohit Goel, Vinod Jain & Others"	Seed Funding		No
1927	08-02-16	Moglix	Ecommerce	Industrial & Home Products Marketplace	New Delhi	Ratan Tata	Private Equity		No
1928	08-02-16	iStyleYou	Consumer Internet	Personal Fashion Stylist App	Gurgaon	Green House Ventures (GHV)	Seed Funding	"1,00,000"	Yes
1929	08-02-16	AdUrCup	Consumer Internet	Ad Network	New Delhi	Green House Ventures (GHV)	Seed Funding	"1,00,000"	Yes
1930	08-02-16	Weddingz	Consumer Internet	online marketplace for wedding venues and vendors	Mumbai	Sixth Sense Ventures	Private Equity		No
1931	08-02-16	Urban Dhobi	Consumer Internet	On Demand Laundry Services	Jaipur	"Vinod Bansal, Sanjeev Singhal"	Seed Funding		No
1932	08-02-16	Gray Routes	Consumer Internet	Last mile logistics solutions	Mumbai	"Mahesh Parasuraman, Rahul Gautam & Others"	Seed Funding		No
1933	08-02-16	Xpressbees	ECommerce	ECommerce Logistics solutions	Pune	"SAIF Partners, IDG Ventures India, Vertex Ventures, Valiant Capital"	Private Equity	"1,25,00,000"	Yes
1934	08-02-16	Invictus Oncology	Healthcare	Cancer therapeutic Info & Solutions	New Delhi	Ratan Tata	Private Equity		No
1935	08-02-16	Hansel.io	Technology	Mobile App Tech Solutions	Bengaluru	"Endiya Partners, Mekin Maheshwari, Rajesh Sawhney"	Seed Funding		No
1936	09-02-16	Inc42	Consumer Internet	Startup Focused Media News Portal	New Delhi	"India Ventures, Aarin Capital & Others"	Seed Funding		No
1937	09-02-16	GOQii	Technology	Personalized fitness coaching & Fitness band	Mumbai	Edelweiss Financial Services	Private Equity		No
1938	10-02-16	Capzest	Consumer Internet	Digital Lending Platform	Mumbai	Lion Ventures	Seed Funding	"2,00,000"	Yes
1939	10-02-16	GlamStudios	Consumer Internet	Online Salon Aggregator	Noida	Aqeel Ahmed	Seed Funding		No
1940	10-02-16	Affimity	Consumer Internet	Social Networking platform	Bengaluru	undisclosed investors	Seed Funding	"12,00,000"	Yes
1941	10-02-16	Anandakanda	Technology	Medicine Intake Reminder System	Pune	undisclosed investors	Seed Funding	"1,50,000"	Yes
1942	10-02-16	JoulestoWatts	Technology	IT services & Talent collaboration services startup	Bengaluru	Manipal Global Education Services	Seed Funding		No
1943	10-02-16	Shopkirana	Consumer Internet	Retailer Supply Chain platform	Indore	"Atul Jain, Anil Gelra, Jaikumar Nair"	Seed Funding		No
1944	10-02-16	Stylofie	Consumer Internet	Online Beauty Parlour search & discovery Platform	Gurgaon	Jaideep Mehta	Seed Funding		No
1945	10-02-16	OyBob	eCommerce	Hyperlocal Products & Services marketplace	Gurgaon	Sachin Dalal	Seed Funding		No
1946	12-02-16	ActOnMagic	Technology	Cloud Analytics and Management Products	Bengaluru	Jayabalan Subramanian	Seed Funding	"1,25,000"	Yes
1947	12-02-16	Bonhomia	Food & Beverage	premium Tea and Coffee	New Delhi	"Alok Rawat, Grey Orange Robotics"	Seed Funding	"10,00,000"	Yes
1948	12-02-16	iGrenEnergi	Technology	Solar Power Solutions	Mumbai	Sunil Mehta	Seed Funding	"10,00,000"	Yes
1949	12-02-16	RKSV	Consumer Internet	Online Stock Trading Platform	Mumbai	Kalaari Capital	Private Equity	"40,00,000"	Yes
1950	15-02-16	Aasaanjobs	Consumer Internet	Online Recruitment Marketplace	Mumbai	"Aspada Advisors, IDG Ventures,\\xc2\\xa0 Inventus Capital"	Private Equity	"50,00,000"	Yes
1951	15-02-16	Snapdeal	eCommerce	Horizontal Online Marketplace	New Delhi	Ontario Teachers\\xe2\\x80\\x99 Pension Plan & Others	Private Equity	"20,00,00,000"	Yes
1952	15-02-16	Jugnoo	Consumer Internet	Transportation & On-demand delivery aggregator	Chandigarh	Saumya Tandon	Private Equity		No
1953	15-02-16	Snapbizz	Technology	Connectivity platform for local grocery stores	Bengaluru	Ratan Tata	Private Equity		No
1954	15-02-16	GoYaNo	Consumer Internet	Events & Restaurant Discovery Marketplace App	Gurgaon	Mukesh Kumar Gupta	Seed Funding	50000.00	Yes
1955	15-02-16	RentSher	Consumer Internet	Online Household Product Rental platform	Bengaluru	"Vaibhav Doshi, Abhay Singhal, Vibhu Garg, Joby Babu, Abhishek Acharya, Manish Shah"	Seed Funding	"3,00,000"	Yes
1956	15-02-16	Buddy	Finance	Micro Lending Platform for eCommerce purchases	Bengaluru	"Blume Ventures,\\xc2\\xa0 Tracxn Labs"	Seed Funding	"5,00,000"	Yes
1957	15-02-16	Legistify	Consumer Internet	Online Legal services platform	New Delhi	Ranjit Singh	Seed Funding		No
1958	16-02-16	TableHero	Consumer Internet	Dynamic Restaurant Website creator	Bengaluru	"GrowX Ventures, Kunal Shah, Sandeep Tandon, Haresh Chawla, Powai Lake Ventures, Globevestor"	Seed Funding	"10,00,000"	Yes
1959	16-02-16	BetterPlace	Technology	Data analytics based Verification services Platform	Bengaluru	Unitus Seed Fund	Seed Funding	"9,70,000"	Yes
1960	16-02-16	Salebhai	eCommerce	"Sweets, Eatables, Handicrafts Online Marketplace"	Ahmedabad	"Virendra Shekhawat, Deepak Chokhani, Yogesh Patel & Others"	Seed Funding		No
1961	16-02-16	icustommadeit	eCommerce	Professional Custom creators Marketplace	Pune	"Brand Capital, Siddhivinayak Skyscrapers, Dinesh R. Challa"	Private Equity	"40,00,000"	Yes
1962	16-02-16	Tring	Consumer Internet	Instant Messaging App	Pune	Vishwadeep Bajaj & Others	Seed Funding		No
1963	16-02-16	Medinfi	Consumer Internet	Doctor & Clinics Discovery platform	Bengaluru	"Rajnish Sinha, Prijit Debnath, Kanchan Ghoshal"	Seed Funding		No
1964	17-02-16	Timemytask	Consumer Internet	On-Demand home cleaning services	Mumbai	Lead Angels	Seed Funding		No
1965	17-02-16	GameZop	Technology	Mobile Gaming Platform	New Delhi	"KWAN Entertainment & Marketing Solutions, Powerhouse Ventures & Others"	Seed Funding	"3,50,000"	Yes
1966	17-02-16	Notary Mama	Consumer Internet	On-demand Legal documentation and registration service	Bengaluru	"Dr Nandish Domlur, Amit Sandill"	Seed Funding		No
1967	17-02-16	The Viral Fever	Consumer Internet	Independent Online Video production company	Mumbai	Tiger Global	Private Equity	"1,00,00,000"	Yes
1968	17-02-16	Avanti Learning	Education	Private Coaching Classes	New Delhi	Michael & Susan Dell Foundation	Private Equity	"50,00,000"	Yes
1969	17-02-16	Bollant Industries	Technology	Eco-friendly consumer & packaging products	Hyderabad	Ratan Tata	Private Equity		No
1970	18-02-16	GetVee	Consumer Internet	Matrimony & Couples only mobile platform	New Delhi	"Lightspeed Venture Partners, K Ganesh"	Private Equity		No
1971	18-02-16	HealthKumbh	Consumer Internet	Health related Information portal	Ahmedabad	Undisclosed investor	Seed Funding	73000.00	Yes
1972	18-02-16	Unlaze	Consumer Internet	Social Networking app for outdoor interests	Gurgaon	"Sujal Shah, Dino Morea"	Seed Funding		No
1973	18-02-16	Tracxn	Technology	Indian Startup ecosystem trends analyzer & funding platform	Bengaluru	"Nandan Nilekani, Mohandas Pai, Neeraj Arora, Anand Rajaraman, Girish Mathrubootham, Aneesh Reddy & Teruhide Sato"	Private Equity		No
1974	18-02-16	Careongo	ECommerce	Online Pharmacy store	New Delhi	Farooq Oomerbhoy & Other angel investors	Seed Funding	"3,00,000"	Yes
1975	18-02-16	Ark Robot	Technology	Warehouse Automation	Bengaluru	Qualcomm (Through QPrize Contest)	Seed Funding	"3,50,000"	Yes
1976	19-02-16	Jaypore	ECommerce	Ethnic Products marketplace	New Delhi	Aavishkaar	Private Equity	"50,00,000"	Yes
1977	19-02-16	Finance Buddha	Consumer Internet	Online Loan Comparison & Discovery platform	Bengaluru	Chennai Angels	Seed Funding		No
1978	19-02-16	AlmaConnect	Consumer Internet	Alumni social network	New Delhi	"Mohandas Pai, Varun Aggarwal"	Seed Funding		No
1979	19-02-16	Advantage Club	Consumer Internet	mobile platform for corporate employee benefits	Gurgaon	Purvi Ventures & Others	Seed Funding	"4,00,000"	Yes
1980	19-02-16	LocalRamu	Consumer Internet	mobile based aggregator for local service providers	Bengaluru	3 undisclosed investors	Seed Funding		No
1981	22-02-16	Baby Berry	Consumer Internet	Parenting Mobile app	Bengaluru	Nitin Bagmane & Other undisclosed investors	Seed Funding	"10,00,000"	Yes
1982	22-02-16	Magicpin	Consumer Internet	Hyperlocal Discover Mobile App	New Delhi	Lightspeed India	Private Equity	"30,00,000"	Yes
1983	22-02-16	First Eat	Consumer Internet	Healthy Food Delivery platform	New Delhi	Undisclosed investor	Seed Funding	"1,00,000"	Yes
1984	22-02-16	SigTuple	Technology	Healthcare based Tech Solutions	Bengaluru	"Sachin Bansal, Binny Bansal, Accel Partners & Others"	Seed Funding		No
1985	22-02-16	Taskbob	Consumer Internet	Hyperlocal Handyman services platform	Mumbai	"IvyCap Ventures, Orios Venture Partners, Mayfield India"	Private Equity	"45,00,000"	Yes
1986	22-02-16	Styledotme	Consumer Internet	Mobile Fashion App	New Delhi	Indian Angel Network	Seed Funding	37000.00	Yes
1987	22-02-16	NewsLaundry	Consumer Internet	Independent News Media Portal	New Delhi	"Omidyar Network,\\xc2\\xa0 Vikram Lal, Abhijit Bhandari, Mahesh Murthy, Shashank Bhagat"	Private Equity		No
1988	23-02-16	CupoNation	Consumer Internet	Deals and Discount platform	Gurgaon	"Rocket Internet AG, Holtzbrink Ventures, New Enterprise Associates (NEA), e.ventures, ru-Net, Deutsche Telekom Strategic Investments (DTSI), Silicon Valley Bank"	Private Equity	"1,10,00,000"	Yes
1989	23-02-16	Aarav UAV	Technology	unmanned aerial vehicles creator	Kanpur	"StartupXseed Ventures, The Phoenix Fund and others"	Seed Funding		No
1990	24-02-16	Sayfix	Consumer Internet	Hyperlocal Home Services Provider	Bengaluru	Yajnanarayana Kammaje	Seed Funding	"1,60,000"	Yes
1991	24-02-16	LoanZen	Consumer Internet	Peer to peer Lending marketplace	Bengaluru	Tracxn Syndicate	Seed Funding		No
1992	24-02-16	NoBroker	Consumer Internet	Peer to peer property listing platform	Bengaluru	"Beenext, Digital Garage, Beenos, Qualgro, Mamoru Taniya, SAIF Partners"	Private Equity	"1,00,00,000"	Yes
1993	24-02-16	AppilyEver	Consumer Internet	Online wedding services marketplace	Hyderabad	"Varun Aggarwal, Suresh Venkat, Raj Y"	Seed Funding	"4,00,000"	Yes
1994	24-02-16	Pocketin	Consumer Internet	Hotel reservations & Deal platform	Noida	Swastika Company Ltd	Seed Funding	"1,50,000"	Yes
1995	24-02-16	FeetApart	Consumer Internet	Employee engagements & Rewards platform	Bengaluru	Vishal Bali & Others	Seed Funding		No
1996	25-02-16	OfBusiness	eCommerce	B2B commerce Marketplace	Gurgaon	Matrix Partners India	Private Equity	"50,00,000"	Yes
1997	25-02-16	CarveNiche	Consumer Internet	Personalized Learning Solutions & products	Bengaluru	"Calcutta Angels, Lead Angels & Others"	Seed Funding		No
1998	25-02-16	Juspay	Consumer Internet	Digital Payments solutions	Bengaluru	"Accel Partners, Ashish Hemrajani, Parikshit Dar, Rajesh Balpande"	Private Equity	"58,00,000"	Yes
1999	25-02-16	Funcart	eCommerce	Party Supplies Etailer	New Delhi	Undisclosed HNIs	Seed Funding	70000.00	Yes
2000	26-02-16	Freedom Smart Labs	Technology	IoT retail solutions	New Delhi	Kapil Goel	Seed Funding	"1,45,000"	Yes
2001	26-02-16	EduBridge	Consumer Internet	Skill development and vocational training platform	Mumbai	"Insitor Impact Asia Fund, Acumen Fund"	Private Equity	"25,00,000"	Yes
2002	29-02-16	Nestaway	Consumer Internet	Online Home Rental Marketplace	Bengaluru	Ratan Tata	Private Equity		No
2003	29-02-16	Hopscotch	eCommerce	Baby & Kids Products Online Flash sales platform	Mumbai	Eduardo Saverin	Private Equity	"1,30,00,000"	Yes
2004	29-02-16	PinClick	Consumer Internet	Online real estate listings	Bengaluru	Undisclosed investors	Private Equity		No
2005	01-01-16	Smartcooky	ECommerce	Health Food / Personal Care Marketplace	New Delhi	"Rajan Anandan, Pramod Bhasin, Siddharth Pai, TV Mohandas Pai, Manvinder Singh Banga"	Seed Funding		No
2006	01-01-16	Helpi	Consumer Internet	On Demand Cleaning Services Mobile App	Mumbai	Undisclosed Investors	Seed Funding		No
2007	04-01-16	DogSpot	ECommerce	Online Pet Store	Gurgaon	Ratan Tata	Seed Funding		No
2008	04-01-16	Career360	Education	College Education Portal	New Delhi	MeritTrac	Private Equity		No
2009	04-01-16	B9 Beverages	Food & Beverage	Craft Beer manufacturing company	New Delhi	"Sequoia Capital, Kunal Bahl, Rohit Bansal, Deepinder Goyal, Ashish Dhawan, Mayank Singhal"	Private Equity	"60,00,000"	Yes
2010	05-01-16	WIMWI Foods	Food & Beverage	Healthy food manufacturing & sales startup	Ahmedabad	Centre for Innovation Incubation and Entrepreneurship (CIIE)	Seed Funding		No
2011	05-01-16	MyChild App	Education	Child Disorder Information & Education	Bhopal	"Samir Bangara, Anisha Mittal, Amit Gupta, Pallav Nadhani, Lalit Mangal, Arihant Patni, Dr. Ritesh Malik, Deobrat Singh, Saurab Paruthi, Singapore Angel Network."	Seed Funding	"1,00,000"	Yes
2012	05-01-16	Instaproc	ECommerce	B2B Procurement Marketplace for Office Products	Noida	Dinesh Agarwal	Seed Funding		No
2013	05-01-16	360Ride	Consumer Internet	Ride Sharing platform	Bengaluru	Undisclosed	Seed Funding	"1,50,000"	Yes
2014	05-01-16	Alef\\nMobitech	Consumer Internet	Cloud Mobility Solutions	Mumbai	Tata Capital Innovation Fund	Private Equity	"50,00,000"	Yes
2015	06-01-16	Tracxn	BFSI	Startup Funding Deal Discovery & Execution platform	Bengaluru	Ratan Tata	Seed Funding		No
2016	06-01-16	Qdesq	Real Estate	Branded Workspaces Aggregator	Gurgaon	"Dheeraj Jain, Jagdish Kumar, Bharat Gupta, Ankush Saigal, Praveen Saini"	Seed Funding		No
2017	06-01-16	Sensara	Technology	"TV Search, Guide and Remote mobile app"	Bengaluru	"Lalitesh Katragadda,\\xc2\\xa0 Ganayantrika Systems"	Seed Funding	"7,50,000"	Yes
2018	06-01-16	Zebpay	Consumer Internet	Bitcoin Buying & Selling Mobile App	Ahmedabad	"Arjun Handa, Amit Jindal, Nagendra Chaudhary"	Private Equity	"10,00,000"	Yes
2019	06-01-16	PlanMy\\nMedicalTrip	Healthcare	Medical Tourism platform	Pune	"Bhanu Vikram Parsotam, Rohan Desai and Paras Patel"	Seed Funding	"1,50,000"	Yes
2020	06-01-16	MyCity4Kids	Education	Children Education & Information platform	Gurgaon	"SIDBI Venture Capital Limited, YourNest Angel Fund"	Private Equity	"30,00,000"	Yes
2021	06-01-16	Justdakhila.com	Education	School Student admissions platform	New Delhi	Ankur Gupta	Seed Funding	"7,50,000"	Yes
2022	07-01-16	PitStop	Consumer Internet	Automobile Service Booking App	Bengaluru	Myntra/LivSpace Founders	Seed Funding		No
2023	07-01-16	Bikxie	Consumer Internet	Two Wheeler Taxi Service	Gurgaon	Undisclosed Investors	Seed Funding		No
2024	07-01-16	Infurnia	Consumer Internet	Online Furniture Customization platform	Bengaluru	Idein Ventures	Seed Funding	"1,60,000"	Yes
2025	07-01-16	Myly	Education	Mobile Based Education platform	Jaipur	Newbie Promoter Pvt Ltd	Seed Funding	"1,00,000"	Yes
2026	07-01-16	MakeMyTrip	Consumer Internet	Online Travel/Hotel Booking platform	Gurgaon	Ctrip.com International Ltd	Private Equity	"18,00,00,000"	Yes
2027	08-01-16	Melorra	ECommerce	Online/ Mobile Jewellery Retailer	Bengaluru	Lightbox Ventures	Private Equity	"50,00,000"	Yes
2028	08-01-16	ConfirmTKT	Consumer Internet	Train PNR Status Prediction Platform	Bengaluru	"Krishna Jhujhunwala, Dr. Apoorv Ranjan Sharma, Anirudh Damani, Anand Ladsariya, Sanjay Mehta & Others"	Seed Funding	"2,50,000"	Yes
2029	08-01-16	Gyaanzone	Education	Career Planning and Education Advisory Platform	Mumbai	GBIM Technologies Pvt Ltd	Seed Funding	45000.00	Yes
2030	08-01-16	FlatFurnish	Consumer Internet	Online Furnishing Rental Platform	Gurgaon	Arun Chandra Mohan	Seed Funding		No
2031	09-01-16	Lumiere	ECommerce	Organic Food eTailer	Bengaluru	Undisclosed investors	Private Equity		No
2032	11-01-16	Koovs	ECommerce	Online Fashion Apparel Retailer	Gurgaon	"Nahata Family, Waheed Alli"	Private Equity	"54,00,000"	Yes
2033	11-01-16	Wishup	Consumer Internet	Mobile app based Concierge Service	New Delhi	"500 Startups, Mato Peric, TracxnLabs"	Seed Funding		No
2034	11-01-16	FreshMenu	Consumer Internet	Online / Mobile Food Ordering platform	Bengaluru	"Zodius Capital, Lightspeed Venture Partners"	Private Equity	"1,65,00,000"	Yes
2035	11-01-16	SavvyMob	ECommerce	Last Minute Hotel Bookings mobile marketplace	Bengaluru	"TV Mohandas Pai, LetsVenture"	Seed Funding	"10,00,000"	Yes
2036	11-01-16	Fashionablyin	Consumer Internet	Mobile based Geo-target Fashion Marketplace	Mumbai	Ranjan Mahtani	Seed Funding		No
2037	12-01-16	Shopclues	ECommerce	ECommerce Marketplace	Gurgaon	"GIC, Tiger Global Management, Nexus Venture Partners"	Private Equity	"10,00,00,000"	Yes
2038	12-01-16	Hike Messenger	Consumer Internet	P2P Messaging Service	New Delhi	"Matt Mullenweg, Adam D\\xe2\\x80\\x99Angelo, Aditya Agarwal,\\xc2\\xa0 Ruchi Sanghvi & Others"	Private Equity		No
2039	12-01-16	iBus Networks	Technology	Next Generation in-building connectivity	Bengaluru	"Vallabh Bhanshali, N Squared Management LLC, Jagdish & Sandeep Mehta Family Office"	Private Equity	"23,00,000"	Yes
2040	12-01-16	Happy2Refer	Consumer Internet	Mobile based Referral Platform	Mumbai	"Equity Crest, Vinners, Sparknext"	Seed Funding	"2,50,000"	Yes
2041	13-01-16	CarTrade	Consumer Internet	Auto Classifieds Portal	Mumbai	"Temasek Holdings, March Capital, Warburg Pincus"	Private Equity	"14,50,00,000"	Yes
2042	13-01-16	Rentomo	Consumer Internet	peer-to-peer renting Marketplace	Bengaluru	Shiva Ashok & Other unnamed investors	Seed Funding	"1,00,000"	Yes
2043	13-01-16	Roder	Consumer Internet	inter-city cab aggregator	New Delhi	Unicorn India Ventures	Seed Funding	"2,40,000"	Yes
2044	13-01-16	Bucker	Consumer Internet	Food Ordering Mobile App	Hyderabad	"50k Ventures, Munish Jauhar, Pulkit Jain, Rohit Narang"	Seed Funding		No
2045	13-01-16	Care24	Healthcare	Professional Health Services Platform	Mumbai	"SAIF Partners, India Quotient"	Private Equity	"40,00,000"	Yes
2046	13-01-16	Obino	Healthcare	Weigh Loss Coaching	Mumbai	RoundGlass Partners	Private Equity		No
2047	14-01-16	Snapshopr	Consumer Internet	Visual Search & Image Recognition Platform	Bengaluru	Amod Malviya	Seed Funding		No
2048	14-01-16	Buildkar	ECommerce	Construction Material Marketplace	Bengaluru	"Mustafa Wajid, Umang Kumar & Others"	Seed Funding		No
2049	14-01-16	Orahi	Consumer Internet	Carpooling Mobile App	Gurgaon	Indian Angel Network	Seed Funding	"5,20,000"	Yes
2050	14-01-16	Zapr	Technology	TV to Mobile audience Platform	Gurgaon	"Flipkart, Saavn, Micromax, Dhiraj Rajaram, Ambiga Dhiraj, Dinesh Agarwal, Samir Bangara, Sanjay Nath, Arihant Patni"	Seed Funding		No
2051	15-01-16	Remidio	Healthcare	Healthcare Product Manufacturer	Bengaluru	Cipher-Plexus Capital Advisors & Indian HNIs	Private Equity		No
2052	15-01-16	Fitso	Consumer Internet	Fitness related Social Networking App & Forum	Gurgaon	"Varun Khurana, Samar Singla, Vinay Bansal,"	Seed Funding	"2,00,000"	Yes
2053	15-01-16	evibe.in	Consumer Internet	Party Hall Booking platform	Bengaluru	"Hyderabad Angels, Lalit Mangal,\\xc2\\xa0 Vikas Malpani, Gaurav Bhalotia, LV Prasad"	Seed Funding		No
2054	15-01-16	Zoctr	Consumer Internet	healthcare aggregator platform	Mumbai	Times Group	Seed Funding		No
2055	15-01-16	Jobick	Consumer Internet	Mobile app based Job Search	Noida	Abhinav Mathur	Seed Funding		No
2056	16-01-16	Plick	Consumer Internet	Instant Content Transfer Mobile App	Mumbai	Sanjay Mehta	Seed Funding		No
2057	18-01-16	Voice Friends	Consumer Internet	Dating & Singles Chat Platform	Mumbai	Huzaifa Khorakiwala	Seed Funding		No
2058	18-01-16	Kartrocket	Consumer Internet	SAAS DIY ECommerce Platform	New Delhi	"Bertelsmann India Investments, Nirvana Digital India Fund, Nirvana Digital Investment Holding, 500 Startups"	Private Equity	"60,00,000"	Yes
2059	19-01-16	Swiggy	Consumer Internet	Online/Mobile food ordering platform	Bengaluru	"Harmony Partners, RB Investments & existing investors"	Private Equity	"3,50,00,000"	Yes
2060	19-01-16	TinyStep	Consumer Internet	Parenting Social Network	Bengaluru	Flipkart	Seed Funding		No
2061	19-01-16	Cashkaro	Consumer Internet	Coupon & Cashback platform	Gurgaon	Ratan Tata	Private Equity		No
2062	19-01-16	Gameezop	Consumer Internet	Casual Gaming platform	New Delhi	Anand Chandrasekaran & Others	Seed Funding		No
2063	19-01-16	DailyObjects	ECommerce	Mobile Accessories etailer	New Delhi	"Unilazer Fund,\\xc2\\xa0 Phanindra Sama, Peyush Bansal"	Private Equity	"14,00,000"	Yes
2064	19-01-16	Indus OS	Technology	Local language Mobile OS	Mumbai	"Omidyar Network,"	Private Equity	"50,00,000"	Yes
2065	19-01-16	CollegeDunia	Consumer Internet	Educational College Search platform	New Delhi	Umang Kumar	Seed Funding	"4,45,000"	Yes
2066	19-01-16	Villgro	Finance	Social Business Incubator & Fund	Chennai	"Lemelson Foundation, Michael and Susan Dell Foundation"	Private Equity	"35,00,000"	Yes
2067	20-01-16	Reddoorz	Consumer Internet	Budget Accomodation Aggregator	New Delhi	500 Startups	Private Equity		No
2068	20-01-16	IndustryBuying	ECommerce	B2B Industrial Goods Marketplace	New Delhi	Trifecta Capital	Private Equity	"18,00,000"	Yes
2069	20-01-16	Just Buy Live	ECommerce	B2B Marketplace for Distributors	Mumbai	Alpha Capital	Private Equity	"2,00,00,000"	Yes
2070	20-01-16	IMbesharam	ECommerce	Adult Products Etailers	New Delhi	Undisclosed US Based Investors	Private Equity	"40,00,000"	Yes
2071	20-01-16	Moodoo	Consumer Internet	Social Meeting organizer App	Mumbai	Sa\\xc3\\xafd Business School Seed Fund.	Seed Funding	40000.00	Yes
2072	20-01-16	Saral Designs	Healthcare	Women Hygiene Product Manufacturer	Mumbai	"Farooq Adam, Ambi Parameswaran,"	Seed Funding		No
2073	21-01-16	FirstCry	ECommerce	Kids Focused eTailer	Pune	Ratan Tata	Private Equity		No
2074	21-01-16	Fisdom	Consumer Internet	Personal Finance Mobile App	Bengaluru	Rob Chandra	Seed Funding	"5,00,000"	Yes
2075	21-01-16	Easypolicy	Consumer Internet	Online insurance policy aggregator	Noida	Unilazer Ventures	Private Equity	"22,00,000"	Yes
2076	21-01-16	Housing.com	Consumer Internet	Online Real Estate Portal	Mumbai	SoftBank Corp	Private Equity	"1,50,00,000"	Yes
2077	21-01-16	CREO	Technology	Smartphone OS Developer	Bengaluru	"Sequoia Capital, Beenext Ventures, India Quotient, Anand Chandrasekaran"	Private Equity	"30,00,000"	Yes
2078	22-01-16	ShabdaNagari	Consumer Internet	Hindi Language Social Networking Portal	Kanpur	Kanpur Angels & Others	Seed Funding	"2,00,000"	Yes
2079	22-01-16	Little	Consumer Internet	Deal Discovery App	Bengaluru	GIC	Private Equity		No
2080	22-01-16	SnapBizz	ECommerce	Mobile based Retail Market Ecosystem	Bengaluru	"Jungle Ventures, Taurus Value Creation, Konly Venture, Blume Ventures"	Private Equity	"72,00,000"	Yes
2081	22-01-16	Qlivery	Consumer Internet	on-demand concierge services	Gurgaon	Chandigarh Angels Funding	Seed Funding		No
2082	22-01-16	PlexusMD	Consumer Internet	Social Network for Healthcare Professionals	Ahmedabad	"Arihant Patni, Avnish Mehra, Pranay Adhvaryu, Ravi Sampat"	Seed Funding		No
2083	22-01-16	Silvan	Technology	Home Automation & Security Solutions	Bengaluru	The Chennai Angels	Seed Funding	"5,15,000"	Yes
2084	22-01-16	EPS	Technology	Electronic Payments Solution Company	Mumbai	APIS Partners	Private Equity	"3,50,00,000"	Yes
2085	22-01-16	Qubole	Technology	Enterprise Cloud Based Data Processing	Bengaluru	"Institutional Venture Partners, Norwest Venture Partners, Lightspeed Venture Partners, CRV"	Private Equity	"3,00,00,000"	Yes
2086	22-01-16	Gajty	Healthcare	Salons & Spa Chain	Gurgaon	Purvi Ventures	Seed Funding		No
2087	25-01-16	SIFTR Labs	Consumer Internet	Photography curation & Aggregator platform	Mumbai	Venture Catalysts	Seed Funding	"1,50,000"	Yes
2088	25-01-16	Power2SME	Consumer Internet	SME Online Buying Hub	Gurgaon	"Nandan Nilekani, Accel Partners, Kalaari Capital and Inventus Capital"	Private Equity	"2,10,00,000"	Yes
2089	25-01-16	SkyCandle	ECommerce	Home D\\xc3\\xa9cor Product etailer	New Delhi	GPA group	Private Equity		No
2090	27-01-16	Teabox.com	ECommerce	Specialty Tea ETailer	Siliguri	Ratan Tata	Private Equity		No
2091	27-01-16	Buildzar	ECommerce	Construction Material ETailer	Gurgaon	Puneet Dalmia	Private Equity	"40,00,000"	Yes
2092	27-01-16	Applicate	Technology	"Sales, Market, Distribution & Data Analytics Platform"	Bengaluru	Undisclosed investors	Seed Funding	"10,00,000"	Yes
2093	27-01-16	WhatsOnRent	ECommerce	Online Rental Marketplace	Bengaluru	Lalit Mangal & Others	Seed Funding		No
2094	28-01-16	Zebi (yet to launch)	Technology	Data Intelligence & Analytics	Hyderabad	Un disclosed investors	Seed Funding	"10,00,000"	Yes
2095	28-01-16	Truce	FMCG	Vegetables & Fruits Supply Chain	Mumbai	"Anupam Mittal, Amit Gupta, Utsav Somani, Neeraj Goenka, Farooq Adam Mukadam"	Seed Funding	"3,70,000"	Yes
2096	28-01-16	JustDoc	Consumer Interne	Medical Video Consultation platform	Bengaluru	"TV Mohandas Pai, Mohit Saxena, Raghunandan G, Singapore Angel Network, TracxnLabs"	Seed Funding		No
2097	28-01-16	Myeglu	Technology	Connected Smart Home Solutions	Bengaluru	Foxconn Technology Group & Others	Seed Funding		No
2098	29-01-16	BitGiving	Consumer Internet	Crowd Funding Platform	New Delhi	"Harminder Sahni, Krishna Mehra, Sanjay Bakshi"	Seed Funding		No
2099	29-01-16	Qriyo	Consumer Internet	Online Fitness & Educational information Aggregator	Jodhpur	Idein Ventures	Seed Funding	"1,60,000"	Yes
2100	29-01-16	N.O.W	Consumer Internet	Rental Bike Aggregator App	Noida	Maple Capital Advisors	Seed Funding		No
2101	29-01-16	Aisle	Consumer Internet	Indians focused Matchmaking App	Bengaluru	"TermSheet, ah! Ventures"	Seed Funding	"1,85,000"	Yes
2102	29-01-16	FreshMenu	Consumer Internet	Fresh Food Delivery platform	Bengaluru	"Zodius Technology Fund, Lightspeed Venture Partners"	Private Equity	"1,70,00,000"	Yes
2103	29-01-16	Truebil	ECommerce	Online marketplace for cars	Mumbai	"Kalaari Capital, Inventus Capital, Tekton Ventures, Kae Capital"	Private Equity	"51,50,000"	Yes
2104	29-01-16	Rare Media	Technology	Mobile & Cloud based App developer	New Delhi	Info Edge (India) Ltd	Private Equity	"11,00,000"	Yes
2105	29-01-16	TinMen	Consumer Internet	Food Delivery Platform	Hyderabad	Lead Angel Network	Seed Funding		No
2106	29-01-16	CodingLabs	Technology	Coding Skill Showcase & Resume Builder	Hyderabad	Vineet Nalla	Seed Funding		No
2107	30-01-16	FindUrClass	Consumer Internet	Hobby & Activity Class Aggregator	Mumbai	"Amit Patni, Anirudh Damani, Samir Shah"	Seed Funding		No
2108	30-01-16	DesignBids	Consumer Internet	Interior Design Marketplace	New Delhi	Indian Angel Network	Seed Funding		No
2109	01-12-15	CollegeDekho	Online Education Information platform	nan	Jaipur	GirnarSoft	Seed Funding	"10,00,000"	Yes
2110	01-12-15	Black White Orange Brands	Brand Licensing Startup	nan	Mumbai	YouWeCan Ventures	Seed Funding		No
2111	01-12-15	Biteclub	Gourmet Food Discovery & Delivery platform	nan	Gurgaon	growX ventures	Private Equity		No
2112	01-12-15	Patel Logistics	Transportation & Logistics Platform	nan	Mumbai	Frontline Strategy	Private Equity	"56,00,000"	Yes
2113	01-12-15	Wigzo	Enterprise Marketing Automation platform	nan	New Delhi	"Aarin Capital Partners, TV Mohandas Pai"	Seed Funding	"5,00,000"	Yes
2114	01-12-15	Zapluk	"Health, Wellness & Beauty Services App"	nan	Hyderabad	N/A	Seed Funding		No
2115	01-12-15	Godof Hospitals	Digital Healthcare	nan	New Delhi	Pankaj Gupta	Seed Funding	"20,00,000"	Yes
2116	02-12-15	RoomsTonite	Last Minute Hotel Booking App	nan	Bengaluru	"Lashit Sanghvi, Nikhil Vora, Venkat Vardhan,Mohammed Bin Abdul Rehman Al Khalifa,\\xc2\\xa0 Ralph Berezan, Vissal Mathew,\\xc2\\xa0 Balamurali Krishna"	Seed Funding	"15,00,000"	Yes
2117	02-12-15	Kaaryah	Womens Fashion Wear Portal	nan	New Delhi	"The Saha Fund, TV Mohandas Pai"	Private Equity		No
2118	03-12-15	Anakage	Product Learning platform	nan	Bengaluru	CIO Angel Network (CAN)	Seed Funding		No
2119	03-12-15	EasyKhaana	Online Food ordering & Delivery platform	nan	New Delhi	Undisclosed investors	Seed Funding	"1,00,000"	Yes
2120	03-12-15	Shuttl	App based Bus Pooling Services	nan	Gurgaon	"Sequoia Capital, Times Internet Ltd & One more Fund"	Private Equity	"2,00,00,000"	Yes
2121	03-12-15	Eckovation	Social Learning Platform	nan	New Delhi	Chandigarh Angel Network (CAN)	Seed Funding		No
2122	03-12-15	Fitcircle	Social Fitness platform	nan	Mumbai	Beerud Sheth and Ravi Mantha	Seed Funding		No
2123	04-12-15	Applop	On Demand Mobile app developer	nan	Kolkata	GHV Accelerator	Seed Funding	"1,00,000"	Yes
2124	04-12-15	CaRPM	Car Maintenance & Management mobile app	nan	Gurgaon	GHV Accelerator	Seed Funding	"1,00,000"	Yes
2125	04-12-15	NDTV Wedding portal	Online Wedding Marketplace	nan	New Delhi	CerraCap	Private Equity	"2,00,00,000"	Yes
2126	04-12-15	Splitkart	Splitting Bills Mobile App	nan	New Delhi	"Rajesh Sawhney, Anupam Mittal, Dinesh Agarwal, Gaurav Gupta,"	Seed Funding		No
2127	07-12-15	Zenatix	IOT Energy Management Analytics platform	nan	Gurgaon	Blume Ventures	Private Equity		No
2128	07-12-15	Customfurnish	Custom Made furniture e-tailer	nan	Hyderabad	Agnus Capital	Private Equity	"45,00,000"	Yes
2129	07-12-15	Faasos	QSR Chain	nan	Pune	"ru-Net, Sequoia Capital,\\xc2\\xa0 Lightbox Ventures"	Private Equity	"3,00,00,000"	Yes
2130	07-12-15	Vlurn	eLearning platform	nan	Mumbai	Vidyadhar Sarfare	Seed Funding		No
2131	07-12-15	Leaf Wearables	Smart Safety Wearable Devices	nan	New Delhi	"Ajeet Khurana Jinesh Shah, Vikram Chachra, Dr. Aniruddha Malpani"	Seed Funding	"2,50,000"	Yes
2132	07-12-15	Coolshare	Cab Sharing service Mobile app	nan	Mumbai	Gopal Aggarwal	Seed Funding	"1,00,000"	Yes
2133	08-12-15	mFicient	Cloud Enterprise Mobility Platform	nan	New Delhi	Undisclosed investors	Seed Funding		No
2134	08-12-15	HeyBiz	Online Shopping Assistant Mobile app	nan	New Delhi	Shopclues	Seed Funding		No
2135	08-12-15	Yumist	Home Cooked Food Order & Delivery platform	nan	Gurgaon	"Unilazer Ventures, Orios Venture Partners, Steven Lurie"	Private Equity	"20,00,000"	Yes
2136	09-12-15	Jigsaw Academy	Online School for Analytics learning	nan	Bengaluru	Manipal Global Education Services	Private Equity	"30,00,000"	Yes
2137	09-12-15	JoeHukum	Chat based personal Assistant App	nan	Gurgaon	"TracxnLabs, Jitendra Gupta, Prashant Tandon"	Seed Funding		No
2138	09-12-15	Voxweb	Picture creation & Social mobile app	nan	Mumbai	Undisclosed Investor	Seed Funding	"3,50,000"	Yes
2139	09-12-15	Aye Finance	Nonbanking finance company	nan	New Delhi	"SAIF Partners, Accion"	Private Equity	"30,00,000"	Yes
2140	09-12-15	JumboBasket	eCommerce returns etailer	nan	Chandigarh	Chandigarh Angels Network	Seed Funding		No
2141	10-12-15	BlackBuck	Online Freight Services Aggregator	nan	Bengaluru	"Tiger Global Management, Yuri Milner, Apoletto, Accel Partners, Flipkart"	Private Equity	"2,50,00,000"	Yes
2142	10-12-15	HomeStudio	Online Branded Furniture etailer	nan	Bengaluru	Bren Corporation	Private Equity	"50,00,000"	Yes
2143	10-12-15	PropheSee	Digital Analytics Platform	nan	New Delhi	"Indian Angel Network, Stanford Angels, Entrepreneurs India"	Seed Funding	"5,00,000"	Yes
2144	10-12-15	i2e1	Internet Network Infrastructure Services	nan	New Delhi	GrowX Ventures	Seed Funding	"5,00,000"	Yes
2145	10-12-15	Holisol Logistics	Supply Chain & Logistics Solutions	nan	New Delhi	CLSA Capital Partners ARIA IV Funds	Private Equity	"1,00,00,000"	Yes
2146	10-12-15	Stay Simple Resorts	Holiday Resort Chain	nan	Bengaluru	"Mr. Sudhir & Ms. Shalini Sethi, Mr. Praveen Someshwar"	Seed Funding		No
2147	10-12-15	Paynear	Mobile Point of Sale solutions	nan	Hyderabad	Mitesh Majithia	Private Equity	"25,00,000"	Yes
2148	10-12-15	Chillr	Peer-to-Peer Money Transfer & Recharge App	nan	Mumbai	"Sequoia Capital, Blume Ventures, Uniqorn Ventures and other"	Private Equity	"7,00,00,000"	Yes
2149	11-12-15	EureQa	Test Automation SAAS platform	nan	Hyderabad	"Sashi Reddi, Gabriel Investments"	Seed Funding	"6,00,000"	Yes
2150	11-12-15	LocalCircles	Citizens Engagement Platform	nan	Noida	Anand Mahindra	Private Equity		No
2151	11-12-15	GetFocus	Indoor Navigation & Analytics Solutions	nan	Mumbai	Undisclosed investors	Seed Funding		No
2152	11-12-15	UrbanClap	Hyperlocal On-Demand Household Services platform	nan	Gurgaon	Ratan Tata	Private Equity		No
2153	11-12-15	OnlineRTI	Online RTI application services	nan	Bengaluru	"LetsVenture, Mohandas Pai"	Seed Funding	"1,50,000"	Yes
2154	11-12-15	Powerstores	ECommerce Website Creation SAAS platform	nan	Goa	Extreme Venture Partners\\xc2\\xa0 William Bissell	Seed Funding		No
2155	11-12-15	Weddingz.in	Wedding Venues & Vendors Marketplace	nan	Mumbai	"Rajan Anandan, Zoya Akhtar, Reema Kagati, Ruchi Narain, Amrish Kumar, Hrishikesh Parandekar"	Seed Funding	"10,00,000"	Yes
2156	11-12-15	Intelligent Interfaces	Interface development platform for Government officials	nan	Bengaluru	"Sachin Bansal, Binny Bansal"	Seed Funding		No
2157	14-12-15	Capricoast	Modular Furnishings Marketplace	nan	Bengaluru	"Accel Partners India, RB Investments"	Private Equity	"35,00,000"	Yes
2158	14-12-15	JetSetGo	Private Jet Bookings Marketplace	nan	Bengaluru	Puneet Dalmia	Private Equity		No
2159	14-12-15	Cabsguru	Cab search Comparison & Booking platform	nan	New Delhi	Prashanth Ranganathan	Seed Funding	"2,00,000"	Yes
2160	14-12-15	Whoop	Performance Optimization Platform for athletes	nan	Boston	Infosys	Private Equity	"30,00,000"	Yes
2161	15-12-15	BookEventz	Event Venue Booking Platform	nan	Mumbai	"Mumbai Angels, Singapore Angel Network, Zishaan Hayath"	Seed Funding		No
2162	15-12-15	Deal Street Asia	Digital Media Platform	nan	Singapore	"Vijay Shekhar Sharma, Singapore Angels Network"	Seed Funding		No
2163	15-12-15	Streamoid	visual search and discovery platform	nan	Bengaluru	Undisclosed	Seed Funding	"10,00,000"	Yes
2164	16-12-15	Housejoy	Home services marketplace	nan	Bengaluru	"Amazon, Vertex Ventures, Qualcomm, Ru-Net Technology Partners, Matrix Partners"	Private Equity	"2,25,00,000"	Yes
2165	16-12-15	Bluebirch	End to End reverse logistics Solution platform	nan	Bengaluru	"Chicago Capital Ventures, Sanjay Mehta, Others"	Seed Funding	"20,00,000"	Yes
2166	16-12-15	MeraDoctor	Virtual Health consultation app	nan	Mumbai	Unilazer	Private Equity	"12,00,000"	Yes
2167	16-12-15	STAGE 3	Online Renting platform	nan	New Delhi	"Nisha Sharma, Puneet Dalmia, Balaji Prabhakar"	Seed Funding		No
2168	17-12-15	Rivigo	Logistics Services Provider	nan	Gurgaon	SAIF Partners and others	Private Equity	"3,00,00,000"	Yes
2169	17-12-15	Springboard	Data Science & UX design Learning platform	nan	Bengaluru	"Allen Blue, John Katzman, Naveen Tewari, Kartik Hosanagar, Kashyap Deorah, 500 Startups, Blue Fog Capital"	Seed Funding	"17,00,000"	Yes
2170	17-12-15	Eatfresh	Online marketplace for Chef Meals	nan	Bengaluru	Kalaari Capital	Private Equity		No
2171	18-12-15	Ampere Vehicles	Electric Bike Manufacturers	nan	Coimbatore	Kris Gopalakrishnan & Others	Seed Funding	"12,00,000"	Yes
2172	18-12-15	Focus Digit	ECommerce platform solutions	nan	New Delhi	Turning Ideas	Seed Funding		No
2173	18-12-15	The News Minute	Online Media Publication	nan	Bengaluru	Quintillion Media	Seed Funding		No
2174	18-12-15	CBREX	International Hiring Platform	nan	Mumbai	"Prahlad Rao, Sundara Rajan, Vikram Chachra"	Seed Funding	"2,00,000"	Yes
2175	21-12-15	TruckMandi	Logistics Service Provider Marketplace	nan	New Delhi	"Ritesh Dwivedy, Ramakant Sharma, Mount Nathan Advisors"	Private Equity	"20,00,000"	Yes
2176	21-12-15	Peppertap	Hyperlocal Grocery Delivery Service	nan	Gurgaon	Innoven Capital	Private Equity	"40,00,000"	Yes
2177	21-12-15	KOOH Sports	Sports Education Platform	nan	Mumbai	"TCS, HDFC, Faering Capital, Elevate Sports"	Private Equity	"20,00,000"	Yes
2178	22-12-15	RentOnGo	"Bike, Appliances Renting marketplace"	nan	Bengaluru	"Anand Chandrasekaran, Rajesh Sawhney, Kalpana Tatavarti, Shivanandan Pare"	Seed Funding		No
2179	22-12-15	Industrybuying	Online Marketplace for Industrial Goods	nan	New Delhi	"Murugappa Group, TVS Group, Vellayan Subbiah, Arathi Krishna, Arun Venkatachalam"	Seed Funding		No
2180	22-12-15	Zapr	Reward points mobile app	nan	Gurgaon	Dinesh Agarwal	Seed Funding		No
2181	22-12-15	LatestOne	Mobile accessories online store	nan	Hyderabad	Palred Technologies Ltd	Private Equity	"30,00,000"	Yes
2182	22-12-15	PlanetGogo	Content Discovery & reward points platform	nan	Gurgaon	HT Digital Media Holdings Ltd	Seed Funding		No
2183	22-12-15	Arya.ai	Artificial Intelligence platform	nan	Mumbai	"YourNest Angel Fund, Venture Nursery"	Private Equity	"7,50,000"	Yes
2184	22-12-15	Doctor Insta	Medical Consultation & Doctor appointment booking platform	nan	Gurgaon	"Rishi Parti, BrahmaX Ventures"	Private Equity	"5,00,000"	Yes
2185	22-12-15	MobieFit	Mobile Fitness App	nan	Goa	Medi Assist	Private Equity	"10,00,000"	Yes
2186	23-12-15	LafaLafa	"Digital Coupons, Deal & Cashback aggregator app"	nan	Mumbai	Vectr Ventures	Private Equity		No
2187	23-12-15	Mech Mocha	Mobile Game development & Design platform	nan	Bengaluru	"Blume Ventures, Flipkart"	Seed Funding	"10,00,000"	Yes
2188	23-12-15	Shotang.com	B2B eCommerce Marketplace	nan	Bengaluru	"Exfinity Venture Partners, Unitus Impact Livelihoods Fund"	Private Equity	"50,00,000"	Yes
2189	23-12-15	CityFurnish	Furniture and appliances rental platform	nan	Gurgaon	Jitendra Gupta	Seed Funding		No
2190	24-12-15	Black White Orange	B2B Merchandize platform	nan	Mumbai	Collaborative Licensing Ventures LLP	Seed Funding	"3,03,000"	Yes
2191	24-12-15	Kolabro	Real Estate focused Tech platform	nan	Gurgaon	"Umang Kumar, Ruchir Arora & others"	Seed Funding		No
2192	24-12-15	Canvera	Photographer Online search & booking platform	nan	Bengaluru	Info Edge (India) Ltd	Private Equity	"22,00,000"	Yes
2193	28-12-15	Town Essentials	Grocery Delivery platform	nan	Bengaluru	"Sharad Hegde, Girish Reddy, Siddharth Patil, Shrikant Patil"	Seed Funding	"10,00,000"	Yes
2194	28-12-15	Bumper	Mobile Car Servicing appointment app	nan	Bengaluru	SAIF Partners	Seed Funding	"5,00,000"	Yes
2195	29-12-15	Hotify	New Curation Mobile App	nan	Bengaluru	Mahavir Pratap Sharma	Seed Funding	"1,50,000"	Yes
2196	29-12-15	MobiKwik	Mobile Wallet	nan	Gurgaon	"Sequoia Capital, Tree Line Asia, Innoven Capital"	Private Equity	"66,00,000"	Yes
2197	30-12-15	Intelligent Interfaces	Interface development platform for Government officials	nan	Bengaluru	Yuvraj Singh	Seed Funding		No
2198	02-11-15	Twigly	Online Food Ordering & Delivery platform	nan	Gurgaon	"Amit Gupta, Sahil Barua, Mukul Singhal, Tracxn Labs"	Seed Funding	"2,00,000"	Yes
2199	02-11-15	CityFlo	Bus Aggregation and rental mobile app	nan	Mumbai	IDG Ventures	Seed Funding	"7,50,000"	Yes
2200	03-11-15	Findyahan	hyperlocal online Services platform	nan	Noida	Times Group Brand Capital	Private Equity		No
2201	03-11-15	Sabse	WiFi \xe2\x80\x93 first Cloud communication platform	nan	Mumbai	Ratan Tata	Private Equity		No
2202	03-11-15	Pokkt	Alternate Mobile Monetization platform	nan	Mumbai	"Segnel Venture, Shinji Kimura, Sundar Chanrai, JAFCO Asia, SingTel\\xe2\\x80\\x99s Innov8, Jungle Ventures, K Ganesh"	Private Equity	"50,00,000"	Yes
2203	03-11-15	oibanit	Online Food Ordering Marketplace	nan	Vadodara	"Varun Ahuja, Anubhav Verma"	Seed Funding	"1,50,000"	Yes
2204	03-11-15	Stuffed	Quick Service Restaurant & Online Delivery	nan	Mumbai	Riqueza Capital	Seed Funding	"3,85,000"	Yes
2205	03-11-15	LoanBaba	Online Loans Marketplace	nan	Mumbai	N/A	Seed Funding	"3,20,000"	Yes
2206	03-11-15	Deyor Rooms	Budget Hotels Aggregator	nan	New Delhi	Dheeraj Jain & Others	Seed Funding	"5,00,000"	Yes
2207	03-11-15	Bidgely	Efficient Energy Management platform	nan	Not Specified	"Constellation Technology Ventures (Exelon Corporation), E.ON, RWE, Khosla Ventures"	Private Equity	"1,66,00,000"	Yes
2208	04-11-15	Shirsa Labs	Digital Intelligent learning platform	nan	Mumbai	ah! Ventures	Seed Funding	"2,50,000"	Yes
2209	04-11-15	Paytunes	Voice Call incentivization mobile app	nan	New Delhi	CIO Angel Network	Seed Funding		No
2210	04-11-15	YourDOST	Online Counselling and psychological support platform	nan	Gwalior	"Phanindra Sama, Aprameya Radhakrishna, Aneesh Reddy, Neeraj Jawalkar, Sanjay Anandaram, Pavan Ongole, Venk Krishnan"	Seed Funding	"4,00,000"	Yes
2211	05-11-15	BookMyBai	Domestic Help Aggregation platform	nan	Mumbai	Vineel Nalla & Others	Seed Funding	"1,50,000"	Yes
2212	05-11-15	MyIndianStay	Home Stay & room rentals platform	nan	Goa	Undisclosed investors	Seed Funding	"2,00,000"	Yes
2213	05-11-15	Bobble	Selfie Mobile App	nan	New Delhi	SAIF Partners & others	Private Equity		No
2214	06-11-15	RepUp	Online Reputation Management Platform	nan	Gurgaon	Indian Angel Network	Seed Funding		No
2215	06-11-15	Satvacart	Online Grocery platform	nan	Gurgaon	Undisclosed HNIs	Private Equity	"18,00,000"	Yes
2216	06-11-15	POPxo.com	Online content platform for women	nan	New Delhi	"IDG Ventures India, Kalaari Capital, 500 Startups"	Private Equity	"20,00,000"	Yes
2217	06-11-15	SparesHub	Online Vehicle Spare Parts etailer	nan	Pune	"Hyderabad Angels, M&S Partners"	Seed Funding	"4,60,000"	Yes
2218	06-11-15	Explara	Event Ticketing platform	nan	Pune	"Hyderabad Angels, Singapore Angel Network, Ness Wadia"	Private Equity	"4,90,000"	Yes
2219	06-11-15	Soothe Healthcare	affordable Personal Healthcare Products	nan	Noida	Saina Nehwal	Seed Funding		No
2220	06-11-15	Yuvi Hospitality	Premium dining Lounges & restaurants	nan	Gurgaon	Chandralekha Construction Pvt. Ltd.	Private Equity	"1,50,00,000"	Yes
2221	09-11-15	AppVirality	Mobile Growth Hacking\\nPlatform	nan	Hyderabad	"Rajan Anandan, Mike Galgon, Ravi Gururaj, Ashim Mehra,\\xc2\\xa0 Mohit Saxena, Internet Group, TNN Capital and others"	Seed Funding	"5,00,000"	Yes
2222	09-11-15	iStar Skill Development	Skill Training Startup	nan	Bengaluru	"Michael & Susan Dell Foundation, Unitus Seed Fund"	Private Equity	"15,00,000"	Yes
2223	09-11-15	BigStylist.com	Beauty and Wellness Marketplace	nan	Mumbai	Info Edge	Private Equity	"10,00,000"	Yes
2224	09-11-15	Zilingo	Marketplace App for Bangkok	nan	Bengaluru	"Sequoia India, BEENEXT Ventures, Kunal Shah & Sandeep Tandon"	Private Equity	"19,00,000"	Yes
2225	09-11-15	Didi	On-demand Maids Service Provider	nan	Mumbai	"Jozef Bardik, Leo Wang Sangeeth Ram"	Seed Funding	"1,50,000"	Yes
2226	09-11-15	Skoov.com	eCommerce Product Search Engine	nan	Mumbai	undisclosed investor	Seed Funding	"1,50,000"	Yes
2227	10-11-15	Chefs Basket	Ready to cook packaged Foods	nan	Mumbai	"SAIF Partners, Haresh Chawla"	Private Equity	"60,00,000"	Yes
2228	11-11-15	Gingercrush	Product Customization Platform	nan	Vadodara	TV Mohandas Pai\\xe2\\x80\\x99s family office	Seed Funding		No
2229	11-11-15	Delight Foods	Branded Food products online sales	nan	Bengaluru	"Lensbridge Capital, Mape Advisory Group, Fireside Ventures"	Private Equity	"6,00,000"	Yes
2230	11-11-15	6Degree	Talent platform for Fashion professionals	nan	Goa	"Centre For Incubation & Business Acceleration (CIBA), Goa"	Seed Funding		No
2231	11-11-15	RenewBuy	Auto Insurance Online platform	nan	Gurgaon	Mount Nathan Advisors Pte Ltd	Seed Funding	"5,00,000"	Yes
2232	11-11-15	Grab	Hyperlocal Logistics Service Provider	nan	Mumbai	Sixth Sense Ventures	Seed Funding		No
2233	12-11-15	Hitwicket	Cricket Management Mobile Game	nan	Hyderabad	Chennai Angels	Seed Funding	"2,50,000"	Yes
2234	13-11-15	Flashdoor	On Demand Laundry Service platform	nan	Bengaluru	"Sujeet Kumar, Ankit Nagori, Traxcn Labs"	Seed Funding		No
2235	16-11-15	Cashkaro.com	Ecommerce Discount & Cashback coupons platform	nan	Gurgaon	Kalaari Capital	Private Equity	"37,00,000"	Yes
2236	16-11-15	Absentia	Virtual Reality Headset creator	nan	Bengaluru	"Astarc Ventures, 50K Ventures & others"	Seed Funding	"1,80,000"	Yes
2237	16-11-15	Renowala	Home Improvement Service platform	nan	Hyderabad	Logtally	Seed Funding		No
2238	16-11-15	TaskBucks	mobile-only tasks marketplace	nan	New Delhi	Times Internet	Private Equity	"1,50,00,000"	Yes
2239	17-11-15	CraftsVilla	Women Ethnic Wear Online Marketplace	nan	Mumbai	"Sequoia India, Lightspeed Venture Partners, Nexus Venture Partners, Global Founders Capital, Apoletto"	Private Equity	"3,40,00,000"	Yes
2240	17-11-15	Julia Computing	Numerical Computing & Data Science Platform	nan	Bengaluru	Gordon and Betty Moore Foundation	Seed Funding	"6,00,000"	Yes
2241	17-11-15	StyleTag	Designer fashion Jewellery Marketplace	nan	Bengaluru	Jitu Virwani	Seed Funding	"75,00,000"	Yes
2242	17-11-15	Smytten	Online Products Discovery Platform	nan	Gurgaon	"Rimpal Chawla, Anuj Srivastava"	Seed Funding	"2,00,000"	Yes
2243	17-11-15	BiBox	Kids Tool kit for Innovation platform	nan	Bengaluru	Ravi Krishnamurthy	Seed Funding	"5,30,000"	Yes
2244	17-11-15	Convegenius	Mobile Learning Solutions	nan	Noida	Enablers platform	Seed Funding	"3,00,000"	Yes
2245	18-11-15	Ola	Car Aggregator & Retail Mobile App	nan	Bengaluru	"Baillie Gifford, Falcon Edge Capital, Tiger Global, SoftBank Group, DST Global, Didi Kuaidi"	Private Equity	"50,00,00,000"	Yes
2246	18-11-15	Goodbox	conversational commerce mobile app	nan	Bengaluru	Nexus Venture Partners	Private Equity	"25,00,000"	Yes
2247	18-11-15	ScoopWhoop	Viral Content web Platform	nan	New Delhi	Kalaari Capital	Private Equity	"40,00,000"	Yes
2248	18-11-15	Hipship	Express local delivery platform	nan	Bengaluru	"Inara Capital , Rishi Khiani"	Seed Funding		No
2249	18-11-15	Pickrr	On-Demand Local Logistics provider	nan	New Delhi	Palaash Ventures	Seed Funding		No
2250	18-11-15	Truelancer	Curated Freelancer Marketplace	nan	New Delhi	"Blackstone Valley Group, Raghu Vohra, Aditya Dev Sood, Kamal Bansal"	Seed Funding		No
2251	19-11-15	AHA Taxis	Online Taxi Rental Platform	nan	Noida	ah! Ventures	Seed Funding		No
2252	19-11-15	UrbanClap	Mobile Services Marketplace	nan	Gurgaon	"Bessemer Venture Partner, Accel, SAIF Partners"	Private Equity	"2,50,00,000"	Yes
2253	19-11-15	SenseGiz	Smartwatch Maker	nan	Belgaum	Karnataka Semiconductor Venture Capital firm	Seed Funding	"5,00,000"	Yes
2254	19-11-15	PlaceofOrigin	Online Gourmet Food Marketplace	nan	Bengaluru	"S.D. Shibulal, Kris Gopalakrishnan, Srinath Batni, Professor Tarun Khanna,\\xc2\\xa0 Ganapathy Venugopal."	Seed Funding		No
2255	19-11-15	Fourseven	Online Jewellery etailer	nan	New Delhi	Indian Angel Network	Seed Funding	"4,55,000"	Yes
2256	20-11-15	MindTickle	Sales & Productivity Software	nan	Pune	New Enterprise Associates	Private Equity	"1,25,00,000"	Yes
2257	20-11-15	Shopsense	ecommerce related software product platform	nan	Mumbai	"Kae Capital, Kunal Bahl, Rohit Bansal"	Seed Funding		No
2258	20-11-15	Medinfi	Health-Tech platform	nan	Bengaluru	"Ram Kumar Kakani, Pradeep K Jaisingh, Sunil T V, Vijay Ghadge, Hemant Kaul, Gurmeet Chahal & Others"	Seed Funding	"3,05,000"	Yes
2259	20-11-15	OUWT	Nightlife Discovery Mobile App	nan	Mumbai	Undisclosed investors	Seed Funding	"1,50,000"	Yes
2260	20-11-15	HeyPillow	Online Real Estate Marketplace	nan	Bengaluru	Hampton Capital	Private Equity	"30,00,000"	Yes
2261	21-11-15	Healers At Home	"Home Healthcare Services platform,"	nan	New Delhi	"Daljit Singh, Dr. Pramath Raj Sinha, BVR Mohan Reddy"	Seed Funding		No
2262	21-11-15	Caravan Craft	Indian Ethnic Crafts Etailer	nan	Bengaluru	"Unitus Seed Fund, Bijou Kurien, Narayan Ramachandran"	Private Equity	"12,00,000"	Yes
2263	21-11-15	Talkoot	Social platform for traders and investors	nan	Bengaluru	Undisclosed investors	Seed Funding	"1,00,000"	Yes
2264	23-11-15	RentoMojo	"Online Furniture, Home Appliances Rental Platform"	nan	Bengaluru	"IDG Ventures India,\\xc2\\xa0 Accel Partners India"	Private Equity	"20,00,000"	Yes
2265	23-11-15	Medikoe	Healthcare Services Discovery platform	nan	Bengaluru	Anil Menon	Seed Funding	"1,00,000"	Yes
2266	24-11-15	Stylofie	Health and Beauty Services Marketplace	nan	Gurgaon	Swastika	Seed Funding	"2,50,000"	Yes
2267	24-11-15	ServX	Automotive Services platform	nan	New Delhi	Manish Gupta	Seed Funding		No
2268	24-11-15	Naaptol	Online and TV Shopping Marketplace	nan	Mumbai	"Mitsui & Co., New Enterprise Associates, Canaan Partners, Silicon Valley Bank"	Private Equity	"5,20,00,000"	Yes
2269	24-11-15	Crayon Data	Big Data Analytics Platform	nan	Chennai	Ratan Tata	Private Equity		No
2270	25-11-15	EarlySalary.com	Mobile App based Loan disbursement platform	nan	Mumbai	Ashok Agarwal	Seed Funding	"15,00,000"	Yes
2271	25-11-15	Tooler	On Demand Laundry Services App	nan	New Delhi	"Raghu Khanna, Sameer Gupta"	Seed Funding	"1,10,000"	Yes
2272	25-11-15	S Chand	Education Content Provider	nan	New Delhi	IFC Everstone Group	Private Equity	"2,70,00,000"	Yes
2273	26-11-15	Stelae	Content Management Software Solutions	nan	Chennai	Earlsfield Capital	Private Equity		No
2274	26-11-15	GoQii	Fitness Tracking Management Solutions	nan	Mumbai	"New Enterprise Associates, Cheetah Mobile"	Private Equity	"1,34,00,000"	Yes
2275	26-11-15	Grofers	Hyper-local Grocery Delivery platform	nan	Gurgaon	"Softbank, Tiger Global, Sequoia Capital, Apoletto Managers"	Private Equity	"12,00,00,000"	Yes
2276	26-11-15	Pluss	Hyperlocal healthcare product Delivery Service provider	nan	Gurgaon	"IDG Ventures, M & S partners, Powerhouse Ventures (USA)."	Private Equity	"10,00,000"	Yes
2277	26-11-15	KountMoney	Online Lending Marketplace	nan	Bengaluru	"Tracxn, Ashish Goenka & Others"	Seed Funding		No
2278	27-11-15	StayGlad	On Demand Beauty Services Platform	nan	Bengaluru	"Bessemer Venture Partners, Anil Chopra"	Private Equity		No
2279	27-11-15	JustRide	Self Driven Rental Car Platform	nan	Mumbai	N/A	Private Equity	"20,00,000"	Yes
2280	27-11-15	Fastudent	Education Content etailer	nan	Noida	Ashish Gupta	Seed Funding		No
2281	27-11-15	LearnOn	Clud based Learning platform	nan	Chennai	JMR Infotech India Pvt Ltd	Seed Funding		No
2282	27-11-15	Talentrack	Talent Exchange & Talent Services Marketplace	nan	New Delhi	Unigrowth Inc	Seed Funding		No
2283	28-11-15	M-TAXI	Two-Wheeler Taxi Service	nan	Gurgaon	"Mandeep Singh, Jairaj Singh"	Seed Funding		No
2284	30-11-15	Baxi	Two-Wheeler Taxi Service	nan	Gurgaon	"Manish Kheterpal, Alok Mittal,\\xc2\\xa0 Puneet Dalmia,"	Seed Funding	"14,50,000"	Yes
2285	30-11-15	Superhero Brands	character merchandize sales platform	nan	Mumbai	DSG Consumer Partners	Seed Funding	"5,40,000"	Yes
2286	30-11-15	MoMagic	Mobile Application Developer	nan	New Delhi	FIH Mobile Ltd	Private Equity		No
2287	30-11-15	QikPod	Ecommerce Delivery locker services	nan	Bengaluru	"Flipkart, Accel Partners, Delhivery, Foxconn"	Private Equity	"90,00,000"	Yes
2288	30-11-15	Butterfly Interactive	extra curricular activities marketplace app	nan	New Delhi	Undisclosed investors	Seed Funding		No
2289	30-11-15	Bro4U	Hyperlocal Online Home services provider	nan	Bengaluru	Sargod Ventures	Seed Funding		No
2290	01-10-15	Indifi	Easy Business Loans platform	nan	Gurgaon	"Accel Partners, Elevar Equity, Pramod Bhasin, Rajan Anandan, Gaurav Dalmia, Abhishek Goyal, Gagan Hasteer , Arun Tadanki"	Seed Funding		No
2291	01-10-15	Wydr	Performance based Wholesale Marketplace	nan	New Delhi	Sandeep Aggarwal	Seed Funding		No
2292	01-10-15	EasyFix	Professional Services Marketplace	nan	Gurgaon	Axilor Ventures	Seed Funding		No
2293	01-10-15	Muvizz	Movie-on-demand platform	nan	Singapore	"Ashish Todi, Abhinav Patodia, Kumar Shwetabh"	Seed Funding	"3,50,000"	Yes
2294	01-10-15	Abhibus	us ticketing and fleet management platform	nan	Hyderabad	Paytm (One97 communications)	Private Equity		No
2295	01-10-15	Cleartax	Online Income Tax Filing platform	nan	New Delhi	Paytm (One97 communications)	Private Equity		No
2296	02-10-15	Shopalyst	Product discovery & recommendation platform	nan	Bengaluru	Kalaari Capital	Private Equity	"20,00,000"	Yes
2297	03-10-15	Chillr	Mobile Payments App	nan	Mumbai	Sequoia Capital	Private Equity	"60,00,000"	Yes
2298	05-10-15	Nykaa	Beauty & Wellness Products e-tailer	nan	Mumbai	"Harsh Mariwala, Atul Nishar, Dalip Pathak, Michael Carlos"	Private Equity	"95,00,000"	Yes
2299	05-10-15	Voylla	Fashion jewelry and accessories e-tailer	nan	Jaipur	Peepul Capital	Private Equity	"1,50,00,000"	Yes
2300	05-10-15	IndiaLends	Online Consumer Lending platform	nan	New Delhi	"DSG consumer Partners, Paragon Partners"	Private Equity	"10,00,000"	Yes
2301	05-10-15	Rock N Shop	Premium Apparel shopping portal	nan	New Delhi	High Networth Individuals (undisclosed)	Seed Funding	"1,50,000"	Yes
2302	06-10-15	DocPlexus	Exclusive Platform for Doctors & Healthcare professionals	nan	Pune	"Uniqorn ventures, ASP Consulting"	Seed Funding	"7,00,000"	Yes
2303	06-10-15	WorkIndia	Job Board	nan	Mumbai	"Satyen Kothari, Keshav Sanghi, Riddhesh Gandhi & Others"	Seed Funding	"5,00,000"	Yes
2304	06-10-15	SportzVillage	Sports Management & Physical Education Business	nan	Bengaluru	Gaja Capital Private Equity Fund	Private Equity	"1,00,00,000"	Yes
2305	06-10-15	SportyBeans	multi-sport program for preschoolers	nan	Pune	YouWeCan Ventures	Seed Funding		No
2306	06-10-15	Burger Singh	QSR & Online delivery portal	nan	Gurgaon	"Ashvin Chadha, Avtar Monga, Udaan Angels, Dheeraj Jain"	Seed Funding	"5,00,000"	Yes
2307	06-10-15	Welcome Cure	Online Homeopathy Clinic	nan	Mumbai	Unnamed Media house and HNIs	Private Equity	"60,00,000"	Yes
2308	07-10-15	SchoolGuru	E-Learning Service Provider	nan	Mumbai	High Networth Individuals from India & USA	Private Equity	"30,00,000"	Yes
2309	07-10-15	Naturally Yours	Organic Food etailer	nan	Mumbai	Sanjay Mehta	Seed Funding		No
2310	07-10-15	GoJavas	Delivery & Logistics Service provider	nan	Gurgaon	Snapdeal	Private Equity	"2,00,00,000"	Yes
2311	07-10-15	Scandid	Product Discovery & comparison App	nan	Pune	Micromax Informatics	Private Equity		No
2312	07-10-15	StalkBuyLove	Online Apparels Fashion brand	nan	New Delhi	"Mato Peric, Peter Kabel & others"	Private Equity		No
2313	08-10-15	ZuperMeal	Home Cooked Food marketplace & Delivery	nan	Mumbai	"Sanjeev Kapoor,\\xc2\\xa0 Ravi Saxena & Others"	Private Equity	"20,00,000"	Yes
2314	08-10-15	Cube26	Gesture based Mobile Development	nan	New Delhi	"Tiger Global Management, Flipkart"	Private Equity	"77,00,000"	Yes
2315	08-10-15	Mobikon	Hotel Mobile CRM Software platform	nan	Pune	"Life.SREDA, Qualgro"	Private Equity		No
2316	08-10-15	Grabhouse	Rental Accommodation Search platform	nan	Bengaluru	Sequoia and Kalaari Capital.	Private Equity	"1,00,00,000"	Yes
2317	08-10-15	Quifers	Logistics Tech Platform	nan	Mumbai	"Vikas Agarwal, Vishal Khare, Sanjeev Kakkar, Smile Group"	Seed Funding	"3,10,000"	Yes
2318	09-10-15	Stockroom.io	Developer Portfolio Showcase platform	nan	Hyderabad	Undisclosed Investors	Seed Funding	70000.00	Yes
2319	09-10-15	Curofy	Doctors Network Mobile App	nan	New Delhi	RoundGlass Partners	Private Equity		No
2320	09-10-15	Cloud Lending	End-to-End Lending platform	nan	Bengaluru	SF Capital Group	Private Equity	"80,00,000"	Yes
2321	09-10-15	Inayo	on-demand healthcare marketplace	nan	Mumbai	"Kemark Ventures, Amit Ranjan, Zishaan Hayath and Others"	Seed Funding	"3,00,000"	Yes
2322	09-10-15	WoNoBo	360-degree view creating platform	nan	Bengaluru	Quikr	Private Equity		No
2323	09-10-15	Kulzy	Advertising & Marketing Community Networking platform	nan	New Delhi	"Seedfund, Bedrock Ventures"	Seed Funding	"10,00,000"	Yes
2324	09-10-15	Zeppery	Food Ordering & Delivery App	nan	New Delhi	Suyash Sharma	Seed Funding	77000.00	Yes
2325	12-10-15	Zify	Ride Sharing platform	nan	Hyderabad	Sean O\\xe2\\x80\\x99Sullivan & Others	Seed Funding	"1,90,000"	Yes
2326	12-10-15	Faircent	Online P2P lending marketplace	nan	Gurgaon	Aarin Capital Partners	Private Equity		No
2327	12-10-15	Bizongo	B2B marketplace for industrial goods	nan	Mumbai	Accel Partners	Seed Funding		No
2328	12-10-15	Gridle	Cloud Based Collaboration platform	nan	Ahmedabad	LetsVenture	Seed Funding	"1,00,000"	Yes
2329	12-10-15	Tripoto	global community for travellers	nan	New Delhi	"500 Startups, IDG Ventures & Advantedge fund, Neeraj Arora, Leon Seynave"	Private Equity		No
2330	12-10-15	Mubble	Prepaid Bill manager App	nan	Bengaluru	Accel Partners	Private Equity		No
2331	13-10-15	Voodoo	Mobile Only Shopping Assistant	nan	New Delhi	SAIF Partners	Seed Funding	"10,00,000"	Yes
2332	13-10-15	Lookup	Mobile Messaging Assistant App	nan	Bengaluru	"Khosla Impact, Biz Stone, Catamaran Ventures, Global Founders Capital, European investment fund"	Private Equity	"25,00,000"	Yes
2333	14-10-15	AskMyGift	Personalized Wish List creator app	nan	Noida	Turning Ideas	Seed Funding	50000.00	Yes
2334	14-10-15	Gaana.com	Music Streaming mobile app	nan	Mumbai	Micromax Informatics Ltd	Private Equity		No
2335	14-10-15	Zappfresh	Raw Meat & Ready to eat food etailer	nan	Gurgaon	Undisclosed Investors	Seed Funding	77000.00	Yes
2336	14-10-15	GymTrekker	Gym Discovery platform	nan	Mumbai	"Dewang Neralla,Roopak Taneja, Manisha Gupta"	Seed Funding		No
2337	15-10-15	Bounty App	Online Purchase rewards app	nan	Bengaluru	"Fireside Ventures, Mumbai Angels MAPE Advisory Group."	Seed Funding		No
2338	16-10-15	Homers.in	Home rental platform	nan	Gurgaon	"Devesh Rai G, Rajesh Aggarwal, Amitpal Bhutani"	Seed Funding		No
2339	16-10-15	mShipper	Crowdsourced Delivery platform	nan	New Delhi	Vijai Laxmi	Seed Funding		No
2340	16-10-15	BolRealty	Real Estate Insights platform	nan	New Delhi	Manpreet Singh	Seed Funding		No
2341	17-10-15	S-Cube Futuretech	Structural & Civil Engg Service Automation	nan	Mumbai	Parampara Capital	Private Equity	"10,00,000"	Yes
2342	19-10-15	LetsVenture	Startup Funding Marketplace	nan	Bengaluru	"Accel Partners, Anupam Mittal & other marquee investors"	Private Equity		No
2343	19-10-15	Citrus Payment	Payments Solution platform	nan	Mumbai	"Sequoia Capital, Ascent Capital, eContext Asia, Beenos Asia"	Private Equity	"2,50,00,000"	Yes
2344	19-10-15	Holidify	Travel Destination Discovery platform	nan	New Delhi	Aarti Group	Seed Funding	"1,00,000"	Yes
2345	20-10-15	PrimaSeller	Order Fulfillment SAAS platform	nan	Bengaluru	"Dr. Aniruddha Malpani Manish Gupta, M&S Partners & others"	Seed Funding		No
2346	20-10-15	Opinio	Last Mile Delivery Service	nan	Bengaluru	"Delhivery, Sands Capital and Accel Partners"	Private Equity	"70,00,000"	Yes
2347	20-10-15	Attune Technologies	Healthcare IT Solutions & services	nan	Chennai	"Qualcomm Venture, Norwest Venture Partners"	Private Equity	"1,00,00,000"	Yes
2348	20-10-15	iChef.in	Gourmet Meals Delivery	nan	Mumbai	Springboard Ventures	Private Equity		No
2349	21-10-15	Jiyo Natural	Healthy Meals Food delivery platform	nan	Bengaluru	Indian Angel Network	Seed Funding		No
2350	21-10-15	AgentDesks	Real Estate Mobile CRM	nan	Not Specified	"Sierra Ventures, Cota Capital, Vegas Tech Fund"	Seed Funding	"29,50,000"	Yes
2351	21-10-15	White Owl Brewery	Micro-Brewery	nan	Mumbai	"Arihant Patni, RAAY Global Investments"	Private Equity	"15,30,000"	Yes
2352	21-10-15	MealHopper	Home Made Food Marketplace	nan	Gurgaon	"Alok Bajpai, Rajnish Kumar, Amit Dey"	Seed Funding	"1,00,000"	Yes
2353	21-10-15	Zenify.in	residential rental management platform	nan	Bengaluru	"Atul Jalan, Shrikanth & Bharath"	Seed Funding	"6,40,000"	Yes
2354	21-10-15	Stockal	Personalized Stock Intelligence Platform	nan	Bengaluru	"R Natarajan, Mohan Alexander"	Seed Funding		No
2355	23-10-15	Medd	Personal Diagnostic Mobile App	nan	Mumbai	Group of Angel investors	Seed Funding	"1,50,000"	Yes
2356	23-10-15	Leaping Caravan	Online food ordering & Delivery service	nan	Gurgaon	Group of Angel investors	Seed Funding	"1,50,000"	Yes
2357	23-10-15	Frsh	Online food ordering & Delivery service	nan	Gurgaon	"Mumbai Angels, Mayank Bhangdia, Kae Capital"	Private Equity	"10,00,000"	Yes
2358	23-10-15	Qik Stay	Hotel Aggregator & booking platform	nan	New Delhi	ID Enablers Pvt Ltd	Seed Funding	"2,50,000"	Yes
2359	26-10-15	Parcelled	Online Logistics Platform	nan	Bengaluru	Delhivery	Private Equity	"50,00,000"	Yes
2360	26-10-15	AlmaMapper	Online Student & Campus Social Networking platform	nan	Ahmedabad	Oswal Techno Ventures LLP	Seed Funding	"4,00,000"	Yes
2361	26-10-15	Flexing It	Professionals & Project Search Marketplace	nan	New Delhi	undisclosed private investors	Seed Funding	"5,00,000"	Yes
2362	26-10-15	Netmeds.com	Online Pharmacy	nan	Chennai	"OrbiMed, Pradip Dadha Group"	Private Equity	"5,00,00,000"	Yes
2363	26-10-15	Razorpay	Online Payment Gateway	nan	Jaipur	"Tiger Global Management, Matrix Partners"	Private Equity	"90,00,000"	Yes
2364	27-10-15	Jombay	Psychometric Test Online Software	nan	Pune	Ventureworks India	Private Equity		No
2365	27-10-15	Happitoo	Location based Nightlife recommendation Platform	nan	Mumbai	Unnamed investor	Seed Funding	77000.00	Yes
2366	27-10-15	Care24	Professional Health Services Platform	nan	Mumbai	India Quotient	Seed Funding	"3,50,000"	Yes
2367	27-10-15	Roadrunnr	Hyperlocal Logistics Service	nan	Bengaluru	"Sequoia Capital, Nexus Venture Partners"	Private Equity	"1,00,00,000"	Yes
2368	27-10-15	Simpli5d	Online user engagement platform	nan	Gurgaon	"Redcliffe Capital, YourNest Angel Fund"	Private Equity		No
2369	28-10-15	ORIGA Leasing	Asset Financing platform	nan	Mumbai	"ah! Ventures, 500 Startups & Other HNIs"	Seed Funding	"11,00,000"	Yes
2370	28-10-15	Smartivity.in	Virtual Reality activity based learning platform	nan	New Delhi	S Chand and Co Pvt Ltd	Seed Funding	"2,00,000"	Yes
2371	28-10-15	UrDoorStep	Online Grocery Store	nan	Bengaluru	Jupiter Capital	Private Equity		No
2372	29-10-15	Tavaga	Investment management platform	nan	Mumbai	Tracxn Syndicate	Seed Funding		No
2373	29-10-15	Moglix	Industrial Toons Marketplace	nan	Noida	"Accel Partner, Jungle Ventures"	Private Equity		No
2374	29-10-15	ZopHop	Public Commute helper App	nan	Mumbai	"Amit Singhal, PK Gulati & others"	Seed Funding	"4,50,000"	Yes
2375	30-10-15	Niki.ai	Artificial Intelligence Ecommerce Chatbot	nan	Bengaluru	Unilazer Ventures	Seed Funding		No
2376	30-10-15	Instavans	Truck Aggregator & Logistics service	nan	Bengaluru	Suresh Vaswani	Seed Funding		No
2377	30-10-15	LiftO	Ridesharing Mobile app	nan	Mumbai	"Rajesh Bhatia, Dheeraj Mehta & Others"	Seed Funding	"1,30,000"	Yes
2378	30-10-15	TinyOwl	Food Discovery & Delivery Mobile app	nan	Mumbai	"Sequoia Capital, Matrix Partners"	Private Equity	"75,00,000"	Yes
2379	30-10-15	Toppr.com	Competitive exam learning platform	nan	Mumbai	InnoVen Capital	Private Equity	"20,00,000"	Yes
2380	30-10-15	Kleeto	Document Digitization platform	nan	Gurgaon	GREX	Seed Funding	"2,30,000"	Yes
2381	30-10-15	BeaconsTalk	proximity marketing & Mobile Advertising platform	nan	Mumbai	Puneet Bhatia & others	Seed Funding	80000.00	Yes
2382	31-10-15	Jugnoo	Autorickshaw Aggregator & Booking platform	nan	Chandigarh	Paytm	Private Equity	"1,00,00,000"	Yes
2383	01-09-15	TOFlo	FinTech Startup Incubation platform	nan	Mumbai	Tania Johny Palathinkal	Seed Funding	"1,00,000"	Yes
2384	01-09-15	FXMartIndia	Payment Services platform	nan	Chandigarh	Flipkart	Private Equity		No
2385	01-09-15	Stylecracker	Personalized Styling platform	nan	Mumbai	Group of HNI investors	Private Equity	"10,00,000"	Yes
2386	01-09-15	Luxuryhues	Luxury goods Shopping Platform	nan	Gurgaon	Reliance Capital	Private Equity	"9,00,000"	Yes
2387	02-09-15	HolaChef	Food Delivery Platform	nan	Mumbai	Ratan Tata	Private Equity		No
2388	02-09-15	Zivame	Online Lingerie Marketplace	nan	Bengaluru	"Zodius Technology Fund, Khazanah Nasional Berhad"	Private Equity	"4,00,00,000"	Yes
2389	02-09-15	Capillary Tech	Cloud software solutions	nan	New Delhi	"Warburg Pincus, Sequoia Capital, Norwest Venture Partners"	Private Equity	"4,50,00,000"	Yes
2390	03-09-15	Jobspire	Job Search Platform	nan	Bengaluru	Purvi Capital	Seed Funding	"2,60,000"	Yes
2391	03-09-15	MeraDoctor	Doctor consultancy Mobile App	nan	Mumbai	India Quotient & other investors	Seed Funding		No
2392	03-09-15	Vistaar Finance	Small Business Financing (NBFC)	nan	Bengaluru	"WestBridge Capital, Omidyar Network, Elevar Equity, Saama Capital,\\xc2\\xa0 Lok Capital"	Private Equity	"4,00,00,000"	Yes
2393	03-09-15	HiJinny	Beauty & Wellness Services Marketplace	nan	Mumbai	CMYK Health Boutique Pvt Ltd & Other individual investors	Seed Funding		No
2394	04-09-15	Clapsnslaps	Online Movie Review Platform	nan	Mumbai	R M Picture Company Pvt. Ltd.	Seed Funding	"1,50,000"	Yes
2395	04-09-15	Blubox	ECommerce Brands\\xe2\\x80\\x99 Full Service Agency	nan	Mumbai	Ashish Jhalani	Seed Funding	"1,00,000"	Yes
2396	04-09-15	RoomCentral	Cloud-based Hotel Booking Platform	nan	Bengaluru	Karanpal Singh	Seed Funding	"20,00,000"	Yes
2397	07-09-15	YouthKiAwaaz	Community Driven News/Views Platform	nan	New Delhi	"Raghav Bahl, Ritu Kapur"	Seed Funding	"6,00,000"	Yes
2398	07-09-15	Prozo	Study Material Marketplace	nan	New Delhi	"Nalin Jain, Shomil Pant, Dinesh Kundu & others"	Seed Funding	"2,05,000"	Yes
2399	07-09-15	Zomato	Restaurant Ratings & Reviews platform	nan	Gurgaon	"Temasek, Vy Capital"	Private Equity	"6,00,00,000"	Yes
2400	07-09-15	Sahayog Dairy	Dairy Based Product Manufacturer	nan	Bhopal	Acumen Fund	Private Equity	"18,00,000"	Yes
2401	08-09-15	MockBank	Government Test Preparation platform	nan	Bengaluru	Blume Ventures	Seed Funding	"4,00,000"	Yes
2402	08-09-15	ReportBee	Smart Report Cards for Schools	nan	Chennai	India Educational Investment Fund	Seed Funding		No
2403	08-09-15	GuruG Learning	Teacher empowerment platform	nan	Bengaluru	India Educational Investment Fund	Seed Funding		No
2404	10-09-15	OnlineTyari	Multilingual Test Preparation Platform	nan	Gurgaon	"500 Startups, TV Mohandas Pai, Tandem Capital, Vikram Chachra, Aloke Bajpai"	Private Equity	"7,70,000"	Yes
2405	10-09-15	IndustryBuying	Industrial Tools Marketplace	nan	New Delhi	"Kalaari Capital, SAIF Partners, Beenextan investment fund"	Private Equity	"92,00,000"	Yes
2406	10-09-15	The/Nudge Foundation	Non Profit Organization to alleviate poverty	nan	Bengaluru	"Nanadan Nilekani, InMobi, Paytm"	Seed Funding	"3,15,000"	Yes
2407	11-09-15	FitMeIn	Gym & Fitness Studios Subscription platform	nan	New Delhi	Green House Ventures	Seed Funding	"1,00,000"	Yes
2408	11-09-15	Envoged	pre-used luxury item Marketplace	nan	Mumbai	"Ankush Nijhawan, Manish Dhingra, Gaurav Bhatnagar"	Seed Funding		No
2409	11-09-15	Zapyle	pre-used apparel shopping mobile app	nan	Bengaluru	N/A	Seed Funding	"10,00,000"	Yes
2410	11-09-15	Renomania	Home Design & D\\xc3\\xa9cor platform	nan	New Delhi	Subodh Gupta	Seed Funding		No
2411	12-09-15	CredR	Used Vehicles Marketplace	nan	Mumbai	Eight Road Ventures	Private Equity	"1,50,00,000"	Yes
2412	12-09-15	YatraGenie	Online Bus & Cab ticketing platform	nan	Hyderabad	Ash Bhardwaj	Private Equity		No
2413	14-09-15	CanvasFlip	Mobile App testing platform	nan	Hyderabad	Bessemer Venture Partners	Seed Funding	"12,00,000"	Yes
2414	14-09-15	Shadowfax	Hyperlocal Delivery Services	nan	Gurgaon	Eight Roads Ventures	Private Equity	"90,00,000"	Yes
2415	14-09-15	UE Life Sciences	Early Cancer Detection Solutions	nan	Not Specified	"Aarin Capital, Unitus Seed Fund"	Private Equity	"30,00,000"	Yes
2416	14-09-15	Ola Cabs	Cab rental Mobile app	nan	Bengaluru	"Falcon Edge Capital, NY based Hedge Fund, Tiger Global, Softbank"	Private Equity	"22,50,00,000"	Yes
2417	15-09-15	Coverfox	Online Insurance Distribution Platform	nan	Mumbai	Cataraman Ventures	Private Equity	"20,00,000"	Yes
2418	15-09-15	MoEngage	Mobile Marketing Automation Platform	nan	Bengaluru	"Helion Venture Partners, Exfinity Ventures"	Private Equity	"42,50,000"	Yes
2419	15-09-15	Mubble	Prepaid Mobile Bill Manager App	nan	Bengaluru	Nandan Nilekani	Seed Funding		No
2420	15-09-15	Tea Trails	Chain of Tea Caf\\xc3\\xa9\\xe2\\x80\\x99s	nan	Mumbai	"Anil Matai, Vikram Tandon, Shyam Sundar R & others"	Seed Funding	"10,00,000"	Yes
2421	15-09-15	Room on Call	Branded Budget Hotel Marketplace	nan	Noida	Payal Syal	Seed Funding	"3,00,000"	Yes
2422	15-09-15	FYNE	Home Fitting & Fixtures Marketplace	nan	Bengaluru	Sandeep Dama & Others	Seed Funding		No
2423	16-09-15	ChaiPoint	Food Subscription platform	nan	Bengaluru	Eight Roads Ventures	Private Equity	"1,00,00,000"	Yes
2424	16-09-15	WedmeGood.com	Wedding Planning Platform	nan	Gurgaon	Indian Angel Network	Seed Funding	"4,10,000"	Yes
2425	16-09-15	XSTOK	B2B Mobile Auction Marketplace	nan	Mumbai	Oliphans Capital	Seed Funding	"4,50,000"	Yes
2426	17-09-15	UniLog	ECommerce Data Analytics Platform	nan	Bengaluru	Kalaari Capital	Private Equity		No
2427	17-09-15	Paintcollar	Designer Merchandize Marketplace	nan	Mumbai	Applyifi	Seed Funding		No
2428	17-09-15	YepMe	Private label Fashion eTailer	nan	Gurgaon	"Khazanah Nasional Berhad, Helion Venture Partners"	Private Equity	"7,50,00,000"	Yes
2429	17-09-15	Bueno	Online Food ordering & delivery	nan	Gurgaon	High Networth Individuals (No details)	Seed Funding	"6,00,000"	Yes
2430	18-09-15	Plabro	Real Estate Broker Platform App	nan	New Delhi	"Sachin Bansal & Binny Bansal, Sol Primero, Outbox Ventures, Sangram Singh"	Seed Funding	"3,50,000"	Yes
2431	18-09-15	CureJoy	Online Health & Wellness platform	nan	Bengaluru	"Accel Partners, Subrata Mitra, Larry Braitman, Venk Krishna"	Private Equity	"11,50,000"	Yes
2432	18-09-15	Briston Technomach	Internet of Things platform	nan	New Delhi	Undisclosed	Seed Funding	"1,50,000"	Yes
2433	18-09-15	LabStreet	Diagnostic Labs aggregator platform	nan	Gurgaon	Multiple investors	Seed Funding	"1,50,000"	Yes
2434	19-09-15	DailyNinja	Hyperlocal Delivery Platform	nan	Bengaluru	"Aprameya Radhakrishna, Naman Sarawagi, Afsal Salu,"	Seed Funding		No
2435	21-09-15	Portea Medical	Home Medical Care Services	nan	Bengaluru	"Accel Partners, International Finance Corporation (IFC), Qualcomm Ventures, Ventureast"	Private Equity	"3,75,00,000"	Yes
2436	21-09-15	Neotrade Analytics	Real-Time stock data platform	nan	Bengaluru	Rainmatter	Seed Funding	"2,35,000"	Yes
2437	21-09-15	DishCo	Food discovery & table booking app	nan	Mumbai	"Anand Mahindra, Uday Punj, Ashish Hemrajani, Sanjeev Mehra"	Seed Funding		No
2438	21-09-15	LafaLafa	coupons and cashback aggregator app	nan	Mumbai	500 Startups	Seed Funding	"1,25,000"	Yes
2439	21-09-15	ConnectAbank	Financial Products lead generation platform	nan	Mumbai	Prakhar Bumb	Seed Funding		No
2440	22-09-15	VillFarm	Sustainable Agri-inputs Firm	nan	Bengaluru	"Unitus Seed Fund, Rianta Capital, R Ramaraj, Sunil Edwards"	Seed Funding		No
2441	22-09-15	Bestdealfinance	Financial Services Portal	nan	Mumbai	"Kalaari Capital, YourNest Angel Fund"	Private Equity	"30,00,000"	Yes
2442	22-09-15	GameXS.in	Pre-owned games Marketplace	nan	New Delhi	Lead Angels	Seed Funding		No
2443	22-09-15	The Man Company	Content-based Subscription eCommerce platform	nan	New Delhi	"Karan Bajwa, Amanpreet Bajaj, Manish Vij"	Seed Funding		No
2444	22-09-15	Virtual Logic	"virtual reality, 3d simulation and stereoscopic products"	nan	Bengaluru	Swarnim Multiventures	Private Equity	"8,00,000"	Yes
2445	22-09-15	Furdo	Online Interior Designing platform	nan	Bengaluru	Bhavdeep Reddy	Seed Funding	"4,00,000"	Yes
2446	22-09-15	LogiNext	End-to-end Logistics platform	nan	Mumbai	Paytm	Private Equity	"1,00,00,000"	Yes
2447	22-09-15	Korra	Private Label Apparel sales	nan	New Delhi	Asha Jadeja Motwani & Others	Seed Funding	"3,00,000"	Yes
2448	23-09-15	Credihealth	Healthcare Consulting platform	nan	Gurgaon	Rajat Malhotra	Seed Funding		No
2449	23-09-15	Amigobulls	Stock Market Portal	nan	Bengaluru	"Sharad Sharma, Vijay Anand, Mohandas Pai. Pallav Nadhani, Singapore Angels Network & others"	Seed Funding		No
2450	23-09-15	SilverPush	Cross-device retargeting platform	nan	Gurgaon	M&S Partners	Private Equity	"12,00,000"	Yes
2451	23-09-15	Juggernaut	Digital & Physical Publishing platform	nan	New Delhi	"William Bissell, Neeraj Aggarwal, Nandan Nilekani"	Private Equity	"22,50,000"	Yes
2452	23-09-15	InnerChef	Food Delivery Platform	nan	New Delhi	"Phanindra Sama, Anupam Mittal, Vijay Shekhar Sharma, Vishal Gondal, Sateesh Andara & others"	Private Equity	"17,50,000"	Yes
2453	24-09-15	Quintype	Data Driven Publishing platform	nan	Bengaluru	Raghav Bahl	Private Equity	"33,00,000"	Yes
2454	24-09-15	Capabiliti	Employee OnBoarding & Orientation platform	nan	Noida	"500 Startups, Smile Multimedia, Kunal Bahl, Rohit Bansal, Girish Matrubootham"	Seed Funding	"4,00,000"	Yes
2455	24-09-15	Fourth Partner Energy	Solar Power Solutions company	nan	Hyderabad	"Infuse Ventures, The Chennai Angels"	Private Equity	"20,00,000"	Yes
2456	24-09-15	Licious	Online Meat Ordering platform	nan	Bengaluru	"Kanwaljit Singh, TV Mohandas Pai"	Seed Funding	"10,00,000"	Yes
2457	25-09-15	TravelKhana	online meal-booking platform for train travelers	nan	New Delhi	Astarc Ventures & Others	Seed Funding		No
2458	28-09-15	Quickli	hyperlocal delivery platform	nan	New Delhi	"500 Startups, Mato Peric & Others"	Seed Funding		No
2459	28-09-15	Ola Cabs	Cab Booking app platform	nan	Bengaluru	Didi Kuaidi	Private Equity	"3,00,00,000"	Yes
2460	29-09-15	Paytm	E-Commerce & M-Commerce platform	nan	New Delhi	"Alibaba Group, Ant Financial"	Private Equity	"68,00,00,000"	Yes
2461	29-09-15	Inmobi	Mobile Advertising platform	nan	Bengaluru	Tennenbaum Capital Partners & Others	Private Equity	"10,00,00,000"	Yes
2462	29-09-15	Peppertap	Hyperlocal Grocery Delivery	nan	Gurgaon	"Sequoia India, SAIF Partners."	Private Equity	"3,60,00,000"	Yes
2463	29-09-15	Hugefly	Ecommerce Product recommendation platform	nan	Pune	Mayank Singhal and others	Seed Funding		No
2464	29-09-15	Brigge	Activity Based Social Network	nan	Chennai	The Chennai Angels	Seed Funding		No
2465	29-09-15	Zakoopi	Fashion Discovery platform	nan	New Delhi	Uniqorn Ventures	Seed Funding	"3,50,000"	Yes
2466	29-09-15	LoanCircle	Consumer lending marketplace	nan	Bengaluru	"Zishaan Hayath, Rahul Khanna & Others"	Seed Funding		No
2467	30-09-15	Infoworks	Big Data Management Platform	nan	Bengaluru	"Nexus Venture Partners, Knoll Ventures and others"	Private Equity	"50,00,000"	Yes
2468	30-09-15	RedDoorz	Budget Accommodation Platform	nan	Noida	Jungle Ventures	Seed Funding	"10,00,000"	Yes
2469	30-09-15	FirstTouch	Local Mobile OS	nan	Gurgaon	"Kunal Bahl, Rohit Bansal, Pranay Chulet, Naveen Tiwari, Amit Gupta, Mayank Singhal"	Seed Funding		No
2470	30-09-15	Eywa Media	Digital Signal processing platform	nan	Bengaluru	"ah! Ventures, Viktor Koenig PE Fund, Mantra Ventures"	Seed Funding	"10,00,000"	Yes
2471	01-08-15	Snapdeal	Ecommerce Marketplace	nan	New Delhi	"Alibaba, Foxconn, Softbank"	Private Equity	"50,00,00,000"	Yes
2472	01-08-15	Ressy	Restaurant Discount app	nan	Pune	Mohandas Pai & others	Seed Funding	"4,00,000"	Yes
2473	03-08-15	Cuelearn	Tech-enabled learning	nan	New Delhi	Alok Mittal	Seed Funding		No
2474	03-08-15	Connect India	ECommerce Logistics provider	nan	New Delhi	Aavishkaar	Private Equity	"50,00,000"	Yes
2475	03-08-15	The Home Salon	on-demand home beauty and wellness portal	nan	Mumbai	VentureNursery	Seed Funding		No
2476	03-08-15	Jusride	Self Driven Car rental	nan	Mumbai	"Alok Mittal, Zeeshan Hayat, Niraj Singh, Nikunj Jain, Anirudh Damani, Punit Goyal"	Seed Funding		No
2477	03-08-15	Oyorooms	Budget Hotel accommodation brand	nan	New Delhi	"SoftBank Group, Greenoaks Capital, Sequoia Capital,\\xc2\\xa0 Lightspeed India"	Private Equity	"10,00,00,000"	Yes
2478	03-08-15	Glowship	Energy & Environment Online Marketplace	nan	Bengaluru	Infuse Ventures	Seed Funding		No
2479	03-08-15	Wizrocket	User Engagment & Analytics platform	nan	Mumbai	"Sequoia Capital, Accel Partners"	Private Equity	"96,00,000"	Yes
2480	04-08-15	Pickingo	On-Demand Delivery Logistics	nan	New Delhi	"Orios Venture Partners, Zishaan Hayath"	Private Equity	"13,00,000"	Yes
2481	05-08-15	Grex	fund raising platform for startups	nan	Pune	"Kunal Bajaj, Chandru Badrinarayanan"	Seed Funding	"6,50,000"	Yes
2482	05-08-15	LetsTransport	Logistics Tech Platform	nan	Bengaluru	"Rebright Partners, Ankush Nijhawan, Gaurav Bhatnagar, Manish Dhingra"	Seed Funding	"13,00,000"	Yes
2483	05-08-15	Zo Rooms	Online budget hotel chain	nan	New Delhi	"Tiger Global Management, Orios Venture Partners"	Private Equity	"3,00,00,000"	Yes
2484	05-08-15	Doormint	Hyperlocal Handyman services	nan	Mumbai	"Helion Venture Partners, Kalaari Capital"	Private Equity	"30,00,000"	Yes
2485	05-08-15	NightStay	hotel booking app	nan	Noida	"BedRock Ventures, Rajesh Sawhney, Shailesh Singh"	Seed Funding	"5,00,000"	Yes
2486	05-08-15	Zocalo	Rental Accomodation finder	nan	New Delhi	"Sachin Bhatia, Rajesh Sawhney"	Seed Funding		No
2487	05-08-15	Sunday Realty Solutions	Tech Platform for property brokers	nan	Mumbai	"Ramesh Jogani, Shailesh Viswanathan, Jay Srinivasan"	Seed Funding	"7,85,000"	Yes
2488	06-08-15	Klozee	Luxury Apparel rental	nan	Bengaluru	Tracxn Labs	Seed Funding		No
2489	06-08-15	Appvigil	App security testing platform	nan	Mumbai	"Ravi Gururaj, Gaurav Sharma, Viswanath Ramachandran, RippleWave"	Seed Funding	"5,00,000"	Yes
2490	06-08-15	practo	Doctor Appointment booking app	nan	Bengaluru	"Sofina, Google Capital, Altimeter Capital, Sequoia Capital Global Equities, Yuri Milner, Sequoia Capital, Matrix Partners"	Private Equity	"9,00,00,000"	Yes
2491	06-08-15	LoudShout	anonymous bulletin board app	nan	New Delhi	"Sanjay Sethi, Ravi Jaipuria & others"	Seed Funding		No
2492	06-08-15	Wetravelsolo	Travel community platform	nan	New Delhi	"CCube Angels, Frontline Strategy"	Seed Funding		No
2493	06-08-15	Ketto	Crowd funding platform	nan	Mumbai	"Chennai Angels, Calcutta Angels, ah! Ventures, Intellecap Impact Investment Network, Indus Age Partners, Singapore Angel Network, India Internet Fund, LetsVenture"	Seed Funding	"7,00,000"	Yes
2494	06-08-15	Ezetap	Mobile based PoS solution	nan	Bengaluru	"Horizons Ventures, Capricorn Investment Group, Social+Capital, Helion Advisors, Berggruen Holdings"	Private Equity	"2,50,00,000"	Yes
2495	06-08-15	NDTV ecommerce venture	Car & Bike ecommerce platform	nan	Mumbai	"Inflexionpoint, Pramod Bhasin, Sixth Sense Ventures, Vindi Banga, Hiro Mashita"	Private Equity		No
2496	07-08-15	Carl\\xe2\\x80\\x99s Jr	Fast food Chain Franchisee	nan	Gurgaon	YouWeCan Ventures	Seed Funding	"6,30,000"	Yes
2497	07-08-15	EasyRewardz	Loyalty Programs & Reward Points	nan	Mumbai	"Wealth First, Ashneer Grover, Atul Phadnis"	Private Equity	"5,00,000"	Yes
2498	07-08-15	GIBSS	Energy saving solutions provider	nan	Mumbai	"responsAbility Investments, Infuse Ventures"	Private Equity		No
2499	07-08-15	StoreMore.in	Self-Storage Spaces	nan	Noida	Bedrock Ventures	Seed Funding		No
2500	07-08-15	iOrderFresh	Grocery retail Mobile app	nan	New Delhi	Best Foodworks	Seed Funding		No
2501	10-08-15	MyTaxiIndia	Taxi Rental platform	nan	Gurgaon	"Nihon Kotsu,"	Private Equity	"5,00,000"	Yes
2502	10-08-15	eSadar	ecommerce	nan	New Delhi	"Neha Vats, Gaurav Vats"	Seed Funding	80000.00	Yes
2503	10-08-15	Actionable Analytics	Machine Learning Platform	nan	New Delhi	"B M Gupta, Vinod Singhal"	Seed Funding		No
2504	10-08-15	MyPoolin	mobile social network	nan	New Delhi	QPrize from Qualcomm Ventures	Seed Funding	"2,50,000"	Yes
2505	10-08-15	NearBuy (previously\\xc2\\xa0 groupon India)	Hyper-Local Ecommerce	nan	New Delhi	Sequoia Capital	Private Equity	"1,60,00,000"	Yes
2506	10-08-15	Inkmonk	Online printing marketplace	nan	Chennai	"Girish Mathrubootham, Phanindra Sama, Vikram Chachra, Others from LetsVenture"	Seed Funding	"2,50,000"	Yes
2507	10-08-15	ToneTag	mobile payment software platform	nan	Bengaluru	Reliance Capital Venture	Private Equity	"10,00,000"	Yes
2508	10-08-15	Grey Orange	Automated Storage & Warehousing Solution	nan	Gurgaon	Tiger Global Management	Private Equity	"3,00,00,000"	Yes
2509	11-08-15	Livspace	Home Design & D\\xc3\\xa9cor solutions	nan	Bengaluru	"Helion Ventures, Jungle Ventures & Bessemer Venture Partners"	Private Equity	"80,00,000"	Yes
2510	11-08-15	WOW! MOMO	Quick Service Restaurant Chain	nan	Kolkata	Indian Angel Network	Seed Funding	"16,00,000"	Yes
2511	11-08-15	RainCan	Subscription based Online Grocery platform	nan	Pune	Ajeet Khurana & Others	Seed Funding	"1,00,000"	Yes
2512	11-08-15	Allygrow Technologies	engineering services company	nan	Mumbai	Zodius Technology Fund	Private Equity	"2,00,00,000"	Yes
2513	11-08-15	Infogain	Business and IT consulting	nan	New Delhi	ChrysCapital	Private Equity	"6,30,00,000"	Yes
2514	12-08-15	OneAssist	Credit Card Fraud protection solutions	nan	Mumbai	"Sequoia Capital, Lightspeed Ventures"	Private Equity	"75,00,000"	Yes
2515	12-08-15	BigBasket	Online & mobile Grocery store	nan	Bengaluru	Bessemer Venture Partners	Private Equity	"5,00,00,000"	Yes
2516	12-08-15	Sheroes	Career Community for Women	nan	Noida	"Quintillion Media, 500 Startups"	Seed Funding	"7,70,000"	Yes
2517	12-08-15	Scripbox	Mutual Fund Investing platform	nan	Bengaluru	"Accel Partners, Deep Kalra, Rajesh Magow, Mohit Gupta, Shamik Sharma"	Private Equity	"25,00,000"	Yes
2518	13-08-15	etaout	Ecommerce Marketing Software Platform	nan	Noida	"Amit Ranjan, Vijay Shekhar Sharma, Kunal Bahl, Girish Mathrubootham &\\xc2\\xa0 Group of other Angel investors"	Seed Funding	"5,00,000"	Yes
2519	13-08-15	IFMR Holdings	Financial Inclusion platform	nan	Chennai	"Accion, LeapFrog Investments, Lok Capital"	Private Equity	"2,50,00,000"	Yes
2520	13-08-15	Massblurb	Digital Marketing automation solution	nan	Mumbai	"LetsVenture, Mumbai Angels"	Seed Funding		No
2521	13-08-15	Agrostar	Mobile Commerce for Farmers	nan	Pune	IDG Ventures	Private Equity	"40,00,000"	Yes
2522	14-08-15	VoxWeb	Picture based Social App	nan	Mumbai	Jitendra Gupta & others	Seed Funding	"1,00,000"	Yes
2523	14-08-15	Trukky	Logistics service platform	nan	Ahmedabad	"Gujarat based angel investors, MMY co-Founder"	Seed Funding	"2,45,000"	Yes
2524	14-08-15	VanityCube	On-Demand Beauty Services	nan	New Delhi	Group of angel investors	Seed Funding		No
2525	17-08-15	Edu4Share	Exam Preparation Platform	nan	New Delhi	Nalin Jain & other angel investors	Seed Funding	"2,20,000"	Yes
2526	17-08-15	YourStory	Startup Focused Online Publisher	nan	Mumbai	"Ratan Tata, Vani Kola, T V Mohandas Pai, Karthee Madasamay"	Seed Funding		No
2527	17-08-15	Sampurnearth	Waste Management Solutions	nan	Mumbai	"Intellecap Impact Investment Network, family office fund"	Seed Funding	"1,60,000"	Yes
2528	17-08-15	Orobind	App based Fitness coaching	nan	Bengaluru	Existing & New Investors	Private Equity		No
2529	17-08-15	Fixy	On demand cleaning & fixing services	nan	Mumbai	VentureNursery	Seed Funding		No
2530	17-08-15	MSM Box	Beauty & Lifestyle platform	nan	New Delhi	Rohit Goel	Seed Funding		No
2531	17-08-15	ShadowFax	on-demand delivery service	nan	Gurgaon	"Kunal Bahl, Rohit Bansal, Zishaan Hayath, Prashant Malik"	Seed Funding	"3,10,000"	Yes
2532	17-08-15	Gadgets 360	Car & Bike ecommerce platform	nan	New Delhi	One97 Communications	Private Equity		No
2533	18-08-15	Roposo	Fashion Discovery platform	nan	Gurgaon	Tiger Global	Private Equity	"1,50,00,000"	Yes
2534	18-08-15	IntelligenceNODE	Data Analytics Platform	nan	Mumbai	"New Enterprise Associates, Orios Venture Partners"	Private Equity	"42,00,000"	Yes
2535	18-08-15	HyperVerge	Deep Learning Cloud Algorithms	nan	Chennai	"NEA, Milliways Ventures, Naya Ventures"	Seed Funding	"10,00,000"	Yes
2536	18-08-15	Twyst	Location based engagement & rewards platform	nan	Gurgaon	"Rohit Bhatia, Sunil Nikhar, Vaibhav Domkundwar, Siddharth Nautiyal"	Seed Funding		No
2537	18-08-15	IDfy	Online Identity Verification Services platform	nan	Mumbai	"NEA, Blume Ventures & others"	Private Equity		No
2538	18-08-15	Zoojoo.be	Corporate Wellness App	nan	Bengaluru	RoundGlass Partners	Private Equity	"10,00,000"	Yes
2539	19-08-15	Fashionove	Fashion Search & Review Platform	nan	Kolkata	Umesh Yadav	Seed Funding		No
2540	19-08-15	TimeSaverz	"Hyperlocal Maintenance, Repair & Cleaning services"	nan	Mumbai	Unilazer Ventures	Private Equity	"24,00,000"	Yes
2541	19-08-15	Envoged	pre-owned Luxury online apparel seller	nan	Mumbai	"Manish Dhingra, Ankush Nijhawa, Gaurav Bhatnagar"	Seed Funding		No
2542	19-08-15	MebelKart	Online Furniture Marketplace	nan	Bengaluru	AskMe	Private Equity	"2,00,00,000"	Yes
2543	20-08-15	LabsAdvisor	Online Diagnostic Tests Marketplace	nan	New Delhi	Group of Angel Investors	Seed Funding	"1,56,000"	Yes
2544	20-08-15	Flatpebble	Online marketplace for Photographers	nan	Hyderabad	Indian Angel Network	Seed Funding	"6,00,000"	Yes
2545	20-08-15	Bluegape.com	Visual Blogging platform	nan	New Delhi	"ah! Ventures, Times Internet, Rudy Gopalakrishnan"	Seed Funding	"6,00,000"	Yes
2546	21-08-15	ePoise	Job Search Platform	nan	Bengaluru	"Orios Venture Partners, Amit Ranjan & others"	Seed Funding	"5,00,000"	Yes
2547	24-08-15	Jolly Food Fellow	Food Customer analytics platform	nan	Ahmedabad	The 1947	Seed Funding	"3,00,000"	Yes
2548	24-08-15	BookMeIn	Professional Service Appointment booking service	nan	Mumbai	Ajmera Group of Companies	Seed Funding	"4,00,000"	Yes
2549	24-08-15	iZofy	Scientific Horoscope Online Assistance platform	nan	Kolkata	Prime Capital Markets Ltd	Seed Funding		No
2550	24-08-15	rBus	Tech enabled AC bus service	nan	Mumbai	"India Quotient, Anupam Mittal & others"	Seed Funding		No
2551	25-08-15	Qyk App	On-Demand App based Professional service provider	nan	Bengaluru	"GrowX ventures, Tracxn Labs, Powai Lake Ventures, and Sahil Barua"	Private Equity	"10,00,000"	Yes
2552	25-08-15	EazyDiner	Restaurant Reservation Platform	nan	Gurgaon	"DSG Consumer Partners, Saama Capital"	Private Equity	"30,00,000"	Yes
2553	25-08-15	RevX	Cross-channel CRM platform	nan	Mumbai	"Norwest Venture Partners, Nexus Venture Partners, Helion Venture Partners, Draper Fisher Jurvetson, Peepul Capital"	Private Equity	"40,00,000"	Yes
2554	25-08-15	ICustomMadeIt	Professional Custom creators Marketplace	nan	Pune	Group of Angel Investors	Seed Funding	"2,50,000"	Yes
2555	26-08-15	PickMyLaundry	on-Demand Washing & Dry-Cleaning	nan	New Delhi	GHV Accelerator	Seed Funding	"1,00,000"	Yes
2556	26-08-15	Belita	On-Demand Beauty Service	nan	Mumbai	"India Quotient, LetsVenture investors, Lead Angels"	Seed Funding	"4,00,000"	Yes
2557	26-08-15	EzySolare	solar products and services marketplace	nan	Ahmedabad	Infuse Ventures	Seed Funding		No
2558	26-08-15	FoodTalkIndia	Online Food Community Platform	nan	Gurgaon	Undisclosed Investor	Seed Funding	"5,00,000"	Yes
2559	27-08-15	InstaSafe	Private Cloud Networks SAAS platform	nan	Bengaluru	Group of Investors	Seed Funding		No
2560	27-08-15	Eazy Coach	Education Marketplace	nan	Kolkata	Ravi Agarwal	Seed Funding		No
2561	27-08-15	Djubo.com	Cloud Based Hotel Sales Platform	nan	New Delhi	Ibibo Group	Private Equity		No
2562	28-08-15	BetterButter.in	online recipe sharing platform	nan	New Delhi	"Growx Ventures, Manish Singhal"	Seed Funding		No
2563	28-08-15	Vyomo	Beauty & Lifestyle Mobile Marketplace	nan	Bengaluru	Rocket Internet	Private Equity	"20,00,000"	Yes
2564	28-08-15	RollMafia	QSR Restaurant Chain	nan	Pune	Equentia Natural Resources	Seed Funding	"1,60,000"	Yes
2565	29-08-15	iamwire	Digital Media publishing platform	nan	Gurgaon	"Li Tao, Li Jian, Draphant Consultants, Nitin Garg, Saurabh Jain, Mohit Agarwal"	Seed Funding		No
2566	31-08-15	DropKaffe	Online Coffee Delivery platform	nan	Bengaluru	"Manish Singhal, P39 Capital & Others"	Seed Funding	"3,00,000"	Yes
2567	31-08-15	Reverie	Language Localization Cloud platform	nan	Bengaluru	"Aspada Investment Advisors, Qualcomm Ventures"	Private Equity	"40,00,000"	Yes
2568	31-08-15	Infinite Analytics	Big Data & predictive Analysis Platform	nan	Mumbai	"Ratan Tata, Nikhil Vora & others"	Private Equity		No
2569	01-07-15	Parcelled	Online Logistics Platform	nan	Bengaluru	"Delhivery, Tracxn Labs"	Seed Funding		No
2570	01-07-15	Retigence Technologies	Business IT Intelligence Services	nan	Mumbai	Omnivore Partners	Private Equity		No
2571	01-07-15	Cloudcherry Analytics	CRM / Analytics platform	nan	Chennai	"The Chennai Angels, IDG Ventures India"	Seed Funding	"10,00,000"	Yes
2572	01/07/015	HandyHome	Hyperlocal Electronics repair Service	nan	Mumbai	"Bessemer Ventures, Kae Capital"	Seed Funding	"6,30,000"	Yes
2573	01-07-15	iDreamCareer	Ed-Tech Platform	nan	New Delhi	"ah! Ventures, Vivek Joshi, Mohit Satyanand & others"	Seed Funding		No
2574	01-07-15	Ola Cabs	Cab rental Mobile app	nan	Bengaluru	Ratan Tata	Private Equity		No
2575	01-07-15	NxtGen	IT infrastructure & Data Center services	nan	Bengaluru	"IFC, Axon Partners, Intel Capital"	Private Equity	"1,35,00,000"	Yes
2576	02-07-15	BankBazaar	Online Financial Services	nan	Chennai	"Amazon, Fidelity Growth Partners, Mousse Partners"	Private Equity	"6,00,00,000"	Yes
2577	02-07-15	Gozoomo	Used Car Marketplace	nan	Bengaluru	SAIF Partners	Private Equity	"50,00,000"	Yes
2578	02-07-15	Zenatix	Internet of Things platform	nan	Gurgaon	"Rajan Anandan, Kunal Bahl, Rohit Bansal, Rahul Khanna"	Seed Funding	"1,61,000"	Yes
2579	03-07-15	CultureAlley	Language Learning App	nan	Jaipur	Tiger Global	Private Equity	"65,00,000"	Yes
2580	03-07-15	Goqii	Mobile Fitness Marketplace	nan	Mumbai	Vijay Shekhar Sharma	Private Equity		No
2581	03-07-15	Gingercrush	Custom Merchandize platform	nan	Ahmedabad	"Gokul Jaykrishna, Brand Capital"	Seed Funding	"10,00,000"	Yes
2582	04-07-15	Elanic	P2P Pre-owned goods marketplace	nan	Bengaluru	"Rebright Partners, Tracxn Labs, Aneesh Reddy"	Seed Funding		No
2583	04-07-15	Stitchwood	Custom Furniture Marketplace	nan	Mumbai	"Powai Lake Ventures, Ajeet Khurana & others"	Seed Funding	"3,95,000"	Yes
2584	05-07-15	Urban Tailor	Online Tailoring Services	nan	Bengaluru	Group of angel investors	Seed Funding		No
2585	06-07-15	ConfirmtTkt	Rail Ticket Confirmation predictor	nan	Bengaluru	Pravin Agarwala & others	Seed Funding		No
2586	06-07-15	Paper Boat	Ethnic Beverages manufacturer	nan	Gurgaon	"Sofina, Hillhouse Capital"	Private Equity	"3,00,00,000"	Yes
2587	06-07-15	getNow	Hyperlocal Goods marketplace	nan	Nagpur	Atulya Mittal	Seed Funding		No
2588	07-07-15	Wudstay	Budget Accommodation aggregator	nan	Gurgaon	"Mangroves Capital Partners, Vikas Saxena"	Private Equity	"30,00,000"	Yes
2589	07-07-15	Liases Foras	Real Estate Rating & Analysis	nan	New Delhi	DMG information Asia Pacific	Private Equity	"50,00,000"	Yes
2590	07-07-15	Eatlo	Food Delivery platform	nan	Bengaluru	"Powai Lake Ventures, Globeinvestor, Abhishekh Goyal"	Seed Funding		No
2591	07-07-15	IndiaLends	Financial Tech	nan	New Delhi	"DSG Consumer Partners, Siddharth Parekh"	Private Equity		No
2592	08-07-15	Quinto	Food Discovery App	nan	Pune	Jaydeep Barman	Seed Funding		No
2593	08-07-15	Saavn	Music Streaming App	nan	Mumbai	"Tiger Global Management, Bertelsmann India, Steadview Capital, Liberty Media, Mousse Partners, Quilvest"	Private Equity	"10,00,00,000"	Yes
2594	08-07-15	Flytxt	Big Data & Analytics platform	nan	Mumbai	"Sunrise Capital GmBH, Big Data Investments B.V"	Private Equity	"1,10,00,000"	Yes
2595	08-07-15	Axtria	Big Data & Analytics platform	nan	India	"Helion Venture Partners,Amarpreet Sawhney, Deshpande Foundation, Fred Khosravi, Richard S. Braddock"	Private Equity	"3,00,00,000"	Yes
2596	08-07-15	33Coupons	Coupon Aggregator Platform	nan	Kanpur	Not Disclosed	Seed Funding	20000.00	Yes
2597	08-07-15	Ampere	Electric Scooter manufacturer	nan	Coimbatore	Ratan Tata	Seed Funding		No
2598	08-07-15	Hopping Chef	Online Food-Tech Platform	nan	Mumbai	Mirah Hospitality	Seed Funding	"4,70,000"	Yes
2599	08-07-15	Collectabillia	Celebrity Fashion Brand	nan	Bengaluru	Accel Partners	Private Equity	"75,00,000"	Yes
2600	08-07-15	Lendingkart	Online Finance lending platform	nan	Ahmedabad	"Saama Capital, Mayfield, Ashvin Chadha, Shailesh Mehta"	Private Equity	"1,00,00,000"	Yes
2601	08-07-15	Lybrate	Healthcare Mobile App	nan	New Delhi	"Tiger Global Management, Ratan Tata, Nexus Venture Partners"	Private Equity	"1,02,00,000"	Yes
2602	08-07-15	Zoomcar	Self-driven vehicle rental	nan	Bengaluru	"Sequoia Capital, Empire Angels, NGP"	Private Equity	"1,10,00,000"	Yes
2603	09-07-15	News in shorts	News Aggregator mobile app	nan	Noida	Tiger Global	Private Equity	20000000.00	Yes
2604	09-07-15	Bluestone	Online Jewellery Store	nan	Bengaluru	"IvyCap Ventures, Accel Partners, Dragoneer Investment Group"	Private Equity	16200000.00	Yes
2605	09-07-15	Shopsity	Fashion Info Aggregator App	nan	Gurgaon	" Sandeep Aggarwal, Teruhide Sato"	Seed Funding		No
2606	09-07-15		Online Study Notes Marketplace	nan	New Delhi	"Rajeev Saraf, Arvind Jha, R. Satya Narayanan"	Seed Funding		No
2607	10-07-15	Infinity Assurance	Warranty Programs Service Administration	nan	New Delhi	Indian Angel Network	Seed Funding	600000.00	Yes
2608	10-07-15	Footprints Education	Pre-School Chain	nan	Gurgaon	"LetsVenture, Kumar Bansal, Kshitij Jain"	Seed Funding	685000.00	Yes
2609	10-07-15	Loylty Rewards	Premium Loyalty Rewards Point Management	nan	Mumbai	IndianIdeas.com	Private Equity	19350000.00	Yes
2610	13-07-15	Ameyo	Contact Center Software Platform	nan	Gurgaon	Forum Synergies PE Fund	Private Equity	5000000.00	Yes
2611	13-07-15	Mamagoto	Casual Dining restaurant Chain	nan	New Delhi	Goldman Sachs	Private Equity	10000000.00	Yes
2612	13-07-15	Satvacart	Online Grocery Delivery	nan	Gurgaon	Palaash Ventures	Seed Funding		No
2613	14-07-15	MySmartPrice	Online comparison engine	nan	Hyderabad	"Accel Partners, Helion Venture Partners"	Private Equity	"1,00,00,000"	Yes
2614	14-07-15	Zenify	Residential Rental management platform	nan	Bengaluru	Atul Jalan	Seed Funding		No
2615	14-07-15	Boxmyspace	Physical Storage warehouses	nan	Mumbai	"Ritesh Veera, Singapore Angel Network, Orios Venture Partners,"	Seed Funding	"3,00,000"	Yes
2616	14-07-15	HackerRank	Tech Recruitment platform	nan	Bengaluru	HR Technology fund	Private Equity	"75,00,000"	Yes
2617	14-07-15	WickedRide	Bike Rental Platform	nan	Bengaluru	Undisclosed	Seed Funding	"7,90,000"	Yes
2618	14-07-15	WoWexpress	Tech enabled logistics platform	nan	Mumbai	Tamarind Family Private Trust	Seed Funding	"5,00,000"	Yes
2619	15-07-15	Oyo Rooms	Budget Hotel Accommodation	nan	Gurgaon	"Softbank, Sequoia Capital"	Private Equity	"10,00,00,000"	Yes
2620	15-07-15	Mobikon	Restaurant customer engagement platform	nan	Pune	Jungle Ventures	Private Equity	"23,00,000"	Yes
2621	15-07-15	InstaLively.com	Live video streaming app	nan	New Delhi	"Anupam Mittal, Anand Chandrasekaran, Uday Shankar, Chetan Bhagat"	Seed Funding		No
2622	15-07-15	Roadrunnr	Hyper local logistics platform	nan	Bengaluru	"Sequoia Capital, Nexus Venture Partners, Blume Ventures"	Private Equity	"1,10,00,000"	Yes
2623	16-07-15	Ketto	Crowd Funding Platform	nan	Mumbai	"Pradyumna Dalmia, Sudhir Rao & Others"	Seed Funding	"7,00,000"	Yes
2624	17-07-15	QuikWallet	F&B sector Mobile Payment platform	nan	Mumbai	Snow Leopard Technology Ventures	Private Equity	"16,00,000"	Yes
2625	17-07-15	Omnikart	Industrial Supplies B2B ecommerce	nan	Mumbai	"Sumit Gandhi, Manish Gandhi"	Seed Funding	"1,00,000"	Yes
2626	20-07-15	Zo Rooms	Online budget hotel chain	nan	New Delhi	"Tiger Global, Orios Venture Partners."	Private Equity	"1,50,00,000"	Yes
2627	20-07-15	Innoviti	Payment Solutions platform	nan	Bengaluru	"Catamaran Ventures, New India Investment Corporation"	Private Equity	"48,50,000"	Yes
2628	21-07-15	ZenRadius	Online Hiring Platform	nan	Bengaluru	"Tracxn Labs, Deepak Singh"	Seed Funding		No
2629	21-07-15	Joy by nature	Organic Food ecommerce	nan	New Delhi	"Mumbai Angels, Vriddhi Fund, Others"	Private Equity	"10,00,000"	Yes
2630	22-07-15	Iqlect	Big Data & Analytics platform	nan	Bengaluru	Exfinity Venture Partners	Private Equity	"20,00,000"	Yes
2631	22-07-15	deGustibus	Fine Dining Restaurant Chain	nan	Mumbai	India Value Fund Advisors	Private Equity	"3,00,00,000"	Yes
2632	23-07-15	Nestaway	Luxury Rental Homes	nan	Bengaluru	"Flipkart, Tiger Global"	Private Equity	"1,27,50,000"	Yes
2633	23-07-15	Mswipe	Mobile Point of Sale payment solution	nan		"Falcon Edge Capital, Meru Capital, Ola, Matrix Partners, DSG Consumer Partners, Axis Bank"	Private Equity	"2,50,00,000"	Yes
2634	23-07-15	Myonsto	Online Grocers	nan	Ahmedabad	Jayant Bokadia	Seed Funding	"3,20,000"	Yes
2635	23-07-15	iCrushiFlush	Casual Dating App	nan	Mumbai	IDG Ventures India	Seed Funding		No
2636	23-07-15	MedGenome	Clinical Genomics Provider	nan	Bengaluru	Sequoia Capital	Private Equity	"2,00,00,000"	Yes
2637	23-07-15	HolidayIQ	Travel information portal	nan	Bengaluru	MakeMyTrip	Private Equity	"1,50,00,000"	Yes
2638	23-07-15	Fitternity	Fitness Marketplace	nan	Mumbai	Exfinity Venture Partners	Private Equity	"10,00,000"	Yes
2639	23-07-15	Quikr	Online & Mobile classified listings	nan	Mumbai	"AB Kinnevik, Falcon Edge Capital, Coatue Management"	Private Equity	"6,00,00,000"	Yes
2640	23-07-15	JetSetGo	Private Jet/ Helicopter Marketplace	nan	New Delhi	YourWeCan Ventures	Seed Funding		No
2641	24-07-15	BroEx	Real Estate Broker network App	nan	Gurgaon	Lightspeed India	Private Equity	"10,00,000"	Yes
2642	25-07-15	Shopatplaces	Ethnic/ Traditional Fashion Store	nan	New Delhi	Indian Angel Network	Seed Funding		No
2643	25-07-15	CredR	Used Bikes Marketplace	nan	Mumbai	Fidelity Growth Partners	Private Equity	"1,50,00,000"	Yes
2644	27-07-15	ManageMySpa	Spa & Salon Management Software	nan	Hyderabad	Accel Partners	Private Equity	"60,00,000"	Yes
2645	27-07-15	Townrush	B2B logistics delivery platform	nan	Bengaluru	Lightspeed Venture Partners	Seed Funding		No
2646	27-07-15	Locus	Logistics Automation Platform	nan	Bengaluru	"growX ventures,\\xc2\\xa0 Manish Singhal"	Seed Funding		No
2647	27-07-15	Bevy	Online Hiring Platform	nan	Bengaluru	Varun Agarwal & Others	Seed Funding		No
2648	28-07-15	Pepperfry	Online home d\\xc3\\xa9cor marketplace	nan	Mumbai	"Goldman Sachs, Zodius Technology Fund, Bertelsmann India Investments Norwest Venture Partners."	Private Equity	"10,00,00,000"	Yes
2649	28-07-15	Flipkart.com	Online Marketplace	nan	Bengaluru	Steadview Capital and existing investors	Private Equity	"70,00,00,000"	Yes
2650	28-07-15	Opinio	Hyperlocal food & grocery store	nan	Bengaluru	"Accel Partners, Traxcn Labs & Others"	Seed Funding	"13,00,000"	Yes
2651	28-07-15	Zoctr	Health-Tech platform	nan	Mumbai	"Sandeep Parwal, Krishan Gupta & Others"	Seed Funding	"10,00,000"	Yes
2652	29-07-15	Zimmber	Hyperlocal Handyman Services	nan	Mumbai	"IDG Ventures India, Omidyar Network, Sherpalo Ventures,\\xc2\\xa0 Mohandas Pai"	Private Equity	"20,00,000"	Yes
2653	29-07-15	trueHb	Medical Tech Instruments	nan	New Delhi	"Sachin and Binny Bansal, Malvinder and Shivinder Singh, Gurpreet Singh & others"	Seed Funding	"24,00,000"	Yes
2654	29-07-15	Zovi.com / Little App	Hyperlocal Deals Marketplace	nan	Bengaluru	"Paytm, SAIF Partners,\\xc2\\xa0 Tiger Global Management & others"	Private Equity	"5,00,00,000"	Yes
2655	29-07-15	Swajal	Innovative Water Solutions	nan	Gurgaon	Abhishek Gupta	Private Equity	"12,00,000"	Yes
2656	30-07-15	Pipa Bella	Online Jewelry Store	nan	Mumbai	LionRock Capital	Private Equity	"6,00,000"	Yes
2657	30-07-15	Pragmatix	Business intelligence & Analytics	nan	Mumbai	SIDBI Venture Capital Ltd	Private Equity	"24,00,000"	Yes
2658	30-07-15	Droom.in	Used Vehicle Marketplace	nan	New Delhi	"Lightbox Ventures, Beenos"	Private Equity	"1,60,00,000"	Yes
2659	30-07-15	MadRat Games	Educational Board Games	nan	Bengaluru	"Kunal Bahl, Rohit Bansal"	Seed Funding	"1,68,000"	Yes
2660	30-07-15	Noodle Play	Chinese food delivery	nan	Mumbai	"Elliot Stechman, Gautam Sinha, Ambarish Ray"	Seed Funding	"1,68,000"	Yes
2661	30-07-15	Wassup	On-Demand Laundry & Dry cleaning App	nan	Chennai	B S Nagesh	Private Equity		No
2662	30-07-15	Cartisan	On-Demand Car services App	nan	Bengaluru	"YouWeCan Ventures,\\xc2\\xa0 Aprameya Radhakrishna"	Seed Funding		No
2663	31-07-15	LazyLad	Hyperlocal Grocery App	nan	Gurgaon	"Jai Choi, Kiyohiro Sugashita, Hirokazu"	Private Equity	"5,00,000"	Yes
2664	31-07-15	TripFactory	Online Curated Holiday package bookings	nan	Bengaluru	"Aarin Capital Partners,"	Private Equity		No
2665	31-07-15	Prothom	Hasbro Toy Manufacturer	nan	Pune	Oliphabs Capital	Private Equity	"20,00,000"	Yes
2666	31-07-15	Bona Vita	Travel Tech	nan	Gurgaon	MakeMyTrip	Private Equity	"50,00,000"	Yes
2667	01-06-15	Vyomo	Beauty and Wellness Platform	nan	New Delhi	Aprameya Radhakrishna	Seed Funding		No
2668	01-06-15	Veeba Foods	Healthy Food Manufacturer	nan	New Delhi	"DSG Consumer Partners, Saama Capital."	Private Equity	"60,00,000"	Yes
2669	01-06-15	Truebil	Used Car Marketplace	nan	Mumbai	"Kae Capital, Anupam Mittal"	Seed Funding	"5,00,000"	Yes
2670	01-06-15	Meritnation	Online Learning Platform	nan	New Delhi	InfoEdge	Private Equity	"40,00,000"	Yes
2671	01-06-15	Eattreatonline	Healthy Food Online Community	nan	New Delhi	Group of 15 Angel Investors	Seed Funding	"3,50,000"	Yes
2672	01-06-15	CredR	Used two-wheeler Marketplace	nan	Mumbai	GrowthStory	Seed Funding		No
2673	01-06-15	Glamrs	Online Fashion Video Portal	nan	Mumbai	"Ventureworks India, Blume Ventures, Batlivala & Karani Securities, Nikunj Jhaveri"	Private Equity	"10,00,000"	Yes
2674	01-06-15	Proviera	Probiotic Technology Products Manufacturer	nan	Chennai	Infuse Ventures	Private Equity	"5,50,000"	Yes
2675	01-06-15	Arth DesignBuild	Architectural Design & Consulting	nan	Hyderabad	Srinivas Tirupati	Seed Funding	"5,00,000"	Yes
2676	02-06-15	Saama	Big Data & Analytics Services	nan	Pune	Carrick Capital Partners	Private Equity	"3,50,00,000"	Yes
2677	02-06-15	AllIzHealth	Preventive Healthcare Services	nan	Pune	Mumbai Angels & Other angel investors	Seed Funding	"3,50,000"	Yes
2678	02-06-15	Karma Healthcare	Tech-enabled Rural Healthcare Services	nan	Udaipur	Ennovent Impact Investment Holding	Private Equity		No
2679	03-06-15	Entropy Innovations	Engineering Innovations	nan	Mumbai	Mark Mobius & 9 Other Angel investors	Seed Funding		No
2680	03-06-15	Propstack	Real Estate Intelligence Platform	nan	Mumbai	DMG Information	Private Equity	"30,00,000"	Yes
2681	03-06-15	MyTaxiIndia	Online Car Rental Affiliates	nan	New Delhi	Green House Ventures	Seed Funding	"1,00,000"	Yes
2682	03-06-15	Arkin Net	Data Center Software platform	nan	Pune	Nexus Venture Partners	Private Equity	"1,50,00,000"	Yes
2683	03-06-15	Little Black Book Delhi	Online City & Lifestyle Guide	nan	New Delhi	"Rajan Anandan, Niraj Singh, Sachin Bhatia, Singapore Angel Network & Aseem Vadehra"	Seed Funding	"1,50,000"	Yes
2684	03-06-15	MyPoolin	P2P Payments platform	nan	New Delhi	"Sharad Sharma, Rajan Anandan, Sunil Kalra, Amit Ranjan, Rohan Malhotra,\\xc2\\xa0 Arjun Malhotra, Gautam Gandhi"	Seed Funding		No
2685	03-06-15	iCustomadeit	Bespoke Merchandize Marketplace	nan	Pune	"Virendra Shahney, Dr Paresh Doshi"	Seed Funding	"2,50,000"	Yes
2686	03-06-15	KAARYAH	Women Lifestyle Marketplace	nan	Gurgaon	Ratan Tata	Seed Funding		No
2687	04-06-15	Ecom Express	Logistics Solution Provider	nan	New Delhi	Warburg Pincus	Private Equity	"13,70,00,000"	Yes
2688	04-06-15	Vidooly	Video Intelligence Platform	nan	Noida	Bessemer Venture Partners	Private Equity	"10,00,000"	Yes
2689	04-06-15	Zopper	Hyperlocal Shopping App	nan	Mumbai	"Tiger Global,\\xc2\\xa0 Nirvana Ventures Advisors"	Private Equity	"2,00,00,000"	Yes
2690	04-06-15	Flipkart	eCommerce platform	nan	Bengaluru	Morgan Stanley	Private Equity	"5,00,00,000"	Yes
2691	05-06-15	kWatt Solutions	Renewable energy solutions	nan	Mumbai	N/A	Seed Funding	"5,00,000"	Yes
2692	05-06-15	Medwell Ventures	Healthcare\\nService provider	nan	Bengaluru	"Fidelity Growth Partners, Fidelity Biosciences"	Private Equity	"1,00,00,000"	Yes
2693	05-06-15	Jugnoo	Auto Rickshaw Based Services	nan	Chandigarh	"Snow Leopard, Paytm"	Private Equity	"50,00,000"	Yes
2694	08-06-15	PosterGully	Artist / Designer Marketplace	nan	New Delhi	"Natarajan Iyer,Rajesh Sawhney,\\xc2\\xa0 & other Angel investors."	Seed Funding		No
2695	08-06-15	Applied Solar Technologies	Off-grid Solar Power	nan	Mumbai	"Future Fund,Bessemer Venture, Capricorn Investment and IFC"	Private Equity	"4,00,00,000"	Yes
2696	09-06-15	Clovia	Private Label lingerie Ecommerce	nan	New Delhi	IvyCap Ventures	Private Equity	"50,00,000"	Yes
2697	09-06-15	Swiggy	Online Food Ordering	nan	Bengaluru	"Norwest Venture Partners, SAIF Partners, Accel Partners"	Private Equity	"1,65,00,000"	Yes
2698	09-06-15	PayMango	Mobile Commerce Platform	nan	Gurgaon	Group of Angel Investors	Seed Funding	"2,34,000"	Yes
2699	09-06-15	Printland	Online Printing Services	nan	New Delhi	SIDBI Venture Capital Ltd	Private Equity		No
2700	09-06-15	Teritree	Digital Marketing Services	nan	Bengaluru	KCL	Seed Funding	"1,40,000"	Yes
2701	10-06-15	Guiddoo	Travel Guide Mobile App	nan	Mumbai	"Pawan Borle, SVP Fly Dubai & Others"	Seed Funding		No
2702	10-06-15	Voonik	Fashion Ecommerce store	nan	Bengaluru	"Sequoia Capital, Seedfund"	Private Equity	"50,00,000"	Yes
2703	11-06-15	AdStringO	Mobile Compression Software	nan	Mumbai	"Arihant Patni, Vishal Khare,\\xc2\\xa0 Viswanath Ramachandran"	Seed Funding	"3,50,000"	Yes
2704	11-06-15	Faircent.com	Peer to Peer Lending platform	nan	Gurgaon	M&S Partners Pte. Ltd	Seed Funding	"2,50,000"	Yes
2705	12-06-15	La Renon	Global Healthcare products	nan	Ahmedabad	Sequoia Capital	Private Equity	"1,60,00,000"	Yes
2706	15-06-15	Homelane	Home Furnishing Solutions	nan	Bengaluru	Sequoia Capital	Private Equity	"5,00,00,000"	Yes
2707	15-06-15	iSTAR	Skill Training & Placement Platform	nan	Bengaluru	Unitus Seed Fund	Private Equity		No
2708	15-06-15	Shippr	Intra-City Logistics service	nan	Bengaluru	i2india Pvt Ltd	Seed Funding	"5,00,000"	Yes
2709	16-06-15	FoodAbhi	online tiffin service aggregator	nan	Mumbai	Group of angel investors	Seed Funding		No
2710	16-06-15	Karma Recycling	Electronic Goods recycling service	nan	New Delhi	"Infuse Ventures, Low Carbon Enterprise Fund"	Private Equity		No
2711	16-06-15	CouponRaja	Online Coupon & comparison platform	nan	Mumbai	"Mahesh Pratapneni, Pallab Chatterjee & others"	Seed Funding	"5,00,000"	Yes
2712	17-06-15	Babychakra	Parents & Kids Online platform	nan	Mumbai	"Mumbai Angels, Patni Family Office, Singapore Angel Network, Karan Maheshwari, Jatin Aneja, Kishor Ganji, Roopa Nath"	Seed Funding		No
2713	17-06-15	Jiffstore	Online Grocery platform	nan	Bengaluru	"Unitus Seed Fund, Times Internet"	Seed Funding		No
2714	17-06-15	MyDentist	Dental Clinic chain	nan	Mumbai	"LGT Group, Asian Healthcare fund, Seedfund"	Private Equity	"82,00,000"	Yes
2715	18-06-15	Moovo	On-Demand Logistics Service	nan	New Delhi	YouWeCan Ventures	Seed Funding		No
2716	18-06-15	Fracktal Works	3D Printer Manufacturer	nan	Bengaluru	Neoteric Infomatique Limited	Private Equity	"30,00,000"	Yes
2717	18-06-15	Hansa Customer Equity	IT / Customer Engagement Consulting	nan	Mumbai	ASK Pravi	Private Equity	"50,00,000"	Yes
2718	18-06-15	HealthifyMe	Health & Fitness App	nan	Bengaluru	"Gopal Srinivasan, Sashi Reddy, Amit Gupta, Pallav Nadhani"	Private Equity		No
2719	18-06-15	CAKART.in	Online Education Marketplace	nan	Bengaluru	Sunil Maheshwari & group of investors	Seed Funding		No
2720	19-06-15	Housejoy	Home services marketplace	nan	Bengaluru	Matrix Partners	Private Equity	"40,00,000"	Yes
2721	19-06-15	FundsIndia.com	Financial Services Platform	nan	Chennai	"Faering Capital, Foundation Capital, Inventus Capital Partners"	Private Equity	"1,10,00,000"	Yes
2722	20-06-15	Cupick	Social Network for Artists	nan	Bengaluru	Group of Angel Investors from US/India	Seed Funding	"1,20,000"	Yes
2723	20-06-15	Tracxn	Startup funding platform	nan	Bengaluru	"Sachin Bansal, Bunny Bansal & other investors"	Private Equity	"1,00,00,000"	Yes
2724	21-06-15	Holachef	Food Delivery Platform	nan	Mumbai	"Kalaari Capital, India Quotient"	Private Equity	"31,00,000"	Yes
2725	22-06-15	elong	Data Driven recruitment recommendation	nan	Bengaluru	"Kunal Bahl, Rohit Bansal, Blume Ventures, Phanindra Sama, Raju Reddy"	Private Equity	"50,00,000"	Yes
2726	22-06-15	Ixigo	Travel Search Engine	nan	Gurgaon	Micromax Informatics	Private Equity		No
2727	22-06-15	SkillAngels	Brain Games Platform	nan	Chennai	Sprout Angels LLP	Seed Funding		No
2728	22-06-15	Vidgyor	Video Advertisement Platform	nan	Bengaluru	AngelPrime	Seed Funding	"5,00,000"	Yes
2729	22-06-15	Banihal	Algorithmic Match Making Platform	nan	New Delhi	Dr David Cheriton	Seed Funding		No
2730	23-06-15	Goodservice	Mobile Chat based concierge service	nan	New Delhi	Sequoia Capital	Private Equity	"16,00,000"	Yes
2731	23-06-15	Treebo	Online Budget Hotel Booking Service	nan	Bengaluru	"Matrix Partners India, SAIF Partners"	Private Equity	"60,00,000"	Yes
2732	23-06-15	EduKart	Online education marketplace	nan	New Delhi	"Holostik Group, YouWeCan Ventures, 500 Startups, Vijay Shekhar Sharma, Manish Kheterpal, Amit Patni"	Private Equity	"10,00,000"	Yes
2733	23-06-15	Healthians.com	Preventive healthcare services	nan	Hyderabad	YouWeCan Ventures	Seed Funding		No
2734	24-06-15	LabInApp	Science Learning App	nan	Bengaluru	Unitus Seed Fund	Seed Funding		No
2735	24-06-15	Syona Cosmetics	Beauty and Wellness platform	nan	Chennai	Chennai Angels	Seed Funding		No
2736	24-06-15	Sigrid Education	Online Education Platform	nan	Noida	Oliphans Capital	Seed Funding		No
2737	24-06-15	Indix	SaaS product intelligence platform	nan		"Nokia Growth Partners, Nexus Venture Partners, Avalon Ventures"	Private Equity	"1,50,00,000"	Yes
2738	24-06-15	The Porter	Logistics Tech	nan	Mumbai	"Sequoia Capital, Kae Capital, Anupam Mittal, Sandeep Tandon"	Private Equity	"55,00,000"	Yes
2739	24-06-15	Retention.ai	App Analytics platform	nan	Bengaluru	"Mercury Fund, Anshu Sharma, Pratyush Prasanna, Robert Winters & others"	Seed Funding	"5,00,000"	Yes
2740	25-06-15	Fusion Microfinance	Micro Finance Platform	nan	New Delhi	"Development finance institution Belgian Investment Company, Oikocredit"	Private Equity	"86,00,000"	Yes
2741	25-06-15	Zinka	Freight logistics platform	nan	Bengaluru	"Accel Partners, Flipkart"	Private Equity	"60,00,000"	Yes
2742	26-06-15	CreditMantri	Credit Management Services	nan	Chennai	"IDG Ventures India, Elevar Equity, Accion Venture Lab"	Private Equity	"25,00,000"	Yes
2743	26-06-15	GetMyPeon	Hyperlocal Handyman Services	nan	Mumbai	Undisclosed investors	Seed Funding	"2,50,000"	Yes
2744	29-06-15	UrbanClap	Hyperlocal services marketplace	nan	New Delhi	"SAIF Partners,\\xc2\\xa0 Accel Partners"	Private Equity	"1,00,00,000"	Yes
2745	29-06-15	StayGlad	Beauty services Mobile Marketplace	nan	Bengaluru	"Tracxn Labs, Sahil Barua"	Seed Funding		No
2746	29-06-15	AdWyze	Marketing / Advertising Automation platform	nan	Bengaluru	Mape Advisory	Seed Funding	"10,00,000"	Yes
2747	29-06-15	Zimmber	Hyperlocal Handyman Services	nan	Mumbai	"Naveen Tiwari, Mohit Saxena, Amit Gupta, Piyush Shah, Manish Dugar"	Seed Funding	"4,00,000"	Yes
2748	30-06-15	Buttercups	Online Lingerie platform	nan	Bengaluru	"Kanwaljit Singh, Angie Mahtaney, Manoj Varghese"	Seed Funding		No
2749	30-06-15	RailYatri	Railways Information Mobile app	nan	Bengaluru	"Helion Ventures, Omidiyar Network, Blume Ventures and Ujama"	Private Equity		No
2750	30-06-15	aagaar.com	Hyperlocal grocery delivery	nan	Gurgaon	Group of Investors	Seed Funding		No
2751	30-06-15	Flatchat	Flat rental Mobile App	nan	Bengaluru	Commonfloor	Private Equity	"25,00,000"	Yes
2752	30-06-15	MyCFO	Wealth Management Platform	nan	Mumbai	Sameer Koticha	Private Equity	"15,00,000"	Yes
2753	01-05-15	Foodpanda	Online Food Delivery	nan	Gurgaon	"Goldman Sachs, Rocket Internet"	Private Equity	"10,00,00,000"	Yes
2754	01-05-15	Termsheet	Fund Raising Platform	nan	Chennai	"Anand Vijay, Nipun Dureja, Satyajit Heeralal, Keith Rodricks, Gaurav Lochan, Azmul Haque, Nikhil Bagri"	Seed Funding	"1,00,000"	Yes
2755	04-05-15	Applicate	Workforce Management Software	nan	Bengaluru	"Rishi Vasudev, Amit Gupta, Rajiv Nayan"	Seed Funding	"5,50,000"	Yes
2756	04-05-15	World Art Community	Online Art Marketplace	nan	Gurgaon	Viraj Tyagi & others	Seed Funding	"2,00,000"	Yes
2757	04-05-15	SpoonJoy	Online Food Delivery	nan	Bengaluru	SAIF Partners	Seed Funding	"10,00,000"	Yes
2758	05-05-15	Seed Schools	Affordable Education	nan	Hyderabad	Acumen Fund	Seed Funding	"6,50,000"	Yes
2759	05-05-15	Ignis Careers	Career Development	nan	Hyderabad	Acumen Fund	Seed Funding	"2,50,000"	Yes
2760	05-05-15	Square Yards	Real Estate Advisory	nan	Gurgaon	Undisclosed Investors	Private Equity	"60,00,000"	Yes
2761	05-05-15	Fintellix	Banking Analytics Platform	nan	Bengaluru	"IDG Ventures, Sequoia Capital"	Private Equity	"1,50,00,000"	Yes
2762	05-05-15	Customer360	Customer Engagement Platform	nan	Mumbai	Vishwas Patel	Seed Funding		No
2763	06-05-15	Delhivery	Ecommerce Logistics	nan	Gurgaon	"Tiger Global Management, Multiples Alternate Asset Management, Nexus Venture Partners, Times Internet"	Private Equity	"8,50,00,000"	Yes
2764	06-05-15	Swiggy	Online Food Delivery	nan	Bengaluru	Norwest Venture Partners	Private Equity	"1,50,00,000"	Yes
2765	07-05-15	Uniphore	Speech Recognition Solutions	nan	Chennai	"IDG Ventures, Kris Gopalakrishnan"	Private Equity		No
2766	07-05-15	Box8	Online Food Delivery	nan	Mumbai	Mayfield Ventures	Private Equity	"35,00,000"	Yes
2767	07-05-15	Toppr	Online Education Platform	nan	Mumbai	"Fidelity Growth Partners India, SAIF Partners,\\xc2\\xa0 Helion Ventures"	Private Equity	"1,00,00,000"	Yes
2768	07-05-15	Vedantu	Online Education Platform	nan	Bengaluru	"Accel Partners, Tiger Global Management"	Private Equity	"50,00,000"	Yes
2769	08-05-15	BuyHatke	Online Product Comparison	nan	Bengaluru	"S.Gopalakrishnan, Beenos"	Seed Funding	"10,00,000"	Yes
2770	08-05-15	KleverKid	Online Education Platform	nan	New Delhi	Aarin Capital Partners	Seed Funding		No
2771	08-05-15	Uniken	Online Security Platform	nan	Pune	Exfinity Ventures	Private Equity	"20,00,000"	Yes
2772	08-05-15	GrandOpinion	Online Medical Diagnostic	nan	New Delhi	Florida based Angel investor	Seed Funding	"1,50,000"	Yes
2773	08-05-15	HealthifyMe	Health & Fitness App	nan	Bengaluru	Micromax Informatics	Private Equity		No
2774	12-05-15	ZapStitch	Cloud Data Integration Platform	nan	Bengaluru	"Helion Venture Partners, Orios Venture Partners"	Private Equity	"20,00,000"	Yes
2775	12-05-15	Wassup	Mobile Laundry Cleaning Service	nan	Chennai	"Arun Chandra Mohan, Praveen Sinha"	Private Equity	"20,00,000"	Yes
2776	12/05.2015	Mobiefit	Mobile Fitness App	nan	Goa	Prototyze	Seed Funding		No
2777	12/05.2015	Plancess	Online Education Platform	nan	Mumbai	"Rajendra Gogri,\\xc2\\xa0 Chandrakant Gogri"	Seed Funding	"20,00,000"	Yes
2778	12-05-15	WorkHorse	Service-On-Demand Mobile App	nan	Mumbai	Undisclosed Investors	Seed Funding		No
2779	13-05-15	Innovaccer	Intelligent Data Analytics	nan	Noida	"Rajan Anandan, Teru Sato, Aneesh Reddy, Venkatesh Valluri"	Seed Funding		No
2780	13-05-15	MyCuteOffice	Online Office Rental	nan	Mumbai	Lead Angels	Seed Funding		No
2781	14-05-15	IndianRoots.com	Lifestyle Ecommerce Portal	nan	Gurgaon	KJS Group	Private Equity	"50,00,000"	Yes
2782	14-05-15	RedPolka	Online Fashion Aggregator	nan	Mumbai	Undisclosed Investors	Seed Funding	"2,50,000"	Yes
2783	15-05-15	Venturesity	Online Job skills Showcase	nan	Bengaluru	"Phanindra Sama, Jay Sethuram, Hemant Kanakia, Ravi Trivedi"	Seed Funding	"2,70,000"	Yes
2784	18-05-15	TheBetterIndia.com	Online News Media	nan	Bengaluru	Mohandas Pai	Seed Funding		No
2785	18-05-15	Awaaz De	Enterprise Communication Platform	nan	Ahmedabad	Samir Shah	Seed Funding		No
2786	19-05-15	Chaayos	Offline Tea Chain	nan	New Delhi	Tiger Global Management	Private Equity	"10,00,000"	Yes
2787	19-05-15	Akosha	Business Messaging App	nan	New Delhi	Sequoia Capital	Private Equity	"1,60,00,000"	Yes
2788	19-05-15	Cooey	Health Mobile App	nan	Bengaluru	Subhash Goyal	Seed Funding	"4,70,000"	Yes
2789	19-05-15	MeetUniv	Online Ed-Tech Platform	nan	Noida	Peesh Venture Capital	Seed Funding	"10,00,000"	Yes
2790	19-05-15	Inspirock	Online Travel Planning	nan		MakeMyTrip Innovation Fund	Private Equity		No
2791	19-05-15	Crown-it	Hyperlocal Mobile Marketplace	nan	Gurgaon	"Accel Partners, Helion Venture Partners"	Private Equity	"55,00,000"	Yes
2792	19-05-15	Trucksfirst	Trucking Logistic Operations	nan	Gurgaon	SAIF partners	Private Equity	"1,00,00,000"	Yes
2793	20-05-15	Lookup	B2C Messaging App	nan	Bengaluru	Biz Stone	Private Equity	"30,00,000"	Yes
2794	21-05-15	SunTerrace	Rooftop Solar Plants	nan	New Delhi	Sunergy Investors	Private Equity		No
2795	22-05-15	\\xc2\\xa0Nudgespot	Customer Engagement Platform	nan	Bengaluru	"Kae Capital, Anoop Goyal, Mike Shah, VA Sastry"	Seed Funding	"6,25,000"	Yes
2796	22-05-15	CarDekho	Online Car Portal	nan	Jaipur	HDFC Bank	Private Equity		No
2797	22-05-15	EveningFlavors	Online Table Reservation	nan	Bengaluru	Sandiep Shrivatsava	Seed Funding	"5,00,000"	Yes
2798	25-05-15	Razorpay	Online Payment Gateway	nan	Bengaluru	Punit Soni	Seed Funding		No
2799	25-05-15	ZenParent	Parents focused Web Content	nan	Bengaluru	i2india Ventures	Seed Funding	"5,00,000"	Yes
2800	25-05-15	Newgen Payments	Payments Solution Provider	nan	New Delhi	Jan Manten	Seed Funding		No
2801	26-05-15	UrbanPro	On-demand Service marketplace	nan	Bengaluru	Nirvana Venture Advisors	Private Equity	"20,00,000"	Yes
2802	26-05-15	Goodbox	On-Demand Business messaging	nan	Bengaluru	Manipal Group	Seed Funding	"2,00,000"	Yes
2803	26-05-15	Renderlogy	Online Home D\\xc3\\xa9cor	nan	Hyderabad	Astarc Ventures	Private Equity	"10,00,000"	Yes
2804	27-05-15	Postman	API Workflow platform	nan	Bengaluru	Nexus Venture Partners	Seed Funding	"10,00,000"	Yes
2805	27-05-15	Casa2inns	Affordable Hotel Booking Online	nan	New Delhi	"Accel Partners, Kalaari Capital"	Private Equity	"50,00,000"	Yes
2806	27-05-15	FleetRover	Logistics Intelligence	nan	Goa	"Tim Chen, Sanjay Venkat"	Seed Funding	"1,80,000"	Yes
2807	28-05-15	TheKarrier	Last Mile Logistics	nan	Bengaluru	"Sol Primero, Outbox Ventures, Nikunj Jain"	Seed Funding	"2,40,000"	Yes
2808	28-05-15	Zoomcar	Self-driven Car rental	nan	Bengaluru	Sequoia Capital	Private Equity	"50,00,000"	Yes
2809	28-05-15	Truweight	Weight Management Service	nan	Hyderabad	Kalaari Capital	Private Equity		No
2810	30-05-15	Ather Energy	Electric Scooter Manufacturer	nan	Bengaluru	Tiger Global	Private Equity	"1,20,00,000"	Yes
2811	03-04-15	Swiggy	Online Food Delivery	nan	Bengaluru	"Accel Partners, SAIF Partners"	Private Equity	"20,00,000"	Yes
2812	04-04-15	Bluegape	Web Content Publishing	nan	Gurgaon	"Rudy Gopalakrishnan, ah! Ventures"	Seed Funding	"2,00,000"	Yes
2813	04-04-15	KeepTrax	Location Based App	nan	Dallas		Seed Funding	"10,00,000"	Yes
2814	06-04-15	InstaLively	Video Streaming	nan	New Delhi	"Rajesh Sawheny , Rajan Anandan, Amit Ranjan, Niraj Singh, AECAL, MeraEvents."	Seed Funding	"1,20,000"	Yes
2815	07-04-15	Pricejugaad	Price Comparison	nan	Hyderabad	"Amit Tyagi, Sandeep Acharya & others"	Seed Funding	"1,65,000"	Yes
2816	07-04-15	Quikr	Online Classifieds	nan	Mumbai	"Tiger Global, Investment AB Kinnevik, Steadview Capital"	Private Equity	"15,00,00,000"	Yes
2817	07-04-15	PressPlay	Travel Entertainment	nan	New Delhi	"Sequoia Capital, Jason Hirschhorn, Jarett Posner, and Amit Bhatiani"	Seed Funding	"22,00,000"	Yes
2818	07-04-15	LogiNext	Logistics Tech	nan	Mumbai	"Ajit Surana, Sanjay Mehta"	Seed Funding		No
2819	08-04-15	FirstCry.com	eCommerce	nan	Pune	"Silicon Valley Ventures, NEA Ventures, Valiant Capital, IDG Ventures India,\\xc2\\xa0 SAIF Partners, Vertex Ventures"	Private Equity	"1,00,00,000"	Yes
2820	08-04-15	MobiKwik	Digital / Mobile Wallet	nan	Gurgaon	"Tree Line Asia, Cisco Investments, American Express, Sequoia Capital"	Private Equity	"2,50,00,000"	Yes
2821	08-04-15	Olacabs	Cab Aggregator	nan	Bengaluru	"DST Global, Steadview Capital, Tiger Global, Accel Partners & Others"	Private Equity	"40,00,00,000"	Yes
2822	09-04-15	Gadgetwood	Device Repair Svcs	nan	New Delhi	"Ajai Chowdhry, Ashvin Chadha, Yogesh Bansal,\\nNitin Singhal & Others"	Seed Funding	"2,00,000"	Yes
2823	09-04-15	Bonhomia	Premium Beverages	nan	New Delhi	"Kanwaljit Singh, Shripad Nadkarni, Sarvesh Shahra & Others"	Seed Funding	"20,00,000"	Yes
2824	09-04-15	Changer Mints	Digital / Mobile Wallet	nan	Kolkata	Hyderabad based investor	Seed Funding	"1,65,000"	Yes
2825	09-04-15	Urban Ladder	Online Furnishing\\neCommerce	nan	Bengaluru	"Sequoia Capital, TR Capital, Steadview Capital, SAIF Partners, Kalaari Capital"	Private Equity	"5,00,00,000"	Yes
2826	09-04-15	Purple Squirrel	Ed-Tech	nan	Mumbai	"Matrix Partners India, India Quotient"	Private Equity		No
2827	10-04-15	Whatfix	Interactive How-To Guides	nan	Bengaluru	"Helion Venture Partner, Powerhouse Ventures, GSF and Other angel investors"	Seed Funding	"9,00,000"	Yes
2828	10-04-15	iMMi Life	Mobile Health Tech	nan	Chennai	Unitus Seed Fund	Seed Funding		No
2829	11-04-15	Zomato	Restaurant Reviews	nan	Gurgaon	Info Edge (India)	Private Equity	"2,50,00,000"	Yes
2830	13-04-15	ZopNow	Online Grocer	nan	Bengaluru	"Dragoneer Investment, Accel Partners, Qualcomm Ventures, Times Internet"	Private Equity	"1,00,00,000"	Yes
2831	13-04-15	Nayi Disha	Ed-Tech	nan	New Delhi	"Ajay Relan,"	Seed Funding	"3,00,000"	Yes
2832	13/04.2015	The Porter	Logistics Tech	nan	Mumbai	Kae Capital	Seed Funding	"5,00,000"	Yes
2833	13-04-15	Commeasure	Online Hotel Booking	nan	Noida	Jungle Ventures	Seed Funding	"10,00,000"	Yes
2834	13-04-15	Capricoast	Online Kitchen Furniture	nan	Bengaluru	Accel Partners India	Seed Funding	"12,50,000"	Yes
2835	14-04-15	LocalOye	Hyper-local Online Services	nan	Mumbai	"Tiger Global Management, Lightspeed Venture Partners"	Private Equity	"50,00,000"	Yes
2836	15-04-15	Grofers	Hyper-Local Online/Mobile Grocery	nan	Gurgaon	"Tiger Global, Sequoia Capital"	Private Equity	"3,50,00,000"	Yes
2837	15-04-15	PepperTap	Hyper-Local Online/Mobile Grocery	nan	Gurgaon	"SAIF Partners, Sequoia Capital"	Private Equity	"1,00,00,000"	Yes
2838	15-04-15	PolicyBazaar	Online Policy Aggregator	nan	Gurgaon	"PremjiInvest, Tiger Global, Ribbit Capital"	Private Equity	"4,00,00,000"	Yes
2839	16-04-15	UrbanClap	Hyperlocal Mobile Services Marketplace	nan	New Delhi	"SAIF Partners, Accel Partners, Kunal Bahl, Rohit Bansal"	Seed Funding	"16,00,000"	Yes
2840	16-04-15	Taskbob	OnDemand\\nMobile Handyman Services	nan	Mumbai	"Orios Venture Partners, Mayfield India"	Seed Funding	"12,00,000"	Yes
2841	17-04-15	Robosoft	Mobile App Development	nan	Udupi	"Ascent Capital, Kalaari Capital"	Private Equity	"1,20,00,000"	Yes
2842	18-04-15	Doormint	On-Demand Handyman Services	nan	Mumbai	Powai Lake Ventures	Seed Funding		No
2843	20-04-15	Vyomo	Beauty & Wellness Mobile App	nan	Gurgaon	YouWeCan Ventures	Seed Funding		No
2844	20-04-15	Pastiwala	Material Collection & Recycling	nan	Vadodara	Agnus Capital	Private Equity	"40,00,000"	Yes
2845	20-04-15	1mg (Healthkartplus)	Online Pharmacy & Drug DB	nan	Gurgaon	"Deep Kalra, Sequoia Capital, Omidyar Network, Intel Capital & Kae Capital"	Private Equity	"60,00,000"	Yes
2846	20-04-15	Freshdesk	Online / Mobile Customer Support	nan	Chennai	"Tiger Global, Google Capital & Accel Partners"	Private Equity	"5,00,00,000"	Yes
2847	20-04-15	Sulekha.com	Online Classifieds & Listings	nan	Chennai	GIC ventures	Private Equity	"2,80,00,000"	Yes
2848	22-04-15	FindYahan	Hyperlocal services marketplace	nan	New Delhi	The Phoenix Fund	Private Equity		No
2849	22-04-15	Eat.Shop.Love	Fashion ECommerce	nan	Bengaluru	Undisclosed Investor	Private Equity	"35,00,000"	Yes
2850	22-04-15	Avanti Learning	Private Coaching Centers	nan	New Delhi	"Michael & Susan Dell Foundation, Pearson Learning Fund"	Private Equity	"15,00,000"	Yes
2851	23-04-15	Simplilearn	Online Certification Courses	nan	Bengaluru	"Mayfield Ventures, Kalaari Capital, Helion Ventures"	Private Equity	"1,50,00,000"	Yes
2852	23-04-15	Craftstvilla	Ethnic Product eCommerce	nan	Mumbai	"Sequoia Capital, Nexus venture Partners, Lightspeed Ventures, GFC"	Private Equity	"1,80,00,000"	Yes
2853	23-04-15	HeadOut	Last Minute Travel Deals mobile marketplace	nan	Bengaluru	"Version One Ventures, 500 Startups, Nexus Venture Partners and Arena Ventures"	Seed Funding	"18,00,000"	Yes
2854	23-04-15	happay	usiness expense management	nan	Bengaluru	AngelPrime	Seed Funding	"5,00,000"	Yes
2855	23-04-15	Jugnoo	Auto Rickshaw based Logistics	nan	Chandigarh	"Rakesh Mathur, Vikas Taneja & others"	Seed Funding	"10,00,000"	Yes
2856	23-04-15	EazyDiner	Restaurant reservation app	nan	New Delhi	"Deepak Shahdadpuri, Gulpreet Kohli"	Seed Funding		No
2857	23-04-15	Phone Warrior	Spam Call block App	nan	New Delhi	Lightspeed Ventures	Seed Funding		No
2858	24-04-15	Coverfox	Online Insurance Aggregator	nan	Mumbai	"Accel US, Accel India, SAIF Partners."	Private Equity	"1,20,00,000"	Yes
2859	27-04-15	Torqus	Restaurant Management Platform	nan	Pune	S S Mukherji & Others	Seed Funding	"3,50,000"	Yes
2860	27-04-15	Grab	Food Logistics & Delivery	nan	Mumbai	"Oliphans Capital, Haresh Chawla"	Seed Funding	"10,00,000"	Yes
2861	27-04-15	LogicRoots	Interactive Educational Games	nan	Jaipur	"Ah! Ventures, Calcutta Angels,\\xc2\\xa0 91SpringBoard"	Seed Funding	"4,00,000"	Yes
2862	27-04-15	GIBBS	Clean Tech	nan	New Delhi	Infuse Ventures fund	Private Equity		No
2863	28-04-15	Babajobs	Grey collar Job Board	nan	Bengaluru	SEEK Ltd & affiliates	Private Equity	"1,00,00,000"	Yes
2864	28-04-15	Urban Ladder	Online Furniture ecommerce	nan	Bengaluru	"Anand Rajaraman, Venky Harinarayan"	Private Equity		No
2865	28-04-15	Jay Robotix	Robotic Program learning	nan	Hyderabad	Cross Border Angels & others	Seed Funding	"2,50,000"	Yes
2866	28-04-15	Naaptol.com	Tele-Shopping / eCommerce	nan	Mumbai	Mitsui & Co & existing investors	Private Equity	"2,15,00,000"	Yes
2867	29-04-15	ReGlobe	Used Gadgets Buy / Refurbishing	nan	Gurgaon	"Bessemer Ventures, Blume Ventures"	Seed Funding	"10,00,000"	Yes
2868	29-04-15	Icertis	Cloud Enterprise Software	nan	Pune	"Greycroft Partners, Fidelity Growth Partners"	Private Equity	"60,00,000"	Yes
2869	29-04-15	Tracxn	Startup Analytics platform	nan	Bengaluru	SAIF Partners	Private Equity	"35,00,000"	Yes
2870	29-04-15	Dazo	Mobile Food Ordering app	nan	Bengaluru	"Sumit Jain, Aprameya Radhakrishna, Alok Goel, Rajan Anandan, Amit Agrawal, Vinay Goel, Gaurav Munjal, Ashish Dev Kapur"	Seed Funding		No
2871	29-04-15	Tradelab	Financial Markets Software	nan	Bengaluru	Rainmatter	Seed Funding	"4,00,000"	Yes
2872	29-04-15	PiQube	Hiring Analytics platform	nan	Chennai	The HR Fund	Seed Funding	"5,00,000"	Yes
2873	29-04-15	Travel Triangle	Online Travel Marketplace	nan	Noida	"Bessemer Venture Partners, SAIF Partners"	Private Equity	"80,00,000"	Yes
2874	02-03-15	TrulyMadly.com	nan	nan	Not Specified	"Helion Venture Partners, Kae Capital"	Private Equity	"55,00,000"	Yes
2875	02-03-15	InstaLively	nan	nan	Not Specified	Group of Angel Investors	Seed Funding	"1,20,000"	Yes
2876	03-03-15	Vserv	nan	nan	Not Specified	"Maverick Capital, IDG Ventures India"	Private Equity	"1,50,00,000"	Yes
2877	03-03-15	Intruo.com	nan	nan	Not Specified	"Ashutosh Lawania, Alok Goel & others"	Seed Funding		No
2878	05-03-15	Niffler	nan	nan	Not Specified	SAIF Partners	Seed Funding	"10,00,000"	Yes
2879	05-03-15	CustomFurnish.com	nan	nan	Not Specified	"Madhukar Gangadi, Satish Reddy, Srini Raju, Srini Koppolu & SIDBI"	Private Equity	"25,00,000"	Yes
2880	06-03-15	MapMyGenome	nan	nan	Not Specified	Rajan Anandan & other angel investors	Private Equity	"12,00,000"	Yes
2881	09-03-15	Crowdfire (formerly Justunfollow)	nan	nan	Not Specified	Kalaari Capital	Private Equity	"25,00,000"	Yes
2882	09-03-15	Bite Club	nan	nan	Not Specified	"Powai Lake Ventures, Aneesh Reddy, Ashish Kashyap, Alok Mittal"	Seed Funding	"5,00,000"	Yes
2883	10-03-15	Localbanya	nan	nan	Not Specified	Shrem Strategies	Private Equity		No
2884	11-03-15	Appedo	nan	nan	Not Specified	Undisclosed Investors	Seed Funding	"10,00,000"	Yes
2885	11-03-15	Fitraq.com	nan	nan	Not Specified	Tarun Arora	Seed Funding	"1,50,000"	Yes
2886	11-03-15	ChargeBee	nan	nan	Not Specified	"Tiger Global, Accel Partners"	Private Equity	"50,00,000"	Yes
2887	11-03-15	Groupon India	nan	nan	Not Specified	Sequoia Capital	Private Equity	"2,00,00,000"	Yes
2888	12-03-15	Process 9	nan	nan	Not Specified	"IAN Ventures, Alok Sharma, Kris Gopalakrishnan, Saurabh Srivastava, Ajai Chowdhry"	Seed Funding		No
2889	12-03-15	MoonFrog Labs	nan	nan	Not Specified	"Tiger Global, Sequoia Capital."	Private Equity	"1,50,00,000"	Yes
2890	13-03-15	Foodpanda	nan	nan	Not Specified	Rocket Internet AG & others	Private Equity	"11,00,00,000"	Yes
2891	13-03-15	Paytm	nan	nan	Not Specified	Ratan Tata	Private Equity		No
2892	13-03-15	DiabetOmics	nan	nan	Not Specified	"VentureEast,\\xc2\\xa0 Varaprasad Reddy"	Private Equity	"50,00,000"	Yes
2893	13-03-15	Qyk	nan	nan	Not Specified	"Powai Lake Ventures, Zishan Hayath, Abhishek Goyal, Sahil Barua"	Seed Funding		No
2894	14-03-15	Daily Rounds	nan	nan	Not Specified	"Kae Capital, GSF, Teruhide Sato"	Seed Funding	"5,00,000"	Yes
2895	14-03-15	Orobind	nan	nan	Not Specified	"Zishaan Hayath, Lalit Mangal, Harpreet Singh Grover"	Seed Funding	"2,00,000"	Yes
2896	14-03-15	Routofy	nan	nan	Not Specified	"Kunal Bahl, Rohit Bansal"	Seed Funding		No
2897	16-03-15	Digital Gorkha	nan	nan	Not Specified	Ramesh kavediya	Seed Funding	"1,66,000"	Yes
2898	16-03-15	NestAway	nan	nan	Not Specified	"IDG Ventures, Naveen Tewari"	Seed Funding	"13,00,000"	Yes
2899	16-03-15	The Better India	nan	nan	Not Specified	I-cube-N	Seed Funding	"1,66,000"	Yes
2900	16-03-15	Meru Cabs	nan	nan	Not Specified	Value Fund Advisors	Private Equity	"5,00,00,000"	Yes
2901	17-03-15	GolfLAN	nan	nan	Not Specified	YourNest Angel Fund	Seed Funding		No
2902	18-03-15	Drivestream	nan	nan	Not Specified	Wipro	Private Equity	"50,00,000"	Yes
2903	18-03-15	wWhere	nan	nan	Not Specified	Group of Angel Investors	Seed Funding	"2,00,000"	Yes
2904	18-03-15	GoJavas	nan	nan	Not Specified	Snapdeal	Private Equity		No
2905	19-03-15	Tripoto	nan	nan	Not Specified	"IDG Ventures, Outbox Ventures"	Private Equity	"20,00,000"	Yes
2906	19-03-15	Graphic India	nan	nan	Not Specified	"CA Media LP,\\xc2\\xa0 Start Media."	Seed Funding	"28,00,000"	Yes
2907	20-03-15	Harness Handitouch	nan	nan	Not Specified	Armat Group	Private Equity		No
2908	20-03-15	Lets Corp	nan	nan	Not Specified	Wu Chay Chin	Seed Funding	"30,00,000"	Yes
2909	20-03-15	CollateBox	nan	nan	Not Specified	LetsVenture	Seed Funding	"1,80,000"	Yes
2910	20-03-15	Mahindra First Choice	nan	nan	Not Specified	Valiant Capital	Private Equity	"1,50,00,000"	Yes
2911	21-03-15	Round One	nan	nan	Not Specified	"HT Media, Arun Duggal"	Seed Funding		No
2912	23-03-15	RazorPay	nan	nan	Not Specified	Y Combinator	Seed Funding	"1,20,000"	Yes
2913	23-03-15	Mosambee	nan	nan	Not Specified	RVCF and SIDBI	Private Equity		No
2914	24-03-15	Furlenco	nan	nan	Not Specified	LightBox Ventures	Private Equity	"60,00,000"	Yes
2915	24-03-15	Cubito	nan	nan	Not Specified	Sol Primero	Seed Funding	"1,60,000"	Yes
2916	25-03-15	Teabox	nan	nan	Not Specified	"JAFCO Asia, Keystone Group, Dragoneer Investment, Accel Partners"	Private Equity	"60,00,000"	Yes
2917	25-03-15	Artoo	nan	nan	Not Specified	"Accion Venture Labs, Rianta Capital"	Private Equity	"5,00,000"	Yes
2918	25-03-15	Fxkart.com	nan	nan	Not Specified	"Dr Mushtaq Shah, Dr Faraz Naqvi"	Seed Funding	"20,00,000"	Yes
2919	25-03-15	Rozgar Mela	nan	nan	Not Specified	"Impact Investment Holding, Upaya Social Ventures"	Seed Funding		No
2920	25-03-15	OYO Rooms	nan	nan	Not Specified	"Greenoaks capital, Sequoia Capital, LightSpeed Ventures"	Private Equity	"2,50,00,000"	Yes
2921	26-03-15	Roposo.com	nan	nan	Not Specified	"Tiger Global Management, Indian Quotient, Binny Bansal"	Private Equity	"50,00,000"	Yes
2922	26-03-15	Teewe	nan	nan	Not Specified	"Sequoia Capital, India Quotient"	Seed Funding	"17,50,000"	Yes
2923	26-03-15	ePoise	nan	nan	Not Specified	Undisclosed	Seed Funding		No
2924	27-03-15	Urjas	nan	nan	Not Specified	Solidarity Venture Capital & others	Seed Funding	"1,00,000"	Yes
2925	27-03-15	Chargein	nan	nan	Not Specified	Pittie Group	Seed Funding	"1,00,000"	Yes
2926	28-03-15	Yogurt Labs	nan	nan	Not Specified	"Nick Adams, Kiran Bhat, Family Pot Investments LLP"	Seed Funding	"1,15,000"	Yes
2927	28-03-15	LimeRoad.com	nan	nan	Not Specified	"Tiger Global, Matrix Partners, Lightspeed Venture Partners"	Private Equity	"3,00,00,000"	Yes
2928	28-03-15	Team Indus	nan	nan	Not Specified	"Nandan Nilekani, Rajiv Mody, Ajai Chowdhary"	Private Equity	"15,00,000"	Yes
2929	30-03-15	Arohan Financial Services	nan	nan	Not Specified	Tano Capital	Private Equity	"1,00,00,000"	Yes
2930	30-03-15	BillDesk	nan	nan	Not Specified	TA Associates	Private Equity	"7,50,00,000"	Yes
2931	31-03-15	Triphobo	nan	nan	Not Specified	"Mayfield Ventures, Kalaari Capital"	Private Equity	"30,00,000"	Yes
2932	31-03-15	Aryaka	nan	nan	Not Specified	"Trinity Ventures, InterWest Partners, Mohr Davidow Ventures, Presidio Ventures"	Private Equity	"1,60,00,000"	Yes
2933	31-03-15	Appsdaily	nan	nan	Not Specified	"Zodius Capital, Ru-Net, Kalaari Capital,\\xc2\\xa0 Qualcomm Ventures"	Private Equity	"1,60,00,000"	Yes
2934	02-02-15	Faaya	nan	nan	Not Specified	Group of Angel Investors	Seed\\nFunding	16600.00	Yes
2935	02-02-15	InstaBounce	nan	nan	Not Specified	Group of Angel Investors	Seed\\nFunding	16600.00	Yes
2936	02-02-15	Chloroplast Foods	nan	nan	Not Specified	Group of Angel Investors	Seed\\nFunding	16600.00	Yes
2937	02-02-15	Dealwithus	nan	nan	Not Specified	Group of Angel Investors	Seed\\nFunding	16600.00	Yes
2938	02-02-15	CleverSharks	nan	nan	Not Specified	Group of Angel Investors	Seed\\nFunding	16600.00	Yes
2939	02-02-15	Leaf	nan	nan	Not Specified	Group of Angel Investors	Seed\\nFunding	16600.00	Yes
2940	02-02-15	SmartPocket	nan	nan	Not Specified	"Sol Primero, Rajiv Mehta"	Seed\\nFunding	"2,50,000"	Yes
2941	02-02-15	Yumist	nan	nan	Not Specified	Orios Venture Partner	Private Equity	"10,00,000"	Yes
2942	02-02-15	NowFloats	nan	nan	Not Specified	Omidyar Network	Private Equity		No
2943	02-02-15	FirstCry	nan	nan	Not Specified	Valiant Capital Partners	Private Equity	"2,60,00,000"	Yes
2944	02-02-15	HolaChef	nan	nan	Not Specified	India Quotient	Seed\\nFunding	"3,25,000"	Yes
2945	03-02-15	Frsh.co.in	nan	nan	Not Specified	"India Quotient, Kae Capital"	Seed\\nFunding	"5,18,000"	Yes
2946	03-02-15	Manthan	nan	nan	Not Specified	"Temasek, Norwest Venture Partners"	Private Equity	"6,00,00,000"	Yes
2947	05-02-15	Kobster.com	nan	nan	Not Specified	Splice Advisors	Seed\\nFunding		No
2948	05-02-15	Culture Machine	nan	nan	Not Specified	"Tiger Global, Times Internet, Zodius Capital"	Private Equity	"1,80,00,000"	Yes
2949	05-02-15	Paytm	nan	nan	Not Specified	Ant Financial Services (Alipay)	Private Equity		No
2950	05-02-15	Aisle.co	nan	nan	Not Specified	"Anand Vijay, Shashank Mehrotra & Others"	Seed\\nFunding	"1,00,000"	Yes
2951	06-02-15	FreeCharge	nan	nan	Not Specified	"Valiant Capital, Tybourne Capital, Sequoia Capital, RuNet and Sofina"	Private Equity	"8,00,00,000"	Yes
2952	06-02-15	NewsHunt	nan	nan	Not Specified	"Falcon Edge Capital, Matrix Partners India, Sequoia Capital India and Omidyar Network"	Private Equity	"4,00,00,000"	Yes
2953	09-02-15	MyNoticePeriod	nan	nan	Not Specified	IDG Ventures	Private Equity	"30,00,000"	Yes
2954	09-02-15	CarDekho.com	nan	nan	Not Specified	Ratan Tata	Private Equity		No
2955	09-02-15	Faaso\\xe2\\x80\\x99s	nan	nan	Not Specified	Lightbox Ventures	Private Equity	"2,00,00,000"	Yes
2956	10-02-15	CarTrade.com	nan	nan	Not Specified	Chip Perry	Private Equity		No
2957	10-02-15	StoreKing	nan	nan	Not Specified	Mangrove Capital Partners	Private Equity		No
2958	11-02-15	Capital Float	nan	nan	Not Specified	"SAIF Partners, Sequoia Capital, Aspada"	Private Equity	"1,30,00,000"	Yes
2959	11-02-15	Nimble Wireless	nan	nan	Not Specified	AngelPrime	Seed\\nFunding	"30,00,000"	Yes
2960	11-02-15	Townscript	nan	nan	Not Specified	Group of Angel Investors	Seed\\nFunding		No
2961	11-02-15	FindYahan	nan	nan	Not Specified	"Karan Bajwa, Parvesh Bareja , Sunjay Kapur, Amanpreet Bajaj"	Seed\\nFunding		No
2962	12-02-15	Stayzilla	nan	nan	Not Specified	"Nexus Venture Partners, Matrix Partners"	Private Equity	"2,00,00,000"	Yes
2963	12-02-15	Practo	nan	nan	Not Specified	"Sequoia Capital, Matrix Partners"	Private Equity	"3,00,00,000"	Yes
2964	13-02-15	CimplyFive	nan	nan	Not Specified	"Suresh Senapaty, TV Mohandas Pai"	Seed\\nFunding		No
2965	13-02-15	20Dresses	nan	nan	Not Specified	"Srinivas Aluri, Srinivas Modukury, BS Nagesh"	Seed\\nFunding	"10,00,000"	Yes
2966	13-02-15	Itzcash	nan	nan	Not Specified	Ashok Goel (promoter)	Private Equity	"1,65,00,000"	Yes
2967	16-02-15	NewsInShorts	nan	nan	Not Specified	"Tiger Global, Rebright Partners, Sachin and Binny Bansal"	Private Equity	"41,50,000"	Yes
2968	16-02-15	iTraveller.com	nan	nan	Not Specified	ah! Ventures	Private Equity	"10,00,000"	Yes
2969	17-02-15	NextGen	nan	nan	Not Specified	Mumbai Angels & Group of other investors	Seed\\nFunding		No
2970	18-02-15	Wooplr.com	nan	nan	Not Specified	Helion Venture Partners	Private Equity	"50,00,000"	Yes
2971	19-05-15	Springleap	nan	nan	Not Specified	Cross Border Angels	Seed\\nFunding	"8,00,000"	Yes
2972	20-02-15	Klip.in	nan	nan	Not Specified	"Calcutta Angels, Venture Nursery Angels Mumbai Angels"	Seed\\nFunding	"5,00,000"	Yes
2973	20-02-15	Renderlogy	nan	nan	Not Specified	Brick Eagle	Private Equity	"16,00,000"	Yes
2974	21-02-15	Appbase	nan	nan	Not Specified	"DA-IICT, Techstars, Carnegie Mellon University, Startup Brasil program"	Seed\\nFunding	"2,90,000"	Yes
2975	23-02-15	HomeLane	nan	nan	Not Specified	"Sequoia Capital, Ranjan Pai, Mohandas Pai & others"	Private Equity	"45,00,000"	Yes
2976	23-02-15	Trip38	nan	nan	Not Specified	"InterGlobe Technology Quotient, Lantern Capital"	Private Equity	"10,00,000"	Yes
2977	23-02-15	Smartairtrip.com	nan	nan	Not Specified	Undisclosed	Private Equity	"1,00,00,000"	Yes
2978	23-02-15	NoBroker	nan	nan	Not Specified	"SAIF Partners, Fulcrum Ventures"	Private Equity	"30,00,000"	Yes
2979	24-02-15	Caravan Craft Retail	nan	nan	Not Specified	"Unitus Seed Fund\\nNarayan Ramachandran, Bijou Kurien"	Seed\\nFunding	"5,00,000"	Yes
2980	25-02-15	SquadRun	nan	nan	Not Specified	"Amit Ranjan, Deepinder Goyal, Zishaan Hayath, Powai Lake Ventures"	Seed\\nFunding		No
2981	25-02-15	Clonect Solutions	nan	nan	Not Specified	"V Balakrishnan, T V Mohandas Pai, BC Prabhakar"	Seed\\nFunding	"2,50,000"	Yes
2982	25-02-15	TaxSutra	nan	nan	Not Specified	"V Balakrishnan, T V Mohandas Pai"	Seed\\nFunding	"1,60,000"	Yes
2983	25-02-15	PepperTap	nan	nan	Not Specified	Sequoia Capital	Seed\\nFunding		No
2984	25-02-15	Sattviko	nan	nan	Not Specified	"Sumit Jain, Rajat Jain, Sanjay Bhasin"	Seed\\nFunding	"3,20,000"	Yes
2985	25-02-15	IndustryBuying	nan	nan	Not Specified	SAIF Partners	Private Equity	"20,00,000"	Yes
2986	26-02-15	FreshWorld	nan	nan	Not Specified	"Kris Gopalakrishnan, Nagaraja Prakasam"	Seed\\nFunding		No
2987	26-02-15	TinyOwl	nan	nan	Not Specified	"Matrix Partners, Sequoia Capital, Nexus Venture Partners"	Private Equity	"1,60,00,000"	Yes
2988	27-02-15	Momoe	nan	nan	Not Specified	"IDG Ventures India, Jungle Ventures, India Quotient."	Seed\\nFunding	"12,00,000"	Yes
2989	27-02-15	Grofers	nan	nan	Not Specified	"Tiger Global Management, Sequoia Capital India"	Private Equity	"1,00,00,000"	Yes
2990	02-01-15	LensKart	nan	nan	Not Specified	"TPG Growth, TR Capital, IDG Ventures"	Private Equity	"21,50,000"	Yes
2991	02-01-15	VioletStreet	nan	nan	Not Specified	"Venkat Vallabhneni, Sudhakar Reddy, Srinivasa Rao Paturi"	Seed\\nFunding	"3,15,000"	Yes
2992	05-01-15	Lookup	nan	nan	Not Specified	"DeNA Co., Japan & Teruhide Sato (in Addition to MKS Switzerland & Kris GopalKrishnan)"	Seed\\nFunding	"3,80,000"	Yes
2993	05-01-15	#Fame	nan	nan	Not Specified	TO THE NEW Ventures	Private Equity	"1,00,00,000"	Yes
2994	05-01-15	Gympik	nan	nan	Not Specified	"Tom Clausen, Rohan Ajila, Haldyn Glass"	Seed Funding	"1,35,000"	Yes
2995	06-01-15	Near.in	nan	nan	Not Specified	"Anupam Mittal, Manish Vij, Prashant Tandon, Gaurav Agarwal, Akash Agarwal, Himanshu Aggarwal, Kevin Parikh"	Seed Funding	"2,85,000"	Yes
2996	06-01-15	Purplle.com	nan	nan	Not Specified	IvyCap Ventures	Private Equity		No
2997	06-01-15	NumberMall	nan	nan	Not Specified	SRI Capital	Private Equity	"1,00,00,000"	Yes
2998	06-01-15	Tookitaki	nan	nan	Not Specified	"Jungle Ventures, Redbright Partners, Blume Ventures"	Private\\nEquity	"10,00,000"	Yes
2999	06-01-15	Frankly	nan	nan	Not Specified	Matrix Partners	Seed Funding	"6,00,000"	Yes
3000	07-01-15	Faircent	nan	nan	Not Specified	"Devesh Sachdev, Ashish Tiwari"	Seed Funding		No
3001	07-01-15	Nurturey	nan	nan	Not Specified	Seedrs Crowd funding platform	Crowd funding	"1,25,000"	Yes
3002	07-01-15	Bewakoof	nan	nan	Not Specified	"Rohit Bansal, Kunal Bahl, Nikhil Vora"	Seed Funding		No
3003	07-01-15	Stridalyzer	nan	nan	Not Specified	Kickstarter	Crowd Funding	30768.00	Yes
3004	07-01-15	Commonfloor	nan	nan	Not Specified	Google Capital	Private Equity	"50,00,000"	Yes
3005	09-01-15	Sokrati	nan	nan	Not Specified	"IvyCap Ventures, Inventus Capital"	Private Equity		No
3006	09-01-15	YepMe	nan	nan	Not Specified	"JS Capital, Helion Venture Partners, Capricorn Investment Group"	Private Equity	"1,30,00,000"	Yes
3007	09-01-15	TapCibo	nan	nan	Not Specified	Alok Goel	Seed Funding		No
3008	12-01-15	Verayu	nan	nan	Not Specified	"GWB Group, Blume Ventures"	Private Equity		No
3009	12-01-15	MyDreamStore	nan	nan	Not Specified	Undisclosed Investors	Seed Funding	"2,90,000"	Yes
3010	13-01-15	AppVirality	nan	nan	Not Specified	"Rajan Anandan, Mike Galgon, Ashim Mehra, Mohit Saxena, Ravi Gururaj, TNN Capital & IIG"	Seed Funding		No
3011	14-01-15	RateGain	nan	nan	Not Specified	TA Associates	Private Equity	"5,00,00,000"	Yes
3012	15/01.2015	Wishberry	nan	nan	Not Specified	"Rajan Anandan, Shankar Mahadevan, Deep Kalra & Others"	Seed Funding	"6,50,000"	Yes
3013	16-01-15	eKincare	nan	nan	Not Specified	Adroitent Pvt. Ltd.	Seed Funding	"1,61,000"	Yes
3014	18-01-15	ShopClues	nan	nan	Not Specified	Tiger Global & Other investors	Private Equity	"10,00,00,000"	Yes
3015	19-01-15	Refiral	nan	nan	Not Specified	Cogent E Services	Seed Funding	"3,30,000"	Yes
3016	19-01-15	Ping Digital	nan	nan	Not Specified	Consortium of Angel Investors	Seed Funding		No
3017	19-01-15	HealthyWorld.in	nan	nan	Not Specified	Group of Angel Investors	Seed Funding	"2,00,000"	Yes
3018	19-01-15	Hostel Dunia	nan	nan	Not Specified	Hyderabad Angels (at Startup Heroes event)	Seed Funding	16000.00	Yes
3019	19-01-15	Play your sport	nan	nan	Not Specified	Hyderabad Angels (at Startup Heroes event)	Seed Funding	16000.00	Yes
3020	19-01-15	Yo Grad	nan	nan	Not Specified	Hyderabad Angels (at Startup Heroes event)	Seed Funding	16000.00	Yes
3021	19-01-15	Enabli	nan	nan	Not Specified	Hyderabad Angels (at Startup Heroes event)	Seed Funding	16000.00	Yes
3022	19-01-15	CBS	nan	nan	Not Specified	Hyderabad Angels (at Startup Heroes event)	Seed Funding	16000.00	Yes
3023	20-01-15	Hopscotch	nan	nan	Not Specified	Eduardo Saverin & Velos Capital	Private Equity	"1,10,00,000"	Yes
3024	20-01-15	Amagi Media Labs	nan	nan	Not Specified	Premji Invest & Mayfield Fund	Private Equity		No
3025	20-01-15	HealthyWorld.in	nan	nan	Not Specified	Group of Angel Investors	Seed Funding	"2,00,000"	Yes
3026	21-01-15	Simplilearn	nan	nan	Not Specified	"Mayfield India, Kalaari Capital, Helion Ventures"	Private Equity	"1,47,50,000"	Yes
3027	21-01-15	MyDreamStore	nan	nan	Not Specified	Undisclosed Investors	Seed Funding	"3,25,000"	Yes
3028	21-05-15	Knit	nan	nan	Not Specified	"Rohit Jain, Amit Rambhia & Others"	Seed Funding		No
3029	21-05-15	Villgro	nan	nan	Not Specified	Michael & Susan Dell Foundation	Seed Funding	"32,50,000"	Yes
3030	22/01//2015	Corporate360	nan	nan	Not Specified	Group of Angel Investors	Seed Funding	"2,00,000"	Yes
3031	22-01-15	Freshmonk	nan	nan	Not Specified	"August Capital Partners, Michael Blakey"	Seed Funding		No
3032	22-01-15	Englishleap.com	nan	nan	Not Specified	ANALEC	Private Equity		No
3033	22-01-15	Antuit	nan	nan	Not Specified	"Goldman Sachs, Zodius Capital"	Private Equity	"5,60,00,000"	Yes
3034	22-01-15	Caratlane.com	nan	nan	Not Specified	Tiger Global	Private Equity	"3,10,00,000"	Yes
3035	24-01-15	Aasaanjobs	nan	nan	Not Specified	"Inventus Capital Partners, IDG Ventures"	Seed Funding	"15,00,000"	Yes
3036	24-01-15	Impartus	nan	nan	Not Specified	Kaizen Private Equity	Private Equity		No
3037	25-01-15	Thrill App	nan	nan	Not Specified	People Group (Shaadi.com)	Private Equity	"10,00,000"	Yes
3038	27-01-15	CarDekho.com	nan	nan	Not Specified	"Hillhouse Capital, Tybourne Capital"	Private Equity	"5,00,00,000"	Yes
3039	28-01-15	Grabhouse.com	nan	nan	Not Specified	"Kalaari Capital, Sequoia Capital"	Private Equity	"25,00,000"	Yes
3040	29-01-15	Printvenue	nan	nan	Not Specified	Asia Pacific Internet Group	Private Equity	"45,00,000"	Yes
3041	29-01-15	Graphene	nan	nan	Not Specified	KARSEMVEN Fund	Private Equity	"8,25,000"	Yes
3042	30-01-15	Mad Street Den	nan	nan	Not Specified	"Exfinity Fund, GrowX Ventures."	Private Equity	"15,00,000"	Yes
3043	30-01-15	Simplotel	nan	nan	Not Specified	MakeMyTrip	Private Equity		No
3044	31-01-15	couponmachine.in	nan	nan	Not Specified	UK based Group of Angel Investors	Seed Funding	"1,40,000"	Yes
